<?xml version="1.0" encoding="UTF-8"?>
<AssetDeclaration
	xmlns="uri:ea.com:eala:asset"
	xmlns:xsi="http://www.w3.org/2001/XMLSchema-instance">
	<Tags/>
	<Includes>
		<Include
			source="DATA:static.xml"
			type="reference"/>
		<Include
			source="DATA:global.xml"
			type="reference"/>
		<Include
			source="ART:EVDefault.xml"
			type="instance"/>
		<Include
			source="ART:TSCloudMed.xml"
			type="instance"/>
		<Include
			source="ART:TSNoiseUrb.xml"
			type="instance"/>
		<Include
			source="DATA:GlobalData/roads.xml"
			type="instance"/>
		<Include
			source="DATA:civilian/units/cuauto01.xml"
			type="instance"/>
		<Include
			source="DATA:civilian/washington_dc_dc/buildings/dcbgate01.xml"
			type="instance"/>
		<Include
			source="DATA:civilian/washington_dc_dc/buildings/dcbmaglv07.xml"
			type="instance"/>
		<Include
			source="DATA:civilian/washington_dc_dc/buildings/dcbrad01.xml"
			type="instance"/>
		<Include
			source="DATA:civilian/washington_dc_dc/props/dcpstrli07.xml"
			type="instance"/>
		<Include
			source="DATA:nod/structures_singleplayercampaign/nsstrongholdbuilding2.xml"
			type="instance"/>
		<Include
			source="DATA:sounds/musicscript_unknownzone.xml"
			type="instance"/>
		<Include
			source="overrides.xml"
			type="all"/>
	</Includes>
	<GameMap
		id="MetaModArena1">
		<Waypoint
			id="Waypoint 13">
			<Position
				x="880.561"
				y="881.364"
				z="0"/>
		</Waypoint>
		<Waypoint
			id="Waypoint 12">
			<Position
				x="880.319"
				y="640.417"
				z="0"/>
		</Waypoint>
		<Waypoint
			id="Waypoint 11">
			<Position
				x="640.378"
				y="640.89"
				z="0"/>
		</Waypoint>
		<Waypoint
			id="Waypoint 10">
			<Position
				x="638.318"
				y="880.742"
				z="0"/>
		</Waypoint>
		<Waypoint
			id="Player_8_Start">
			<Position
				x="160"
				y="160"
				z="0"/>
		</Waypoint>
		<Waypoint
			id="Player_7_Start">
			<Position
				x="160"
				y="760"
				z="0"/>
		</Waypoint>
		<Waypoint
			id="Player_6_Start">
			<Position
				x="160"
				y="1360"
				z="0"/>
		</Waypoint>
		<Waypoint
			id="Player_5_Start">
			<Position
				x="760"
				y="1360"
				z="0"/>
		</Waypoint>
		<Waypoint
			id="METAMOD_NAOD_SPAWN_WAYPOINT_OPTIONAL">
			<Position
				x="760"
				y="760"
				z="0"/>
		</Waypoint>
		<Waypoint
			id="Player_4_Start">
			<Position
				x="1360"
				y="1360"
				z="0"/>
		</Waypoint>
		<Waypoint
			id="Player_3_Start">
			<Position
				x="1360"
				y="760"
				z="0"/>
		</Waypoint>
		<Waypoint
			id="Player_2_Start">
			<Position
				x="1360"
				y="160"
				z="0"/>
		</Waypoint>
		<Waypoint
			id="Player_1_Start">
			<Position
				x="760"
				y="160"
				z="0"/>
		</Waypoint>
		<Structure
			Angle="0.667039"
			EventList=""
			Faction="PlyrCivilian/teamPlyrCivilian"
			Health="100"
			Team="PlyrCivilian"
			ThingTemplate="DCBGate01"
			id="DCBGATE01">
			<Position
				x="411.108"
				y="406.184"
				z="3.125"/>
		</Structure>
		<Structure
			Angle="-3.11814"
			EventList=""
			Faction="PlyrCivilian/teamPlyrCivilian"
			Health="100"
			Team="PlyrCivilian"
			ThingTemplate="DCBGate01"
			id="DCBGATE01">
			<Position
				x="358.553"
				y="756.147"
				z="3.125"/>
		</Structure>
		<Structure
			Angle="2.3214"
			EventList=""
			Faction="PlyrCivilian/teamPlyrCivilian"
			Health="100"
			Team="PlyrCivilian"
			ThingTemplate="DCBGate01"
			id="DCBGATE01">
			<Position
				x="410.566"
				y="1104.68"
				z="3.125"/>
		</Structure>
		<Structure
			Angle="1.57354"
			EventList=""
			Faction="PlyrCivilian/teamPlyrCivilian"
			Health="100"
			Team="PlyrCivilian"
			ThingTemplate="DCBGate01"
			id="DCBGATE01">
			<Position
				x="761.936"
				y="1148.31"
				z="3.125"/>
		</Structure>
		<Structure
			Angle="0.667039"
			EventList=""
			Faction="PlyrCivilian/teamPlyrCivilian"
			Health="100"
			Team="PlyrCivilian"
			ThingTemplate="DCBGate01"
			id="DCBGATE01">
			<Position
				x="1112.39"
				y="1101.74"
				z="3.125"/>
		</Structure>
		<Structure
			Angle="-0.0142204"
			EventList=""
			Faction="PlyrCivilian/teamPlyrCivilian"
			Health="100"
			Team="PlyrCivilian"
			ThingTemplate="DCBGate01"
			id="DCBGATE01">
			<Position
				x="1161.88"
				y="767.073"
				z="3.125"/>
		</Structure>
		<Structure
			Angle="-0.896924"
			EventList=""
			Faction="PlyrCivilian/teamPlyrCivilian"
			Health="100"
			Team="PlyrCivilian"
			ThingTemplate="DCBGate01"
			id="DCBGATE01">
			<Position
				x="1112.08"
				y="409.326"
				z="3.125"/>
		</Structure>
		<Structure
			Angle="-1.55643"
			EventList=""
			Faction="PlyrCivilian/teamPlyrCivilian"
			Health="100"
			Team="PlyrCivilian"
			ThingTemplate="DCBGate01"
			id="DCBGATE01">
			<Position
				x="752.721"
				y="354.834"
				z="3.125"/>
		</Structure>
		<Structure
			Angle="0"
			EventList=""
			Faction="PlyrCivilian/teamPlyrCivilian"
			Health="100"
			Team="PlyrCivilian"
			ThingTemplate="DCPStrLi07"
			id="DCPSTRLI07">
			<Position
				x="357.346"
				y="593.207"
				z="43"/>
		</Structure>
		<Structure
			Angle="0"
			EventList=""
			Faction="PlyrCivilian/teamPlyrCivilian"
			Health="100"
			Team="PlyrCivilian"
			ThingTemplate="DCPStrLi07"
			id="DCPSTRLI07">
			<Position
				x="583.821"
				y="356.374"
				z="43"/>
		</Structure>
		<Structure
			Angle="0"
			EventList=""
			Faction="PlyrCivilian/teamPlyrCivilian"
			Health="100"
			Team="PlyrCivilian"
			ThingTemplate="DCPStrLi07"
			id="DCPSTRLI07">
			<Position
				x="937.74"
				y="356.475"
				z="43"/>
		</Structure>
		<Structure
			Angle="0"
			EventList=""
			Faction="PlyrCivilian/teamPlyrCivilian"
			Health="100"
			Team="PlyrCivilian"
			ThingTemplate="DCPStrLi07"
			id="DCPSTRLI07">
			<Position
				x="1156.39"
				y="568.331"
				z="43"/>
		</Structure>
		<Structure
			Angle="0"
			EventList=""
			Faction="PlyrCivilian/teamPlyrCivilian"
			Health="100"
			Team="PlyrCivilian"
			ThingTemplate="DCPStrLi07"
			id="DCPSTRLI07">
			<Position
				x="1158.79"
				y="902.118"
				z="43"/>
		</Structure>
		<Structure
			Angle="0"
			EventList=""
			Faction="PlyrCivilian/teamPlyrCivilian"
			Health="100"
			Team="PlyrCivilian"
			ThingTemplate="DCPStrLi07"
			id="DCPSTRLI07">
			<Position
				x="953.758"
				y="1149.94"
				z="43"/>
		</Structure>
		<Structure
			Angle="0"
			EventList=""
			Faction="PlyrCivilian/teamPlyrCivilian"
			Health="100"
			Team="PlyrCivilian"
			ThingTemplate="DCPStrLi07"
			id="DCPSTRLI07">
			<Position
				x="356.356"
				y="912.655"
				z="43"/>
		</Structure>
		<Structure
			Angle="0.00582945"
			EventList=""
			Faction="PlyrCivilian/teamPlyrCivilian"
			Health="100"
			Team="PlyrCivilian"
			ThingTemplate="NOD_StrongholdBuilding2"
			id="NOD_StrongholdBuilding2">
			<Position
				x="998.71"
				y="1144.41"
				z="0"/>
		</Structure>
		<Structure
			Angle="-3.14095"
			EventList=""
			Faction="PlyrCivilian/teamPlyrCivilian"
			Health="100"
			Team="PlyrCivilian"
			ThingTemplate="NOD_StrongholdBuilding2"
			id="NOD_StrongholdBuilding2">
			<Position
				x="998.83"
				y="1159.39"
				z="0"/>
		</Structure>
		<Structure
			Angle="0.00582945"
			EventList=""
			Faction="PlyrCivilian/teamPlyrCivilian"
			Health="100"
			Team="PlyrCivilian"
			ThingTemplate="NOD_StrongholdBuilding2"
			id="NOD_StrongholdBuilding2">
			<Position
				x="842.94"
				y="1143.64"
				z="0"/>
		</Structure>
		<Structure
			Angle="0.00582945"
			EventList=""
			Faction="PlyrCivilian/teamPlyrCivilian"
			Health="100"
			Team="PlyrCivilian"
			ThingTemplate="NOD_StrongholdBuilding2"
			id="NOD_StrongholdBuilding2">
			<Position
				x="920.787"
				y="1144.03"
				z="0"/>
		</Structure>
		<Structure
			Angle="-3.14095"
			EventList=""
			Faction="PlyrCivilian/teamPlyrCivilian"
			Health="100"
			Team="PlyrCivilian"
			ThingTemplate="NOD_StrongholdBuilding2"
			id="NOD_StrongholdBuilding2">
			<Position
				x="843.037"
				y="1158.89"
				z="0"/>
		</Structure>
		<Structure
			Angle="-3.14095"
			EventList=""
			Faction="PlyrCivilian/teamPlyrCivilian"
			Health="100"
			Team="PlyrCivilian"
			ThingTemplate="NOD_StrongholdBuilding2"
			id="NOD_StrongholdBuilding2">
			<Position
				x="920.908"
				y="1159.01"
				z="0"/>
		</Structure>
		<Structure
			Angle="0.00582945"
			EventList=""
			Faction="PlyrCivilian/teamPlyrCivilian"
			Health="100"
			Team="PlyrCivilian"
			ThingTemplate="NOD_StrongholdBuilding2"
			id="NOD_StrongholdBuilding2">
			<Position
				x="684.56"
				y="1148.22"
				z="0"/>
		</Structure>
		<Structure
			Angle="-3.14095"
			EventList=""
			Faction="PlyrCivilian/teamPlyrCivilian"
			Health="100"
			Team="PlyrCivilian"
			ThingTemplate="NOD_StrongholdBuilding2"
			id="NOD_StrongholdBuilding2">
			<Position
				x="684.68"
				y="1163.2"
				z="0"/>
		</Structure>
		<Structure
			Angle="0.00582945"
			EventList=""
			Faction="PlyrCivilian/teamPlyrCivilian"
			Health="100"
			Team="PlyrCivilian"
			ThingTemplate="NOD_StrongholdBuilding2"
			id="NOD_StrongholdBuilding2">
			<Position
				x="528.79"
				y="1147.46"
				z="0"/>
		</Structure>
		<Structure
			Angle="0.00582945"
			EventList=""
			Faction="PlyrCivilian/teamPlyrCivilian"
			Health="100"
			Team="PlyrCivilian"
			ThingTemplate="NOD_StrongholdBuilding2"
			id="NOD_StrongholdBuilding2">
			<Position
				x="606.637"
				y="1147.85"
				z="0"/>
		</Structure>
		<Structure
			Angle="-3.14095"
			EventList=""
			Faction="PlyrCivilian/teamPlyrCivilian"
			Health="100"
			Team="PlyrCivilian"
			ThingTemplate="NOD_StrongholdBuilding2"
			id="NOD_StrongholdBuilding2">
			<Position
				x="528.887"
				y="1162.7"
				z="0"/>
		</Structure>
		<Structure
			Angle="-3.14095"
			EventList=""
			Faction="PlyrCivilian/teamPlyrCivilian"
			Health="100"
			Team="PlyrCivilian"
			ThingTemplate="NOD_StrongholdBuilding2"
			id="NOD_StrongholdBuilding2">
			<Position
				x="606.758"
				y="1162.82"
				z="0"/>
		</Structure>
		<Structure
			Angle="1.58497"
			EventList=""
			Faction="PlyrCivilian/teamPlyrCivilian"
			Health="100"
			Team="PlyrCivilian"
			ThingTemplate="NOD_StrongholdBuilding2"
			id="NOD_StrongholdBuilding2">
			<Position
				x="1162.98"
				y="672.473"
				z="0"/>
		</Structure>
		<Structure
			Angle="-1.56181"
			EventList=""
			Faction="PlyrCivilian/teamPlyrCivilian"
			Health="100"
			Team="PlyrCivilian"
			ThingTemplate="NOD_StrongholdBuilding2"
			id="NOD_StrongholdBuilding2">
			<Position
				x="1148.01"
				y="672.468"
				z="0"/>
		</Structure>
		<Structure
			Angle="1.58497"
			EventList=""
			Faction="PlyrCivilian/teamPlyrCivilian"
			Health="100"
			Team="PlyrCivilian"
			ThingTemplate="NOD_StrongholdBuilding2"
			id="NOD_StrongholdBuilding2">
			<Position
				x="1165.05"
				y="516.714"
				z="0"/>
		</Structure>
		<Structure
			Angle="1.58497"
			EventList=""
			Faction="PlyrCivilian/teamPlyrCivilian"
			Health="100"
			Team="PlyrCivilian"
			ThingTemplate="NOD_StrongholdBuilding2"
			id="NOD_StrongholdBuilding2">
			<Position
				x="1164.01"
				y="594.556"
				z="0"/>
		</Structure>
		<Structure
			Angle="-1.56181"
			EventList=""
			Faction="PlyrCivilian/teamPlyrCivilian"
			Health="100"
			Team="PlyrCivilian"
			ThingTemplate="NOD_StrongholdBuilding2"
			id="NOD_StrongholdBuilding2">
			<Position
				x="1149.81"
				y="516.684"
				z="0"/>
		</Structure>
		<Structure
			Angle="-1.56181"
			EventList=""
			Faction="PlyrCivilian/teamPlyrCivilian"
			Health="100"
			Team="PlyrCivilian"
			ThingTemplate="NOD_StrongholdBuilding2"
			id="NOD_StrongholdBuilding2">
			<Position
				x="1149.03"
				y="594.551"
				z="0"/>
		</Structure>
		<Structure
			Angle="-1.55696"
			EventList=""
			Faction="PlyrCivilian/teamPlyrCivilian"
			Health="100"
			Team="PlyrCivilian"
			ThingTemplate="NOD_StrongholdBuilding2"
			id="NOD_StrongholdBuilding2">
			<Position
				x="1152.48"
				y="828.797"
				z="0"/>
		</Structure>
		<Structure
			Angle="1.57944"
			EventList=""
			Faction="PlyrCivilian/teamPlyrCivilian"
			Health="100"
			Team="PlyrCivilian"
			ThingTemplate="NOD_StrongholdBuilding2"
			id="NOD_StrongholdBuilding2">
			<Position
				x="1167.46"
				y="828.797"
				z="0"/>
		</Structure>
		<Structure
			Angle="-1.55696"
			EventList=""
			Faction="PlyrCivilian/teamPlyrCivilian"
			Health="100"
			Team="PlyrCivilian"
			ThingTemplate="NOD_StrongholdBuilding2"
			id="NOD_StrongholdBuilding2">
			<Position
				x="1150.47"
				y="984.556"
				z="0"/>
		</Structure>
		<Structure
			Angle="-1.55696"
			EventList=""
			Faction="PlyrCivilian/teamPlyrCivilian"
			Health="100"
			Team="PlyrCivilian"
			ThingTemplate="NOD_StrongholdBuilding2"
			id="NOD_StrongholdBuilding2">
			<Position
				x="1151.48"
				y="906.714"
				z="0"/>
		</Structure>
		<Structure
			Angle="1.57944"
			EventList=""
			Faction="PlyrCivilian/teamPlyrCivilian"
			Health="100"
			Team="PlyrCivilian"
			ThingTemplate="NOD_StrongholdBuilding2"
			id="NOD_StrongholdBuilding2">
			<Position
				x="1165.72"
				y="984.581"
				z="0"/>
		</Structure>
		<Structure
			Angle="1.57944"
			EventList=""
			Faction="PlyrCivilian/teamPlyrCivilian"
			Health="100"
			Team="PlyrCivilian"
			ThingTemplate="NOD_StrongholdBuilding2"
			id="NOD_StrongholdBuilding2">
			<Position
				x="1166.46"
				y="906.714"
				z="0"/>
		</Structure>
		<Structure
			Angle="1.57762"
			EventList=""
			Faction="PlyrCivilian/teamPlyrCivilian"
			Health="100"
			Team="PlyrCivilian"
			ThingTemplate="NOD_StrongholdBuilding2"
			id="NOD_StrongholdBuilding2">
			<Position
				x="368.449"
				y="526.403"
				z="0"/>
		</Structure>
		<Structure
			Angle="-1.56916"
			EventList=""
			Faction="PlyrCivilian/teamPlyrCivilian"
			Health="100"
			Team="PlyrCivilian"
			ThingTemplate="NOD_StrongholdBuilding2"
			id="NOD_StrongholdBuilding2">
			<Position
				x="353.471"
				y="526.508"
				z="0"/>
		</Structure>
		<Structure
			Angle="-1.55696"
			EventList=""
			Faction="PlyrCivilian/teamPlyrCivilian"
			Health="100"
			Team="PlyrCivilian"
			ThingTemplate="NOD_StrongholdBuilding2"
			id="NOD_StrongholdBuilding2">
			<Position
				x="352.728"
				y="824.003"
				z="0"/>
		</Structure>
		<Structure
			Angle="1.57944"
			EventList=""
			Faction="PlyrCivilian/teamPlyrCivilian"
			Health="100"
			Team="PlyrCivilian"
			ThingTemplate="NOD_StrongholdBuilding2"
			id="NOD_StrongholdBuilding2">
			<Position
				x="367.707"
				y="824.003"
				z="0"/>
		</Structure>
		<Structure
			Angle="1.57762"
			EventList=""
			Faction="PlyrCivilian/teamPlyrCivilian"
			Health="100"
			Team="PlyrCivilian"
			ThingTemplate="NOD_StrongholdBuilding2"
			id="NOD_StrongholdBuilding2">
			<Position
				x="367.099"
				y="681.962"
				z="0"/>
		</Structure>
		<Structure
			Angle="1.57762"
			EventList=""
			Faction="PlyrCivilian/teamPlyrCivilian"
			Health="100"
			Team="PlyrCivilian"
			ThingTemplate="NOD_StrongholdBuilding2"
			id="NOD_StrongholdBuilding2">
			<Position
				x="367.655"
				y="604.203"
				z="0"/>
		</Structure>
		<Structure
			Angle="-1.56916"
			EventList=""
			Faction="PlyrCivilian/teamPlyrCivilian"
			Health="100"
			Team="PlyrCivilian"
			ThingTemplate="NOD_StrongholdBuilding2"
			id="NOD_StrongholdBuilding2">
			<Position
				x="353.1"
				y="604.075"
				z="0"/>
		</Structure>
		<Structure
			Angle="-1.56916"
			EventList=""
			Faction="PlyrCivilian/teamPlyrCivilian"
			Health="100"
			Team="PlyrCivilian"
			ThingTemplate="NOD_StrongholdBuilding2"
			id="NOD_StrongholdBuilding2">
			<Position
				x="352.97"
				y="681.871"
				z="0"/>
		</Structure>
		<Structure
			Angle="-1.55696"
			EventList=""
			Faction="PlyrCivilian/teamPlyrCivilian"
			Health="100"
			Team="PlyrCivilian"
			ThingTemplate="NOD_StrongholdBuilding2"
			id="NOD_StrongholdBuilding2">
			<Position
				x="350.714"
				y="979.762"
				z="0"/>
		</Structure>
		<Structure
			Angle="-1.55696"
			EventList=""
			Faction="PlyrCivilian/teamPlyrCivilian"
			Health="100"
			Team="PlyrCivilian"
			ThingTemplate="NOD_StrongholdBuilding2"
			id="NOD_StrongholdBuilding2">
			<Position
				x="351.727"
				y="901.92"
				z="0"/>
		</Structure>
		<Structure
			Angle="1.57944"
			EventList=""
			Faction="PlyrCivilian/teamPlyrCivilian"
			Health="100"
			Team="PlyrCivilian"
			ThingTemplate="NOD_StrongholdBuilding2"
			id="NOD_StrongholdBuilding2">
			<Position
				x="365.961"
				y="979.787"
				z="0"/>
		</Structure>
		<Structure
			Angle="1.57944"
			EventList=""
			Faction="PlyrCivilian/teamPlyrCivilian"
			Health="100"
			Team="PlyrCivilian"
			ThingTemplate="NOD_StrongholdBuilding2"
			id="NOD_StrongholdBuilding2">
			<Position
				x="366.706"
				y="901.92"
				z="0"/>
		</Structure>
		<Structure
			Angle="0.00354417"
			EventList=""
			Faction="PlyrCivilian/teamPlyrCivilian"
			Health="100"
			Team="PlyrCivilian"
			ThingTemplate="NOD_StrongholdBuilding2"
			id="NOD_StrongholdBuilding2">
			<Position
				x="834.222"
				y="350.36"
				z="0"/>
		</Structure>
		<Structure
			Angle="3.13995"
			EventList=""
			Faction="PlyrCivilian/teamPlyrCivilian"
			Health="100"
			Team="PlyrCivilian"
			ThingTemplate="NOD_StrongholdBuilding2"
			id="NOD_StrongholdBuilding2">
			<Position
				x="834.376"
				y="365.338"
				z="0"/>
		</Structure>
		<Structure
			Angle="0.00582945"
			EventList=""
			Faction="PlyrCivilian/teamPlyrCivilian"
			Health="100"
			Team="PlyrCivilian"
			ThingTemplate="NOD_StrongholdBuilding2"
			id="NOD_StrongholdBuilding2">
			<Position
				x="675.593"
				y="351.506"
				z="0"/>
		</Structure>
		<Structure
			Angle="-3.14095"
			EventList=""
			Faction="PlyrCivilian/teamPlyrCivilian"
			Health="100"
			Team="PlyrCivilian"
			ThingTemplate="NOD_StrongholdBuilding2"
			id="NOD_StrongholdBuilding2">
			<Position
				x="675.713"
				y="366.484"
				z="0"/>
		</Structure>
		<Structure
			Angle="0.00354417"
			EventList=""
			Faction="PlyrCivilian/teamPlyrCivilian"
			Health="100"
			Team="PlyrCivilian"
			ThingTemplate="NOD_StrongholdBuilding2"
			id="NOD_StrongholdBuilding2">
			<Position
				x="989.784"
				y="351.2"
				z="0"/>
		</Structure>
		<Structure
			Angle="0.00354417"
			EventList=""
			Faction="PlyrCivilian/teamPlyrCivilian"
			Health="100"
			Team="PlyrCivilian"
			ThingTemplate="NOD_StrongholdBuilding2"
			id="NOD_StrongholdBuilding2">
			<Position
				x="912.024"
				y="350.899"
				z="0"/>
		</Structure>
		<Structure
			Angle="3.13995"
			EventList=""
			Faction="PlyrCivilian/teamPlyrCivilian"
			Health="100"
			Team="PlyrCivilian"
			ThingTemplate="NOD_StrongholdBuilding2"
			id="NOD_StrongholdBuilding2">
			<Position
				x="911.944"
				y="365.455"
				z="0"/>
		</Structure>
		<Structure
			Angle="3.13995"
			EventList=""
			Faction="PlyrCivilian/teamPlyrCivilian"
			Health="100"
			Team="PlyrCivilian"
			ThingTemplate="NOD_StrongholdBuilding2"
			id="NOD_StrongholdBuilding2">
			<Position
				x="989.74"
				y="365.33"
				z="0"/>
		</Structure>
		<Structure
			Angle="0.00582945"
			EventList=""
			Faction="PlyrCivilian/teamPlyrCivilian"
			Health="100"
			Team="PlyrCivilian"
			ThingTemplate="NOD_StrongholdBuilding2"
			id="NOD_StrongholdBuilding2">
			<Position
				x="519.823"
				y="350.739"
				z="0"/>
		</Structure>
		<Structure
			Angle="0.00582945"
			EventList=""
			Faction="PlyrCivilian/teamPlyrCivilian"
			Health="100"
			Team="PlyrCivilian"
			ThingTemplate="NOD_StrongholdBuilding2"
			id="NOD_StrongholdBuilding2">
			<Position
				x="597.67"
				y="351.128"
				z="0"/>
		</Structure>
		<Structure
			Angle="-3.14095"
			EventList=""
			Faction="PlyrCivilian/teamPlyrCivilian"
			Health="100"
			Team="PlyrCivilian"
			ThingTemplate="NOD_StrongholdBuilding2"
			id="NOD_StrongholdBuilding2">
			<Position
				x="519.92"
				y="365.985"
				z="0"/>
		</Structure>
		<Structure
			Angle="-3.14095"
			EventList=""
			Faction="PlyrCivilian/teamPlyrCivilian"
			Health="100"
			Team="PlyrCivilian"
			ThingTemplate="NOD_StrongholdBuilding2"
			id="NOD_StrongholdBuilding2">
			<Position
				x="597.791"
				y="366.107"
				z="0"/>
		</Structure>
		<Structure
			Angle="-3.13965"
			EventList=""
			Faction="PlyrCivilian/teamPlyrCivilian"
			Health="100"
			Team="PlyrCivilian"
			ThingTemplate="NOD_StrongholdBuilding2"
			id="NOD_StrongholdBuilding2">
			<Position
				x="1479.56"
				y="457.741"
				z="0"/>
		</Structure>
		<Structure
			Angle="-3.13965"
			EventList=""
			Faction="PlyrCivilian/teamPlyrCivilian"
			Health="100"
			Team="PlyrCivilian"
			ThingTemplate="NOD_StrongholdBuilding2"
			id="NOD_StrongholdBuilding2">
			<Position
				x="1168.22"
				y="457.349"
				z="0"/>
		</Structure>
		<Structure
			Angle="-3.13965"
			EventList=""
			Faction="PlyrCivilian/teamPlyrCivilian"
			Health="100"
			Team="PlyrCivilian"
			ThingTemplate="NOD_StrongholdBuilding2"
			id="NOD_StrongholdBuilding2">
			<Position
				x="1246.08"
				y="457.445"
				z="0"/>
		</Structure>
		<Structure
			Angle="-3.13965"
			EventList=""
			Faction="PlyrCivilian/teamPlyrCivilian"
			Health="100"
			Team="PlyrCivilian"
			ThingTemplate="NOD_StrongholdBuilding2"
			id="NOD_StrongholdBuilding2">
			<Position
				x="1323.84"
				y="457.622"
				z="0"/>
		</Structure>
		<Structure
			Angle="-3.13965"
			EventList=""
			Faction="PlyrCivilian/teamPlyrCivilian"
			Health="100"
			Team="PlyrCivilian"
			ThingTemplate="NOD_StrongholdBuilding2"
			id="NOD_StrongholdBuilding2">
			<Position
				x="1401.71"
				y="457.655"
				z="0"/>
		</Structure>
		<Structure
			Angle="-0.00325232"
			EventList=""
			Faction="PlyrCivilian/teamPlyrCivilian"
			Health="100"
			Team="PlyrCivilian"
			ThingTemplate="NOD_StrongholdBuilding2"
			id="NOD_StrongholdBuilding2">
			<Position
				x="1168.3"
				y="443.388"
				z="0"/>
		</Structure>
		<Structure
			Angle="-0.00325232"
			EventList=""
			Faction="PlyrCivilian/teamPlyrCivilian"
			Health="100"
			Team="PlyrCivilian"
			ThingTemplate="NOD_StrongholdBuilding2"
			id="NOD_StrongholdBuilding2">
			<Position
				x="1479.4"
				y="442.496"
				z="0"/>
		</Structure>
		<Structure
			Angle="-0.00325232"
			EventList=""
			Faction="PlyrCivilian/teamPlyrCivilian"
			Health="100"
			Team="PlyrCivilian"
			ThingTemplate="NOD_StrongholdBuilding2"
			id="NOD_StrongholdBuilding2">
			<Position
				x="1401.53"
				y="442.677"
				z="0"/>
		</Structure>
		<Structure
			Angle="-0.00325232"
			EventList=""
			Faction="PlyrCivilian/teamPlyrCivilian"
			Health="100"
			Team="PlyrCivilian"
			ThingTemplate="NOD_StrongholdBuilding2"
			id="NOD_StrongholdBuilding2">
			<Position
				x="1323.9"
				y="443.066"
				z="0"/>
		</Structure>
		<Structure
			Angle="-0.00325232"
			EventList=""
			Faction="PlyrCivilian/teamPlyrCivilian"
			Health="100"
			Team="PlyrCivilian"
			ThingTemplate="NOD_StrongholdBuilding2"
			id="NOD_StrongholdBuilding2">
			<Position
				x="1246.1"
				y="443.316"
				z="0"/>
		</Structure>
		<Structure
			Angle="1.57429"
			EventList=""
			Faction="PlyrCivilian/teamPlyrCivilian"
			Health="100"
			Team="PlyrCivilian"
			ThingTemplate="NOD_StrongholdBuilding2"
			id="NOD_StrongholdBuilding2">
			<Position
				x="1064.76"
				y="36.813"
				z="0"/>
		</Structure>
		<Structure
			Angle="1.57429"
			EventList=""
			Faction="PlyrCivilian/teamPlyrCivilian"
			Health="100"
			Team="PlyrCivilian"
			ThingTemplate="NOD_StrongholdBuilding2"
			id="NOD_StrongholdBuilding2">
			<Position
				x="1063.88"
				y="348.158"
				z="0"/>
		</Structure>
		<Structure
			Angle="1.57429"
			EventList=""
			Faction="PlyrCivilian/teamPlyrCivilian"
			Health="100"
			Team="PlyrCivilian"
			ThingTemplate="NOD_StrongholdBuilding2"
			id="NOD_StrongholdBuilding2">
			<Position
				x="1064.1"
				y="270.294"
				z="0"/>
		</Structure>
		<Structure
			Angle="1.57429"
			EventList=""
			Faction="PlyrCivilian/teamPlyrCivilian"
			Health="100"
			Team="PlyrCivilian"
			ThingTemplate="NOD_StrongholdBuilding2"
			id="NOD_StrongholdBuilding2">
			<Position
				x="1064.4"
				y="192.534"
				z="0"/>
		</Structure>
		<Structure
			Angle="1.57429"
			EventList=""
			Faction="PlyrCivilian/teamPlyrCivilian"
			Health="100"
			Team="PlyrCivilian"
			ThingTemplate="NOD_StrongholdBuilding2"
			id="NOD_StrongholdBuilding2">
			<Position
				x="1064.55"
				y="114.661"
				z="0"/>
		</Structure>
		<Structure
			Angle="-1.57249"
			EventList=""
			Faction="PlyrCivilian/teamPlyrCivilian"
			Health="100"
			Team="PlyrCivilian"
			ThingTemplate="NOD_StrongholdBuilding2"
			id="NOD_StrongholdBuilding2">
			<Position
				x="1049.92"
				y="348.051"
				z="0"/>
		</Structure>
		<Structure
			Angle="-1.57249"
			EventList=""
			Faction="PlyrCivilian/teamPlyrCivilian"
			Health="100"
			Team="PlyrCivilian"
			ThingTemplate="NOD_StrongholdBuilding2"
			id="NOD_StrongholdBuilding2">
			<Position
				x="1049.51"
				y="36.9461"
				z="0"/>
		</Structure>
		<Structure
			Angle="-1.57249"
			EventList=""
			Faction="PlyrCivilian/teamPlyrCivilian"
			Health="100"
			Team="PlyrCivilian"
			ThingTemplate="NOD_StrongholdBuilding2"
			id="NOD_StrongholdBuilding2">
			<Position
				x="1049.57"
				y="114.817"
				z="0"/>
		</Structure>
		<Structure
			Angle="-1.57249"
			EventList=""
			Faction="PlyrCivilian/teamPlyrCivilian"
			Health="100"
			Team="PlyrCivilian"
			ThingTemplate="NOD_StrongholdBuilding2"
			id="NOD_StrongholdBuilding2">
			<Position
				x="1049.84"
				y="192.454"
				z="0"/>
		</Structure>
		<Structure
			Angle="-1.57249"
			EventList=""
			Faction="PlyrCivilian/teamPlyrCivilian"
			Health="100"
			Team="PlyrCivilian"
			ThingTemplate="NOD_StrongholdBuilding2"
			id="NOD_StrongholdBuilding2">
			<Position
				x="1049.97"
				y="270.25"
				z="0"/>
		</Structure>
		<Structure
			Angle="-1.5558"
			EventList=""
			Faction="PlyrCivilian/teamPlyrCivilian"
			Health="100"
			Team="PlyrCivilian"
			ThingTemplate="NOD_StrongholdBuilding2"
			id="NOD_StrongholdBuilding2">
			<Position
				x="1053.98"
				y="1473.66"
				z="0"/>
		</Structure>
		<Structure
			Angle="-1.5558"
			EventList=""
			Faction="PlyrCivilian/teamPlyrCivilian"
			Health="100"
			Team="PlyrCivilian"
			ThingTemplate="NOD_StrongholdBuilding2"
			id="NOD_StrongholdBuilding2">
			<Position
				x="1058.44"
				y="1162.35"
				z="0"/>
		</Structure>
		<Structure
			Angle="-1.5558"
			EventList=""
			Faction="PlyrCivilian/teamPlyrCivilian"
			Health="100"
			Team="PlyrCivilian"
			ThingTemplate="NOD_StrongholdBuilding2"
			id="NOD_StrongholdBuilding2">
			<Position
				x="1057.33"
				y="1240.2"
				z="0"/>
		</Structure>
		<Structure
			Angle="-1.5558"
			EventList=""
			Faction="PlyrCivilian/teamPlyrCivilian"
			Health="100"
			Team="PlyrCivilian"
			ThingTemplate="NOD_StrongholdBuilding2"
			id="NOD_StrongholdBuilding2">
			<Position
				x="1056.14"
				y="1317.96"
				z="0"/>
		</Structure>
		<Structure
			Angle="-1.5558"
			EventList=""
			Faction="PlyrCivilian/teamPlyrCivilian"
			Health="100"
			Team="PlyrCivilian"
			ThingTemplate="NOD_StrongholdBuilding2"
			id="NOD_StrongholdBuilding2">
			<Position
				x="1055.09"
				y="1395.82"
				z="0"/>
		</Structure>
		<Structure
			Angle="1.5806"
			EventList=""
			Faction="PlyrCivilian/teamPlyrCivilian"
			Health="100"
			Team="PlyrCivilian"
			ThingTemplate="NOD_StrongholdBuilding2"
			id="NOD_StrongholdBuilding2">
			<Position
				x="1072.4"
				y="1162.61"
				z="0"/>
		</Structure>
		<Structure
			Angle="1.5806"
			EventList=""
			Faction="PlyrCivilian/teamPlyrCivilian"
			Health="100"
			Team="PlyrCivilian"
			ThingTemplate="NOD_StrongholdBuilding2"
			id="NOD_StrongholdBuilding2">
			<Position
				x="1069.23"
				y="1473.7"
				z="0"/>
		</Structure>
		<Structure
			Angle="1.5806"
			EventList=""
			Faction="PlyrCivilian/teamPlyrCivilian"
			Health="100"
			Team="PlyrCivilian"
			ThingTemplate="NOD_StrongholdBuilding2"
			id="NOD_StrongholdBuilding2">
			<Position
				x="1070.06"
				y="1395.84"
				z="0"/>
		</Structure>
		<Structure
			Angle="1.5806"
			EventList=""
			Faction="PlyrCivilian/teamPlyrCivilian"
			Health="100"
			Team="PlyrCivilian"
			ThingTemplate="NOD_StrongholdBuilding2"
			id="NOD_StrongholdBuilding2">
			<Position
				x="1070.69"
				y="1318.2"
				z="0"/>
		</Structure>
		<Structure
			Angle="1.5806"
			EventList=""
			Faction="PlyrCivilian/teamPlyrCivilian"
			Health="100"
			Team="PlyrCivilian"
			ThingTemplate="NOD_StrongholdBuilding2"
			id="NOD_StrongholdBuilding2">
			<Position
				x="1071.46"
				y="1240.41"
				z="0"/>
		</Structure>
		<Structure
			Angle="-3.13144"
			EventList=""
			Faction="PlyrCivilian/teamPlyrCivilian"
			Health="100"
			Team="PlyrCivilian"
			ThingTemplate="NOD_StrongholdBuilding2"
			id="NOD_StrongholdBuilding2">
			<Position
				x="1478.66"
				y="1061.73"
				z="0"/>
		</Structure>
		<Structure
			Angle="-3.13144"
			EventList=""
			Faction="PlyrCivilian/teamPlyrCivilian"
			Health="100"
			Team="PlyrCivilian"
			ThingTemplate="NOD_StrongholdBuilding2"
			id="NOD_StrongholdBuilding2">
			<Position
				x="1167.33"
				y="1058.78"
				z="0"/>
		</Structure>
		<Structure
			Angle="-3.13144"
			EventList=""
			Faction="PlyrCivilian/teamPlyrCivilian"
			Health="100"
			Team="PlyrCivilian"
			ThingTemplate="NOD_StrongholdBuilding2"
			id="NOD_StrongholdBuilding2">
			<Position
				x="1245.19"
				y="1059.51"
				z="0"/>
		</Structure>
		<Structure
			Angle="-3.13144"
			EventList=""
			Faction="PlyrCivilian/teamPlyrCivilian"
			Health="100"
			Team="PlyrCivilian"
			ThingTemplate="NOD_StrongholdBuilding2"
			id="NOD_StrongholdBuilding2">
			<Position
				x="1322.95"
				y="1060.33"
				z="0"/>
		</Structure>
		<Structure
			Angle="-3.13144"
			EventList=""
			Faction="PlyrCivilian/teamPlyrCivilian"
			Health="100"
			Team="PlyrCivilian"
			ThingTemplate="NOD_StrongholdBuilding2"
			id="NOD_StrongholdBuilding2">
			<Position
				x="1400.82"
				y="1061"
				z="0"/>
		</Structure>
		<Structure
			Angle="0.00496678"
			EventList=""
			Faction="PlyrCivilian/teamPlyrCivilian"
			Health="100"
			Team="PlyrCivilian"
			ThingTemplate="NOD_StrongholdBuilding2"
			id="NOD_StrongholdBuilding2">
			<Position
				x="1167.53"
				y="1044.82"
				z="0"/>
		</Structure>
		<Structure
			Angle="0.00496678"
			EventList=""
			Faction="PlyrCivilian/teamPlyrCivilian"
			Health="100"
			Team="PlyrCivilian"
			ThingTemplate="NOD_StrongholdBuilding2"
			id="NOD_StrongholdBuilding2">
			<Position
				x="1478.63"
				y="1046.48"
				z="0"/>
		</Structure>
		<Structure
			Angle="0.00496678"
			EventList=""
			Faction="PlyrCivilian/teamPlyrCivilian"
			Health="100"
			Team="PlyrCivilian"
			ThingTemplate="NOD_StrongholdBuilding2"
			id="NOD_StrongholdBuilding2">
			<Position
				x="1400.76"
				y="1046.02"
				z="0"/>
		</Structure>
		<Structure
			Angle="0.00496678"
			EventList=""
			Faction="PlyrCivilian/teamPlyrCivilian"
			Health="100"
			Team="PlyrCivilian"
			ThingTemplate="NOD_StrongholdBuilding2"
			id="NOD_StrongholdBuilding2">
			<Position
				x="1323.12"
				y="1045.77"
				z="0"/>
		</Structure>
		<Structure
			Angle="0.00496678"
			EventList=""
			Faction="PlyrCivilian/teamPlyrCivilian"
			Health="100"
			Team="PlyrCivilian"
			ThingTemplate="NOD_StrongholdBuilding2"
			id="NOD_StrongholdBuilding2">
			<Position
				x="1245.33"
				y="1045.38"
				z="0"/>
		</Structure>
		<Structure
			Angle="1.57796"
			EventList=""
			Faction="PlyrCivilian/teamPlyrCivilian"
			Health="100"
			Team="PlyrCivilian"
			ThingTemplate="NOD_StrongholdBuilding2"
			id="NOD_StrongholdBuilding2">
			<Position
				x="461.665"
				y="36.4104"
				z="0"/>
		</Structure>
		<Structure
			Angle="1.57796"
			EventList=""
			Faction="PlyrCivilian/teamPlyrCivilian"
			Health="100"
			Team="PlyrCivilian"
			ThingTemplate="NOD_StrongholdBuilding2"
			id="NOD_StrongholdBuilding2">
			<Position
				x="459.645"
				y="347.75"
				z="0"/>
		</Structure>
		<Structure
			Angle="1.57796"
			EventList=""
			Faction="PlyrCivilian/teamPlyrCivilian"
			Health="100"
			Team="PlyrCivilian"
			ThingTemplate="NOD_StrongholdBuilding2"
			id="NOD_StrongholdBuilding2">
			<Position
				x="460.149"
				y="269.888"
				z="0"/>
		</Structure>
		<Structure
			Angle="1.57796"
			EventList=""
			Faction="PlyrCivilian/teamPlyrCivilian"
			Health="100"
			Team="PlyrCivilian"
			ThingTemplate="NOD_StrongholdBuilding2"
			id="NOD_StrongholdBuilding2">
			<Position
				x="460.732"
				y="192.129"
				z="0"/>
		</Structure>
		<Structure
			Angle="1.57796"
			EventList=""
			Faction="PlyrCivilian/teamPlyrCivilian"
			Health="100"
			Team="PlyrCivilian"
			ThingTemplate="NOD_StrongholdBuilding2"
			id="NOD_StrongholdBuilding2">
			<Position
				x="461.172"
				y="114.257"
				z="0"/>
		</Structure>
		<Structure
			Angle="-1.56882"
			EventList=""
			Faction="PlyrCivilian/teamPlyrCivilian"
			Health="100"
			Team="PlyrCivilian"
			ThingTemplate="NOD_StrongholdBuilding2"
			id="NOD_StrongholdBuilding2">
			<Position
				x="445.685"
				y="347.591"
				z="0"/>
		</Structure>
		<Structure
			Angle="-1.56882"
			EventList=""
			Faction="PlyrCivilian/teamPlyrCivilian"
			Health="100"
			Team="PlyrCivilian"
			ThingTemplate="NOD_StrongholdBuilding2"
			id="NOD_StrongholdBuilding2">
			<Position
				x="446.419"
				y="36.4874"
				z="0"/>
		</Structure>
		<Structure
			Angle="-1.56882"
			EventList=""
			Faction="PlyrCivilian/teamPlyrCivilian"
			Health="100"
			Team="PlyrCivilian"
			ThingTemplate="NOD_StrongholdBuilding2"
			id="NOD_StrongholdBuilding2">
			<Position
				x="446.193"
				y="114.358"
				z="0"/>
		</Structure>
		<Structure
			Angle="-1.56882"
			EventList=""
			Faction="PlyrCivilian/teamPlyrCivilian"
			Health="100"
			Team="PlyrCivilian"
			ThingTemplate="NOD_StrongholdBuilding2"
			id="NOD_StrongholdBuilding2">
			<Position
				x="446.176"
				y="191.996"
				z="0"/>
		</Structure>
		<Structure
			Angle="-1.56882"
			EventList=""
			Faction="PlyrCivilian/teamPlyrCivilian"
			Health="100"
			Team="PlyrCivilian"
			ThingTemplate="NOD_StrongholdBuilding2"
			id="NOD_StrongholdBuilding2">
			<Position
				x="446.02"
				y="269.792"
				z="0"/>
		</Structure>
		<Structure
			Angle="0.00232744"
			EventList=""
			Faction="PlyrCivilian/teamPlyrCivilian"
			Health="100"
			Team="PlyrCivilian"
			ThingTemplate="NOD_StrongholdBuilding2"
			id="NOD_StrongholdBuilding2">
			<Position
				x="40.2255"
				y="451.658"
				z="0"/>
		</Structure>
		<Structure
			Angle="0.00232744"
			EventList=""
			Faction="PlyrCivilian/teamPlyrCivilian"
			Health="100"
			Team="PlyrCivilian"
			ThingTemplate="NOD_StrongholdBuilding2"
			id="NOD_StrongholdBuilding2">
			<Position
				x="351.571"
				y="452.171"
				z="0"/>
		</Structure>
		<Structure
			Angle="0.00232744"
			EventList=""
			Faction="PlyrCivilian/teamPlyrCivilian"
			Health="100"
			Team="PlyrCivilian"
			ThingTemplate="NOD_StrongholdBuilding2"
			id="NOD_StrongholdBuilding2">
			<Position
				x="273.707"
				y="452.044"
				z="0"/>
		</Structure>
		<Structure
			Angle="0.00232744"
			EventList=""
			Faction="PlyrCivilian/teamPlyrCivilian"
			Health="100"
			Team="PlyrCivilian"
			ThingTemplate="NOD_StrongholdBuilding2"
			id="NOD_StrongholdBuilding2">
			<Position
				x="195.946"
				y="451.838"
				z="0"/>
		</Structure>
		<Structure
			Angle="0.00232744"
			EventList=""
			Faction="PlyrCivilian/teamPlyrCivilian"
			Health="100"
			Team="PlyrCivilian"
			ThingTemplate="NOD_StrongholdBuilding2"
			id="NOD_StrongholdBuilding2">
			<Position
				x="118.074"
				y="451.775"
				z="0"/>
		</Structure>
		<Structure
			Angle="3.13873"
			EventList=""
			Faction="PlyrCivilian/teamPlyrCivilian"
			Health="100"
			Team="PlyrCivilian"
			ThingTemplate="NOD_StrongholdBuilding2"
			id="NOD_StrongholdBuilding2">
			<Position
				x="351.48"
				y="466.132"
				z="0"/>
		</Structure>
		<Structure
			Angle="3.13873"
			EventList=""
			Faction="PlyrCivilian/teamPlyrCivilian"
			Health="100"
			Team="PlyrCivilian"
			ThingTemplate="NOD_StrongholdBuilding2"
			id="NOD_StrongholdBuilding2">
			<Position
				x="40.3763"
				y="466.903"
				z="0"/>
		</Structure>
		<Structure
			Angle="3.13873"
			EventList=""
			Faction="PlyrCivilian/teamPlyrCivilian"
			Health="100"
			Team="PlyrCivilian"
			ThingTemplate="NOD_StrongholdBuilding2"
			id="NOD_StrongholdBuilding2">
			<Position
				x="118.247"
				y="466.752"
				z="0"/>
		</Structure>
		<Structure
			Angle="3.13873"
			EventList=""
			Faction="PlyrCivilian/teamPlyrCivilian"
			Health="100"
			Team="PlyrCivilian"
			ThingTemplate="NOD_StrongholdBuilding2"
			id="NOD_StrongholdBuilding2">
			<Position
				x="195.884"
				y="466.394"
				z="0"/>
		</Structure>
		<Structure
			Angle="3.13873"
			EventList=""
			Faction="PlyrCivilian/teamPlyrCivilian"
			Health="100"
			Team="PlyrCivilian"
			ThingTemplate="NOD_StrongholdBuilding2"
			id="NOD_StrongholdBuilding2">
			<Position
				x="273.68"
				y="466.174"
				z="0"/>
		</Structure>
		<Structure
			Angle="-1.56696"
			EventList=""
			Faction="PlyrCivilian/teamPlyrCivilian"
			Health="100"
			Team="PlyrCivilian"
			ThingTemplate="NOD_StrongholdBuilding2"
			id="NOD_StrongholdBuilding2">
			<Position
				x="453.661"
				y="1475.68"
				z="0"/>
		</Structure>
		<Structure
			Angle="-1.56696"
			EventList=""
			Faction="PlyrCivilian/teamPlyrCivilian"
			Health="100"
			Team="PlyrCivilian"
			ThingTemplate="NOD_StrongholdBuilding2"
			id="NOD_StrongholdBuilding2">
			<Position
				x="454.645"
				y="1164.34"
				z="0"/>
		</Structure>
		<Structure
			Angle="-1.56696"
			EventList=""
			Faction="PlyrCivilian/teamPlyrCivilian"
			Health="100"
			Team="PlyrCivilian"
			ThingTemplate="NOD_StrongholdBuilding2"
			id="NOD_StrongholdBuilding2">
			<Position
				x="454.4"
				y="1242.2"
				z="0"/>
		</Structure>
		<Structure
			Angle="-1.56696"
			EventList=""
			Faction="PlyrCivilian/teamPlyrCivilian"
			Health="100"
			Team="PlyrCivilian"
			ThingTemplate="NOD_StrongholdBuilding2"
			id="NOD_StrongholdBuilding2">
			<Position
				x="454.076"
				y="1319.96"
				z="0"/>
		</Structure>
		<Structure
			Angle="-1.56696"
			EventList=""
			Faction="PlyrCivilian/teamPlyrCivilian"
			Health="100"
			Team="PlyrCivilian"
			ThingTemplate="NOD_StrongholdBuilding2"
			id="NOD_StrongholdBuilding2">
			<Position
				x="453.896"
				y="1397.83"
				z="0"/>
		</Structure>
		<Structure
			Angle="1.56944"
			EventList=""
			Faction="PlyrCivilian/teamPlyrCivilian"
			Health="100"
			Team="PlyrCivilian"
			ThingTemplate="NOD_StrongholdBuilding2"
			id="NOD_StrongholdBuilding2">
			<Position
				x="468.606"
				y="1164.45"
				z="0"/>
		</Structure>
		<Structure
			Angle="1.56944"
			EventList=""
			Faction="PlyrCivilian/teamPlyrCivilian"
			Health="100"
			Team="PlyrCivilian"
			ThingTemplate="NOD_StrongholdBuilding2"
			id="NOD_StrongholdBuilding2">
			<Position
				x="468.907"
				y="1475.55"
				z="0"/>
		</Structure>
		<Structure
			Angle="1.56944"
			EventList=""
			Faction="PlyrCivilian/teamPlyrCivilian"
			Health="100"
			Team="PlyrCivilian"
			ThingTemplate="NOD_StrongholdBuilding2"
			id="NOD_StrongholdBuilding2">
			<Position
				x="468.873"
				y="1397.68"
				z="0"/>
		</Structure>
		<Structure
			Angle="1.56944"
			EventList=""
			Faction="PlyrCivilian/teamPlyrCivilian"
			Health="100"
			Team="PlyrCivilian"
			ThingTemplate="NOD_StrongholdBuilding2"
			id="NOD_StrongholdBuilding2">
			<Position
				x="468.632"
				y="1320.04"
				z="0"/>
		</Structure>
		<Structure
			Angle="1.56944"
			EventList=""
			Faction="PlyrCivilian/teamPlyrCivilian"
			Health="100"
			Team="PlyrCivilian"
			ThingTemplate="NOD_StrongholdBuilding2"
			id="NOD_StrongholdBuilding2">
			<Position
				x="468.53"
				y="1242.25"
				z="0"/>
		</Structure>
		<Structure
			Angle="0.00232744"
			EventList=""
			Faction="PlyrCivilian/teamPlyrCivilian"
			Health="100"
			Team="PlyrCivilian"
			ThingTemplate="NOD_StrongholdBuilding2"
			id="NOD_StrongholdBuilding2">
			<Position
				x="36.7178"
				y="1039.7"
				z="0"/>
		</Structure>
		<Structure
			Angle="0.00232744"
			EventList=""
			Faction="PlyrCivilian/teamPlyrCivilian"
			Health="100"
			Team="PlyrCivilian"
			ThingTemplate="NOD_StrongholdBuilding2"
			id="NOD_StrongholdBuilding2">
			<Position
				x="348.064"
				y="1040.21"
				z="0"/>
		</Structure>
		<Structure
			Angle="0.00232744"
			EventList=""
			Faction="PlyrCivilian/teamPlyrCivilian"
			Health="100"
			Team="PlyrCivilian"
			ThingTemplate="NOD_StrongholdBuilding2"
			id="NOD_StrongholdBuilding2">
			<Position
				x="270.2"
				y="1040.09"
				z="0"/>
		</Structure>
		<Structure
			Angle="0.00232744"
			EventList=""
			Faction="PlyrCivilian/teamPlyrCivilian"
			Health="100"
			Team="PlyrCivilian"
			ThingTemplate="NOD_StrongholdBuilding2"
			id="NOD_StrongholdBuilding2">
			<Position
				x="192.439"
				y="1039.88"
				z="0"/>
		</Structure>
		<Structure
			Angle="0.00232744"
			EventList=""
			Faction="PlyrCivilian/teamPlyrCivilian"
			Health="100"
			Team="PlyrCivilian"
			ThingTemplate="NOD_StrongholdBuilding2"
			id="NOD_StrongholdBuilding2">
			<Position
				x="114.566"
				y="1039.82"
				z="0"/>
		</Structure>
		<Structure
			Angle="3.13873"
			EventList=""
			Faction="PlyrCivilian/teamPlyrCivilian"
			Health="100"
			Team="PlyrCivilian"
			ThingTemplate="NOD_StrongholdBuilding2"
			id="NOD_StrongholdBuilding2">
			<Position
				x="347.973"
				y="1054.17"
				z="0"/>
		</Structure>
		<Structure
			Angle="3.13873"
			EventList=""
			Faction="PlyrCivilian/teamPlyrCivilian"
			Health="100"
			Team="PlyrCivilian"
			ThingTemplate="NOD_StrongholdBuilding2"
			id="NOD_StrongholdBuilding2">
			<Position
				x="36.8687"
				y="1054.95"
				z="0"/>
		</Structure>
		<Structure
			Angle="3.13873"
			EventList=""
			Faction="PlyrCivilian/teamPlyrCivilian"
			Health="100"
			Team="PlyrCivilian"
			ThingTemplate="NOD_StrongholdBuilding2"
			id="NOD_StrongholdBuilding2">
			<Position
				x="114.739"
				y="1054.79"
				z="0"/>
		</Structure>
		<Structure
			Angle="3.13873"
			EventList=""
			Faction="PlyrCivilian/teamPlyrCivilian"
			Health="100"
			Team="PlyrCivilian"
			ThingTemplate="NOD_StrongholdBuilding2"
			id="NOD_StrongholdBuilding2">
			<Position
				x="192.376"
				y="1054.44"
				z="0"/>
		</Structure>
		<Structure
			Angle="3.13873"
			EventList=""
			Faction="PlyrCivilian/teamPlyrCivilian"
			Health="100"
			Team="PlyrCivilian"
			ThingTemplate="NOD_StrongholdBuilding2"
			id="NOD_StrongholdBuilding2">
			<Position
				x="270.172"
				y="1054.22"
				z="0"/>
		</Structure>
		<Structure
			Angle="0"
			EventList=""
			Faction="PlyrCivilian/teamPlyrCivilian"
			Health="100"
			Team="PlyrCivilian"
			ThingTemplate="Washington_DC_Lighthouse_Radar_01"
			id="Washington_DC_Lighthouse_Radar_01">
			<Position
				x="760"
				y="760"
				z="0"/>
		</Structure>
		<Structure
			Angle="0"
			EventList=""
			Faction="PlyrCivilian/teamPlyrCivilian"
			Health="100"
			Team="PlyrCivilian"
			ThingTemplate="DCPStrLi07"
			id="DCPSTRLI07">
			<Position
				x="587.441"
				y="1155.15"
				z="43"/>
		</Structure>
		<Structure
			Angle="0.00795616"
			EventList=""
			Faction="PlyrCivilian/teamPlyrCivilian"
			Health="100"
			Team="PlyrCivilian"
			ThingTemplate="DCBMagLv07"
			id="DCBMAGLV07">
			<Position
				x="1229.45"
				y="-353.093"
				z="50"/>
		</Structure>
		<Prop
			Angle="-0.0605364"
			EventList=""
			Faction="PlyrCivilian/teamPlyrCivilian"
			Health="1000"
			Team="PlyrCivilian"
			ThingTemplate="CUAuto01"
			id="CUAuto01">
			<Position
				x="827.43"
				y="637.788"
				z="0"/>
		</Prop>
		<MapMetaData
			BorderSize="8"
			CRC="0"
			Description="Map:MetaMod-Arena1/Desc"
			DisplayName="MetaMod-Arena1"
			FileName="Data"
			Height="168"
			IsMultiplayer="true"
			IsOfficial="false"
			NumPlayers="8"
			Width="168">
			<StartPosition
				Name="InitialCameraPosition">
				<Position
					x="0"
					y="0"
					z="0"/>
			</StartPosition>
			<StartPosition
				Name="Player_1_Start">
				<Position
					x="760"
					y="160"
					z="0"/>
			</StartPosition>
			<StartPosition
				Name="Player_2_Start">
				<Position
					x="1360"
					y="160"
					z="0"/>
			</StartPosition>
			<StartPosition
				Name="Player_3_Start">
				<Position
					x="1360"
					y="760"
					z="0"/>
			</StartPosition>
			<StartPosition
				Name="Player_4_Start">
				<Position
					x="1360"
					y="1360"
					z="0"/>
			</StartPosition>
			<StartPosition
				Name="Player_5_Start">
				<Position
					x="760"
					y="1360"
					z="0"/>
			</StartPosition>
			<StartPosition
				Name="Player_6_Start">
				<Position
					x="160"
					y="1360"
					z="0"/>
			</StartPosition>
			<StartPosition
				Name="Player_7_Start">
				<Position
					x="160"
					y="760"
					z="0"/>
			</StartPosition>
			<StartPosition
				Name="Player_8_Start">
				<Position
					x="160"
					y="160"
					z="0"/>
			</StartPosition>
		</MapMetaData>
		<EnvironmentData
			Cloud="TSCloudMed"
			Environment="EVDefault"
			Macro="TSNoiseUrb"/>
		<WorldDict>
			<RealProperty
				Key="cameraMinHeight"
				Value="10"/>
			<RealProperty
				Key="cameraMaxHeight"
				Value="500"/>
			<BoolProperty
				Key="isLivingWorldScriptHolder"
				Value="false"/>
			<AssetIdProperty
				Key="musicZone"
				Value="MusicPalette_NotSet"/>
			<StringProperty
				Key="mapName"
				Value="MetaMod-Arena1"/>
			<StringProperty
				Key="mapDescription"
				Value=""/>
			<IntProperty
				Key="compression"
				Value="1"/>
			<RealProperty
				Key="cameraGroundMinHeight"
				Value="0"/>
			<RealProperty
				Key="cameraGroundMaxHeight"
				Value="2560"/>
			<BoolProperty
				Key="isScenarioMultiplayer"
				Value="false"/>
			<IntProperty
				Key="weather"
				Value="4"/>
		</WorldDict>
	</GameMap>
	<TerrainTextureAtlas
		AllowLossyCompression="true"
		AtlasSize="2048"
		id="MetaModArena1">
		<Tile
			BaseTexture="ART:Terrain/TPave_Aus08.tga"
			NormalTexture="ART:Terrain/TPave_Aus08_nrm.tga"
			TextureID="98217418"/>
		<Tile
			BaseTexture="ART:Terrain/CnC3Grid2.tga"
			NormalTexture="ART:Terrain/CnC3Grid2_nrm.tga"
			TextureID="522410948"/>
	</TerrainTextureAtlas>
	<GameScriptList
		id="_neutral_">
		<ScriptSet>
			<ScriptGroup
				id="MapScripts">
				<Script
					id="CarMoveScripts">
					<Action
						Type="NAMED_ATTACK_FOLLOW_WAYPOINTS">
						<ParameterList/>
					</Action>
				</Script>
				<Script
					id="OpenGates">
					<Action
						Type="NAMED_DELETE">
						<ParameterList/>
					</Action>
					<Action
						Type="NAMED_DELETE">
						<ParameterList/>
					</Action>
					<Action
						Type="NAMED_DELETE">
						<ParameterList/>
					</Action>
					<Action
						Type="NAMED_DELETE">
						<ParameterList/>
					</Action>
					<Action
						Type="NAMED_DELETE">
						<ParameterList/>
					</Action>
					<Action
						Type="NAMED_DELETE">
						<ParameterList/>
					</Action>
					<Action
						Type="NAMED_DELETE">
						<ParameterList/>
					</Action>
					<Action
						Type="NAMED_DELETE">
						<ParameterList/>
					</Action>
				</Script>
				<Script
					id="GateTimer">
					<Action
						Type="SET_MILLISECOND_TIMER">
						<ParameterList/>
					</Action>
				</Script>
				<Script
					id="REVEALMAP">
					<Action
						Type="MAP_REVEAL_ALL_PERM">
						<ParameterList/>
					</Action>
				</Script>
			</ScriptGroup>
			<ScriptGroup
				id="METAMOD_SCRIPTS">
				<Script
					id="METAMOD_MODSTATUS_RECEIVER">
					<Action
						Type="ENABLE_SCRIPT">
						<ParameterList/>
					</Action>
					<Action
						Type="ENABLE_SCRIPT">
						<ParameterList/>
					</Action>
					<Action
						Type="ENABLE_SCRIPT">
						<ParameterList/>
					</Action>
					<Action
						Type="ENABLE_SCRIPT">
						<ParameterList/>
					</Action>
					<Action
						Type="DISABLE_SCRIPT">
						<ParameterList/>
					</Action>
				</Script>
				<Script
					id="METAMOD_MAPSCRIPT_ACTIVE">
					<Action
						Type="SET_COUNTER">
						<ParameterList/>
					</Action>
				</Script>
				<Script
					id="METAMOD_CLICK_HERE_FOR_INFO">
					<Action
						Type="NO_OP">
						<ParameterList/>
					</Action>
				</Script>
				<ScriptGroup
					id="METAMOD_EXTENDED_DIPLOMACY">
					<Script
						id="METAMOD_EXTENDED_DIPLOMACY_ACTIVE">
						<Action
							Type="SET_COUNTER">
							<ParameterList/>
						</Action>
						<Action
							Type="SET_FLAG">
							<ParameterList/>
						</Action>
					</Script>
					<Script
						id="METAMOD_DIPLOMACY_COMMAND_COUNTER">
						<Action
							Type="SET_COUNTER">
							<ParameterList/>
						</Action>
					</Script>
					<Script
						id="METAMOD_DIPLOMACY_COMMANDCOUNTER_LISTENER">
						<Action
							Type="ENABLE_SCRIPT">
							<ParameterList/>
						</Action>
						<Action
							Type="ENABLE_SCRIPT">
							<ParameterList/>
						</Action>
						<Action
							Type="DISABLE_SCRIPT">
							<ParameterList/>
						</Action>
						<Action
							Type="DISABLE_SCRIPT">
							<ParameterList/>
						</Action>
					</Script>
					<ScriptGroup
						id="METAMOD_DIPLOMACY_RELATION_ENEMY">
						<Script
							id="METAMOD_DIPLOMACY_p1_p2_enemy">
							<Action
								Type="PLAYER_RELATES_PLAYER">
								<ParameterList/>
							</Action>
							<Action
								Type="PLAYER_RELATES_PLAYER">
								<ParameterList/>
							</Action>
							<Action
								Type="SET_COUNTER">
								<ParameterList/>
							</Action>
						</Script>
						<Script
							id="METAMOD_DIPLOMACY_p1_p3_enemy">
							<Action
								Type="PLAYER_RELATES_PLAYER">
								<ParameterList/>
							</Action>
							<Action
								Type="PLAYER_RELATES_PLAYER">
								<ParameterList/>
							</Action>
							<Action
								Type="SET_COUNTER">
								<ParameterList/>
							</Action>
						</Script>
						<Script
							id="METAMOD_DIPLOMACY_p1_p4_enemy">
							<Action
								Type="PLAYER_RELATES_PLAYER">
								<ParameterList/>
							</Action>
							<Action
								Type="PLAYER_RELATES_PLAYER">
								<ParameterList/>
							</Action>
							<Action
								Type="SET_COUNTER">
								<ParameterList/>
							</Action>
						</Script>
						<Script
							id="METAMOD_DIPLOMACY_p1_p5_enemy">
							<Action
								Type="PLAYER_RELATES_PLAYER">
								<ParameterList/>
							</Action>
							<Action
								Type="PLAYER_RELATES_PLAYER">
								<ParameterList/>
							</Action>
							<Action
								Type="SET_COUNTER">
								<ParameterList/>
							</Action>
						</Script>
						<Script
							id="METAMOD_DIPLOMACY_p1_p6_enemy">
							<Action
								Type="PLAYER_RELATES_PLAYER">
								<ParameterList/>
							</Action>
							<Action
								Type="PLAYER_RELATES_PLAYER">
								<ParameterList/>
							</Action>
							<Action
								Type="SET_COUNTER">
								<ParameterList/>
							</Action>
						</Script>
						<Script
							id="METAMOD_DIPLOMACY_p1_p7_enemy">
							<Action
								Type="PLAYER_RELATES_PLAYER">
								<ParameterList/>
							</Action>
							<Action
								Type="PLAYER_RELATES_PLAYER">
								<ParameterList/>
							</Action>
							<Action
								Type="SET_COUNTER">
								<ParameterList/>
							</Action>
						</Script>
						<Script
							id="METAMOD_DIPLOMACY_p1_p8_enemy">
							<Action
								Type="PLAYER_RELATES_PLAYER">
								<ParameterList/>
							</Action>
							<Action
								Type="PLAYER_RELATES_PLAYER">
								<ParameterList/>
							</Action>
							<Action
								Type="SET_COUNTER">
								<ParameterList/>
							</Action>
						</Script>
						<Script
							id="METAMOD_DIPLOMACY_p2_p3_enemy">
							<Action
								Type="PLAYER_RELATES_PLAYER">
								<ParameterList/>
							</Action>
							<Action
								Type="PLAYER_RELATES_PLAYER">
								<ParameterList/>
							</Action>
							<Action
								Type="SET_COUNTER">
								<ParameterList/>
							</Action>
						</Script>
						<Script
							id="METAMOD_DIPLOMACY_p2_p4_enemy">
							<Action
								Type="PLAYER_RELATES_PLAYER">
								<ParameterList/>
							</Action>
							<Action
								Type="PLAYER_RELATES_PLAYER">
								<ParameterList/>
							</Action>
							<Action
								Type="SET_COUNTER">
								<ParameterList/>
							</Action>
						</Script>
						<Script
							id="METAMOD_DIPLOMACY_p2_p5_enemy">
							<Action
								Type="PLAYER_RELATES_PLAYER">
								<ParameterList/>
							</Action>
							<Action
								Type="PLAYER_RELATES_PLAYER">
								<ParameterList/>
							</Action>
							<Action
								Type="SET_COUNTER">
								<ParameterList/>
							</Action>
						</Script>
						<Script
							id="METAMOD_DIPLOMACY_p2_p6_enemy">
							<Action
								Type="PLAYER_RELATES_PLAYER">
								<ParameterList/>
							</Action>
							<Action
								Type="PLAYER_RELATES_PLAYER">
								<ParameterList/>
							</Action>
							<Action
								Type="SET_COUNTER">
								<ParameterList/>
							</Action>
						</Script>
						<Script
							id="METAMOD_DIPLOMACY_p2_p7_enemy">
							<Action
								Type="PLAYER_RELATES_PLAYER">
								<ParameterList/>
							</Action>
							<Action
								Type="PLAYER_RELATES_PLAYER">
								<ParameterList/>
							</Action>
							<Action
								Type="SET_COUNTER">
								<ParameterList/>
							</Action>
						</Script>
						<Script
							id="METAMOD_DIPLOMACY_p2_p8_enemy">
							<Action
								Type="PLAYER_RELATES_PLAYER">
								<ParameterList/>
							</Action>
							<Action
								Type="PLAYER_RELATES_PLAYER">
								<ParameterList/>
							</Action>
							<Action
								Type="SET_COUNTER">
								<ParameterList/>
							</Action>
						</Script>
						<Script
							id="METAMOD_DIPLOMACY_p3_p4_enemy">
							<Action
								Type="PLAYER_RELATES_PLAYER">
								<ParameterList/>
							</Action>
							<Action
								Type="PLAYER_RELATES_PLAYER">
								<ParameterList/>
							</Action>
							<Action
								Type="SET_COUNTER">
								<ParameterList/>
							</Action>
						</Script>
						<Script
							id="METAMOD_DIPLOMACY_p3_p5_enemy">
							<Action
								Type="PLAYER_RELATES_PLAYER">
								<ParameterList/>
							</Action>
							<Action
								Type="PLAYER_RELATES_PLAYER">
								<ParameterList/>
							</Action>
							<Action
								Type="SET_COUNTER">
								<ParameterList/>
							</Action>
						</Script>
						<Script
							id="METAMOD_DIPLOMACY_p3_p6_enemy">
							<Action
								Type="PLAYER_RELATES_PLAYER">
								<ParameterList/>
							</Action>
							<Action
								Type="PLAYER_RELATES_PLAYER">
								<ParameterList/>
							</Action>
							<Action
								Type="SET_COUNTER">
								<ParameterList/>
							</Action>
						</Script>
						<Script
							id="METAMOD_DIPLOMACY_p3_p7_enemy">
							<Action
								Type="PLAYER_RELATES_PLAYER">
								<ParameterList/>
							</Action>
							<Action
								Type="PLAYER_RELATES_PLAYER">
								<ParameterList/>
							</Action>
							<Action
								Type="SET_COUNTER">
								<ParameterList/>
							</Action>
						</Script>
						<Script
							id="METAMOD_DIPLOMACY_p3_p8_enemy">
							<Action
								Type="PLAYER_RELATES_PLAYER">
								<ParameterList/>
							</Action>
							<Action
								Type="PLAYER_RELATES_PLAYER">
								<ParameterList/>
							</Action>
							<Action
								Type="SET_COUNTER">
								<ParameterList/>
							</Action>
						</Script>
						<Script
							id="METAMOD_DIPLOMACY_p4_p5_enemy">
							<Action
								Type="PLAYER_RELATES_PLAYER">
								<ParameterList/>
							</Action>
							<Action
								Type="PLAYER_RELATES_PLAYER">
								<ParameterList/>
							</Action>
							<Action
								Type="SET_COUNTER">
								<ParameterList/>
							</Action>
						</Script>
						<Script
							id="METAMOD_DIPLOMACY_p4_p6_enemy">
							<Action
								Type="PLAYER_RELATES_PLAYER">
								<ParameterList/>
							</Action>
							<Action
								Type="PLAYER_RELATES_PLAYER">
								<ParameterList/>
							</Action>
							<Action
								Type="SET_COUNTER">
								<ParameterList/>
							</Action>
						</Script>
						<Script
							id="METAMOD_DIPLOMACY_p4_p7_enemy">
							<Action
								Type="PLAYER_RELATES_PLAYER">
								<ParameterList/>
							</Action>
							<Action
								Type="PLAYER_RELATES_PLAYER">
								<ParameterList/>
							</Action>
							<Action
								Type="SET_COUNTER">
								<ParameterList/>
							</Action>
						</Script>
						<Script
							id="METAMOD_DIPLOMACY_p4_p8_enemy">
							<Action
								Type="PLAYER_RELATES_PLAYER">
								<ParameterList/>
							</Action>
							<Action
								Type="PLAYER_RELATES_PLAYER">
								<ParameterList/>
							</Action>
							<Action
								Type="SET_COUNTER">
								<ParameterList/>
							</Action>
						</Script>
						<Script
							id="METAMOD_DIPLOMACY_p5_p6_enemy">
							<Action
								Type="PLAYER_RELATES_PLAYER">
								<ParameterList/>
							</Action>
							<Action
								Type="PLAYER_RELATES_PLAYER">
								<ParameterList/>
							</Action>
							<Action
								Type="SET_COUNTER">
								<ParameterList/>
							</Action>
						</Script>
						<Script
							id="METAMOD_DIPLOMACY_p5_p7_enemy">
							<Action
								Type="PLAYER_RELATES_PLAYER">
								<ParameterList/>
							</Action>
							<Action
								Type="PLAYER_RELATES_PLAYER">
								<ParameterList/>
							</Action>
							<Action
								Type="SET_COUNTER">
								<ParameterList/>
							</Action>
						</Script>
						<Script
							id="METAMOD_DIPLOMACY_p5_p8_enemy">
							<Action
								Type="PLAYER_RELATES_PLAYER">
								<ParameterList/>
							</Action>
							<Action
								Type="PLAYER_RELATES_PLAYER">
								<ParameterList/>
							</Action>
							<Action
								Type="SET_COUNTER">
								<ParameterList/>
							</Action>
						</Script>
						<Script
							id="METAMOD_DIPLOMACY_p6_p7_enemy">
							<Action
								Type="PLAYER_RELATES_PLAYER">
								<ParameterList/>
							</Action>
							<Action
								Type="PLAYER_RELATES_PLAYER">
								<ParameterList/>
							</Action>
							<Action
								Type="SET_COUNTER">
								<ParameterList/>
							</Action>
						</Script>
						<Script
							id="METAMOD_DIPLOMACY_p6_p8_enemy">
							<Action
								Type="PLAYER_RELATES_PLAYER">
								<ParameterList/>
							</Action>
							<Action
								Type="PLAYER_RELATES_PLAYER">
								<ParameterList/>
							</Action>
							<Action
								Type="SET_COUNTER">
								<ParameterList/>
							</Action>
						</Script>
						<Script
							id="METAMOD_DIPLOMACY_p7_p8_enemy">
							<Action
								Type="PLAYER_RELATES_PLAYER">
								<ParameterList/>
							</Action>
							<Action
								Type="PLAYER_RELATES_PLAYER">
								<ParameterList/>
							</Action>
							<Action
								Type="SET_COUNTER">
								<ParameterList/>
							</Action>
						</Script>
					</ScriptGroup>
					<ScriptGroup
						id="METAMOD_DIPLOMACY_RELATION_NEUTRAL"/>
					<ScriptGroup
						id="METAMOD_DIPLOMACY_RELATION_FRIEND">
						<Script
							id="METAMOD_DIPLOMACY_p1_p2_friend">
							<Action
								Type="PLAYER_RELATES_PLAYER">
								<ParameterList/>
							</Action>
							<Action
								Type="PLAYER_RELATES_PLAYER">
								<ParameterList/>
							</Action>
							<Action
								Type="SET_COUNTER">
								<ParameterList/>
							</Action>
						</Script>
						<Script
							id="METAMOD_DIPLOMACY_p1_p3_friend">
							<Action
								Type="PLAYER_RELATES_PLAYER">
								<ParameterList/>
							</Action>
							<Action
								Type="PLAYER_RELATES_PLAYER">
								<ParameterList/>
							</Action>
							<Action
								Type="SET_COUNTER">
								<ParameterList/>
							</Action>
						</Script>
						<Script
							id="METAMOD_DIPLOMACY_p1_p4_friend">
							<Action
								Type="PLAYER_RELATES_PLAYER">
								<ParameterList/>
							</Action>
							<Action
								Type="PLAYER_RELATES_PLAYER">
								<ParameterList/>
							</Action>
							<Action
								Type="SET_COUNTER">
								<ParameterList/>
							</Action>
						</Script>
						<Script
							id="METAMOD_DIPLOMACY_p1_p5_friend">
							<Action
								Type="PLAYER_RELATES_PLAYER">
								<ParameterList/>
							</Action>
							<Action
								Type="PLAYER_RELATES_PLAYER">
								<ParameterList/>
							</Action>
							<Action
								Type="SET_COUNTER">
								<ParameterList/>
							</Action>
						</Script>
						<Script
							id="METAMOD_DIPLOMACY_p1_p6_friend">
							<Action
								Type="PLAYER_RELATES_PLAYER">
								<ParameterList/>
							</Action>
							<Action
								Type="PLAYER_RELATES_PLAYER">
								<ParameterList/>
							</Action>
							<Action
								Type="SET_COUNTER">
								<ParameterList/>
							</Action>
						</Script>
						<Script
							id="METAMOD_DIPLOMACY_p1_p7_friend">
							<Action
								Type="PLAYER_RELATES_PLAYER">
								<ParameterList/>
							</Action>
							<Action
								Type="PLAYER_RELATES_PLAYER">
								<ParameterList/>
							</Action>
							<Action
								Type="SET_COUNTER">
								<ParameterList/>
							</Action>
						</Script>
						<Script
							id="METAMOD_DIPLOMACY_p1_p8_friend">
							<Action
								Type="PLAYER_RELATES_PLAYER">
								<ParameterList/>
							</Action>
							<Action
								Type="PLAYER_RELATES_PLAYER">
								<ParameterList/>
							</Action>
							<Action
								Type="SET_COUNTER">
								<ParameterList/>
							</Action>
						</Script>
						<Script
							id="METAMOD_DIPLOMACY_p2_p3_friend">
							<Action
								Type="PLAYER_RELATES_PLAYER">
								<ParameterList/>
							</Action>
							<Action
								Type="PLAYER_RELATES_PLAYER">
								<ParameterList/>
							</Action>
							<Action
								Type="SET_COUNTER">
								<ParameterList/>
							</Action>
						</Script>
						<Script
							id="METAMOD_DIPLOMACY_p2_p4_friend">
							<Action
								Type="PLAYER_RELATES_PLAYER">
								<ParameterList/>
							</Action>
							<Action
								Type="PLAYER_RELATES_PLAYER">
								<ParameterList/>
							</Action>
							<Action
								Type="SET_COUNTER">
								<ParameterList/>
							</Action>
						</Script>
						<Script
							id="METAMOD_DIPLOMACY_p2_p5_friend">
							<Action
								Type="PLAYER_RELATES_PLAYER">
								<ParameterList/>
							</Action>
							<Action
								Type="PLAYER_RELATES_PLAYER">
								<ParameterList/>
							</Action>
							<Action
								Type="SET_COUNTER">
								<ParameterList/>
							</Action>
						</Script>
						<Script
							id="METAMOD_DIPLOMACY_p2_p6_friend">
							<Action
								Type="PLAYER_RELATES_PLAYER">
								<ParameterList/>
							</Action>
							<Action
								Type="PLAYER_RELATES_PLAYER">
								<ParameterList/>
							</Action>
							<Action
								Type="SET_COUNTER">
								<ParameterList/>
							</Action>
						</Script>
						<Script
							id="METAMOD_DIPLOMACY_p2_p7_friend">
							<Action
								Type="PLAYER_RELATES_PLAYER">
								<ParameterList/>
							</Action>
							<Action
								Type="PLAYER_RELATES_PLAYER">
								<ParameterList/>
							</Action>
							<Action
								Type="SET_COUNTER">
								<ParameterList/>
							</Action>
						</Script>
						<Script
							id="METAMOD_DIPLOMACY_p2_p8_friend">
							<Action
								Type="PLAYER_RELATES_PLAYER">
								<ParameterList/>
							</Action>
							<Action
								Type="PLAYER_RELATES_PLAYER">
								<ParameterList/>
							</Action>
							<Action
								Type="SET_COUNTER">
								<ParameterList/>
							</Action>
						</Script>
						<Script
							id="METAMOD_DIPLOMACY_p3_p4_friend">
							<Action
								Type="PLAYER_RELATES_PLAYER">
								<ParameterList/>
							</Action>
							<Action
								Type="PLAYER_RELATES_PLAYER">
								<ParameterList/>
							</Action>
							<Action
								Type="SET_COUNTER">
								<ParameterList/>
							</Action>
						</Script>
						<Script
							id="METAMOD_DIPLOMACY_p3_p5_friend">
							<Action
								Type="PLAYER_RELATES_PLAYER">
								<ParameterList/>
							</Action>
							<Action
								Type="PLAYER_RELATES_PLAYER">
								<ParameterList/>
							</Action>
							<Action
								Type="SET_COUNTER">
								<ParameterList/>
							</Action>
						</Script>
						<Script
							id="METAMOD_DIPLOMACY_p3_p6_friend">
							<Action
								Type="PLAYER_RELATES_PLAYER">
								<ParameterList/>
							</Action>
							<Action
								Type="PLAYER_RELATES_PLAYER">
								<ParameterList/>
							</Action>
							<Action
								Type="SET_COUNTER">
								<ParameterList/>
							</Action>
						</Script>
						<Script
							id="METAMOD_DIPLOMACY_p3_p7_friend">
							<Action
								Type="PLAYER_RELATES_PLAYER">
								<ParameterList/>
							</Action>
							<Action
								Type="PLAYER_RELATES_PLAYER">
								<ParameterList/>
							</Action>
							<Action
								Type="SET_COUNTER">
								<ParameterList/>
							</Action>
						</Script>
						<Script
							id="METAMOD_DIPLOMACY_p3_p8_friend">
							<Action
								Type="PLAYER_RELATES_PLAYER">
								<ParameterList/>
							</Action>
							<Action
								Type="PLAYER_RELATES_PLAYER">
								<ParameterList/>
							</Action>
							<Action
								Type="SET_COUNTER">
								<ParameterList/>
							</Action>
						</Script>
						<Script
							id="METAMOD_DIPLOMACY_p4_p5_friend">
							<Action
								Type="PLAYER_RELATES_PLAYER">
								<ParameterList/>
							</Action>
							<Action
								Type="PLAYER_RELATES_PLAYER">
								<ParameterList/>
							</Action>
							<Action
								Type="SET_COUNTER">
								<ParameterList/>
							</Action>
						</Script>
						<Script
							id="METAMOD_DIPLOMACY_p4_p6_friend">
							<Action
								Type="PLAYER_RELATES_PLAYER">
								<ParameterList/>
							</Action>
							<Action
								Type="PLAYER_RELATES_PLAYER">
								<ParameterList/>
							</Action>
							<Action
								Type="SET_COUNTER">
								<ParameterList/>
							</Action>
						</Script>
						<Script
							id="METAMOD_DIPLOMACY_p4_p7_friend">
							<Action
								Type="PLAYER_RELATES_PLAYER">
								<ParameterList/>
							</Action>
							<Action
								Type="PLAYER_RELATES_PLAYER">
								<ParameterList/>
							</Action>
							<Action
								Type="SET_COUNTER">
								<ParameterList/>
							</Action>
						</Script>
						<Script
							id="METAMOD_DIPLOMACY_p4_p8_friend">
							<Action
								Type="PLAYER_RELATES_PLAYER">
								<ParameterList/>
							</Action>
							<Action
								Type="PLAYER_RELATES_PLAYER">
								<ParameterList/>
							</Action>
							<Action
								Type="SET_COUNTER">
								<ParameterList/>
							</Action>
						</Script>
						<Script
							id="METAMOD_DIPLOMACY_p5_p6_friend">
							<Action
								Type="PLAYER_RELATES_PLAYER">
								<ParameterList/>
							</Action>
							<Action
								Type="PLAYER_RELATES_PLAYER">
								<ParameterList/>
							</Action>
							<Action
								Type="SET_COUNTER">
								<ParameterList/>
							</Action>
						</Script>
						<Script
							id="METAMOD_DIPLOMACY_p5_p7_friend">
							<Action
								Type="PLAYER_RELATES_PLAYER">
								<ParameterList/>
							</Action>
							<Action
								Type="PLAYER_RELATES_PLAYER">
								<ParameterList/>
							</Action>
							<Action
								Type="SET_COUNTER">
								<ParameterList/>
							</Action>
						</Script>
						<Script
							id="METAMOD_DIPLOMACY_p5_p8_friend">
							<Action
								Type="PLAYER_RELATES_PLAYER">
								<ParameterList/>
							</Action>
							<Action
								Type="PLAYER_RELATES_PLAYER">
								<ParameterList/>
							</Action>
							<Action
								Type="SET_COUNTER">
								<ParameterList/>
							</Action>
						</Script>
						<Script
							id="METAMOD_DIPLOMACY_p6_p7_friend">
							<Action
								Type="PLAYER_RELATES_PLAYER">
								<ParameterList/>
							</Action>
							<Action
								Type="PLAYER_RELATES_PLAYER">
								<ParameterList/>
							</Action>
							<Action
								Type="SET_COUNTER">
								<ParameterList/>
							</Action>
						</Script>
						<Script
							id="METAMOD_DIPLOMACY_p6_p8_friend">
							<Action
								Type="PLAYER_RELATES_PLAYER">
								<ParameterList/>
							</Action>
							<Action
								Type="PLAYER_RELATES_PLAYER">
								<ParameterList/>
							</Action>
							<Action
								Type="SET_COUNTER">
								<ParameterList/>
							</Action>
						</Script>
						<Script
							id="METAMOD_DIPLOMACY_p7_p8_friend">
							<Action
								Type="PLAYER_RELATES_PLAYER">
								<ParameterList/>
							</Action>
							<Action
								Type="PLAYER_RELATES_PLAYER">
								<ParameterList/>
							</Action>
							<Action
								Type="SET_COUNTER">
								<ParameterList/>
							</Action>
						</Script>
					</ScriptGroup>
				</ScriptGroup>
				<ScriptGroup
					id="METAMOD_ARTOFDEFENSE/TOWERDEFENSE">
					<Script
						id="METAMOD_ARTOFDEFENSE_ACTIVE">
						<Action
							Type="SET_COUNTER">
							<ParameterList/>
						</Action>
					</Script>
					<Script
						id="METAMOD_ARTOFDEFENSE_WAYPOINT_DISTANCE">
						<Action
							Type="SET_COUNTER">
							<ParameterList/>
						</Action>
					</Script>
					<Script
						id="METAMOD_TOWERDEFENSE_ACTIVE">
						<Action
							Type="SET_COUNTER">
							<ParameterList/>
						</Action>
					</Script>
					<Script
						id="METAMOD_TOWERDEFENSE_OBJECT_NAME">
						<Action
							Type="SET_UNIT_REFERENCE">
							<ParameterList/>
						</Action>
					</Script>
				</ScriptGroup>
				<ScriptGroup
					id="METAMOD_INFORMATION_COUNTERS">
					<Script
						id="METAMOD_INFORMATION_COUNTERS_REFRESH_COUNTER">
						<Action
							Type="SET_COUNTER">
							<ParameterList/>
						</Action>
					</Script>
					<Script
						id="METAMOD_INFORMATION_COUNTER_ACTIVATION_LISTENER">
						<Action
							Type="ENABLE_SCRIPT">
							<ParameterList/>
						</Action>
						<Action
							Type="ENABLE_SCRIPT">
							<ParameterList/>
						</Action>
						<Action
							Type="DISABLE_SCRIPT">
							<ParameterList/>
						</Action>
						<Action
							Type="DISABLE_SCRIPT">
							<ParameterList/>
						</Action>
					</Script>
					<Script
						id="METAMOD_REFRESH_PLAYER_MONEY_COUNTERS">
						<Action
							Type="SET_PLAYER_MONEY_TO_COUNTER">
							<ParameterList/>
						</Action>
						<Action
							Type="SET_PLAYER_MONEY_TO_COUNTER">
							<ParameterList/>
						</Action>
						<Action
							Type="SET_PLAYER_MONEY_TO_COUNTER">
							<ParameterList/>
						</Action>
						<Action
							Type="SET_PLAYER_MONEY_TO_COUNTER">
							<ParameterList/>
						</Action>
						<Action
							Type="SET_PLAYER_MONEY_TO_COUNTER">
							<ParameterList/>
						</Action>
						<Action
							Type="SET_PLAYER_MONEY_TO_COUNTER">
							<ParameterList/>
						</Action>
						<Action
							Type="SET_PLAYER_MONEY_TO_COUNTER">
							<ParameterList/>
						</Action>
						<Action
							Type="SET_PLAYER_MONEY_TO_COUNTER">
							<ParameterList/>
						</Action>
						<Action
							Type="SET_COUNTER">
							<ParameterList/>
						</Action>
					</Script>
					<Script
						id="METAMOD_REFRESH_PLAYER_KILL_COUNTERS">
						<Action
							Type="SET_PLAYER_KILLS_OF_KINDOF_TO_COUNTER">
							<ParameterList/>
						</Action>
						<Action
							Type="SET_PLAYER_KILLS_OF_KINDOF_TO_COUNTER">
							<ParameterList/>
						</Action>
						<Action
							Type="SET_PLAYER_KILLS_OF_KINDOF_TO_COUNTER">
							<ParameterList/>
						</Action>
						<Action
							Type="SET_PLAYER_KILLS_OF_KINDOF_TO_COUNTER">
							<ParameterList/>
						</Action>
						<Action
							Type="SET_PLAYER_KILLS_OF_KINDOF_TO_COUNTER">
							<ParameterList/>
						</Action>
						<Action
							Type="SET_PLAYER_KILLS_OF_KINDOF_TO_COUNTER">
							<ParameterList/>
						</Action>
						<Action
							Type="SET_PLAYER_KILLS_OF_KINDOF_TO_COUNTER">
							<ParameterList/>
						</Action>
						<Action
							Type="SET_PLAYER_KILLS_OF_KINDOF_TO_COUNTER">
							<ParameterList/>
						</Action>
						<Action
							Type="SET_PLAYER_KILLS_OF_KINDOF_TO_COUNTER">
							<ParameterList/>
						</Action>
						<Action
							Type="SET_PLAYER_KILLS_OF_KINDOF_TO_COUNTER">
							<ParameterList/>
						</Action>
						<Action
							Type="SET_PLAYER_KILLS_OF_KINDOF_TO_COUNTER">
							<ParameterList/>
						</Action>
						<Action
							Type="SET_PLAYER_KILLS_OF_KINDOF_TO_COUNTER">
							<ParameterList/>
						</Action>
						<Action
							Type="SET_PLAYER_KILLS_OF_KINDOF_TO_COUNTER">
							<ParameterList/>
						</Action>
						<Action
							Type="SET_PLAYER_KILLS_OF_KINDOF_TO_COUNTER">
							<ParameterList/>
						</Action>
						<Action
							Type="SET_PLAYER_KILLS_OF_KINDOF_TO_COUNTER">
							<ParameterList/>
						</Action>
						<Action
							Type="SET_PLAYER_KILLS_OF_KINDOF_TO_COUNTER">
							<ParameterList/>
						</Action>
						<Action
							Type="SET_PLAYER_KILLS_OF_KINDOF_TO_COUNTER">
							<ParameterList/>
						</Action>
						<Action
							Type="SET_PLAYER_KILLS_OF_KINDOF_TO_COUNTER">
							<ParameterList/>
						</Action>
						<Action
							Type="SET_PLAYER_KILLS_OF_KINDOF_TO_COUNTER">
							<ParameterList/>
						</Action>
						<Action
							Type="SET_PLAYER_KILLS_OF_KINDOF_TO_COUNTER">
							<ParameterList/>
						</Action>
						<Action
							Type="SET_PLAYER_KILLS_OF_KINDOF_TO_COUNTER">
							<ParameterList/>
						</Action>
						<Action
							Type="SET_PLAYER_KILLS_OF_KINDOF_TO_COUNTER">
							<ParameterList/>
						</Action>
						<Action
							Type="SET_PLAYER_KILLS_OF_KINDOF_TO_COUNTER">
							<ParameterList/>
						</Action>
						<Action
							Type="SET_PLAYER_KILLS_OF_KINDOF_TO_COUNTER">
							<ParameterList/>
						</Action>
						<Action
							Type="SET_COUNTER">
							<ParameterList/>
						</Action>
					</Script>
				</ScriptGroup>
				<ScriptGroup
					id="METAMOD_MISC">
					<Script
						id="RENEGADE_WARS_ACTIVE">
						<Action
							Type="SET_COUNTER">
							<ParameterList/>
						</Action>
					</Script>
					<ScriptGroup
						id="METAMOD_CHANGE_FPS">
						<Script
							id="METAMOD_FPS_COMMAND_COUNTER">
							<Action
								Type="SET_COUNTER">
								<ParameterList/>
							</Action>
						</Script>
						<Script
							id="METAMOD_CHANGE_FPS_LISTENER">
							<Action
								Type="ENABLE_SCRIPT">
								<ParameterList/>
							</Action>
							<Action
								Type="DISABLE_SCRIPT">
								<ParameterList/>
							</Action>
						</Script>
						<ScriptGroup
							id="METAMOD_FPS_COMMANDS">
							<Script
								id="METAMOD_FPS_30">
								<Action
									Type="SET_FPS_LIMIT">
									<ParameterList/>
								</Action>
								<Action
									Type="SET_COUNTER">
									<ParameterList/>
								</Action>
							</Script>
							<Script
								id="METAMOD_FPS_45">
								<Action
									Type="SET_FPS_LIMIT">
									<ParameterList/>
								</Action>
								<Action
									Type="SET_COUNTER">
									<ParameterList/>
								</Action>
							</Script>
							<Script
								id="METAMOD_FPS_60">
								<Action
									Type="SET_FPS_LIMIT">
									<ParameterList/>
								</Action>
								<Action
									Type="SET_COUNTER">
									<ParameterList/>
								</Action>
							</Script>
						</ScriptGroup>
					</ScriptGroup>
				</ScriptGroup>
			</ScriptGroup>
		</ScriptSet>
	</GameScriptList>
	<GameScriptList
		id="PlyrCivilian">
		<ScriptSet/>
	</GameScriptList>
	<GameScriptList
		id="PlyrCreeps">
		<ScriptSet/>
	</GameScriptList>
	<GameScriptList
		id="Skirmish">
		<ScriptSet/>
	</GameScriptList>
	<GameScriptList
		id="SkirmishNull">
		<ScriptSet/>
	</GameScriptList>
	<GameScriptList
		id="SkirmishObserver">
		<ScriptSet/>
	</GameScriptList>
	<GameScriptList
		id="SkirmishCommentator">
		<ScriptSet/>
	</GameScriptList>
	<GameScriptList
		id="SkirmishCivilian">
		<ScriptSet/>
	</GameScriptList>
	<GameScriptList
		id="SkirmishNeutral">
		<ScriptSet/>
	</GameScriptList>
	<GameScriptList
		id="SkirmishGDI">
		<ScriptSet/>
	</GameScriptList>
	<GameScriptList
		id="SkirmishSteelTalons">
		<ScriptSet/>
	</GameScriptList>
	<GameScriptList
		id="SkirmishZOCOM">
		<ScriptSet/>
	</GameScriptList>
	<GameScriptList
		id="SkirmishNod">
		<ScriptSet/>
	</GameScriptList>
	<GameScriptList
		id="SkirmishBlackHand">
		<ScriptSet/>
	</GameScriptList>
	<GameScriptList
		id="SkirmishMarkedOfKane">
		<ScriptSet/>
	</GameScriptList>
	<GameScriptList
		id="SkirmishAlien">
		<ScriptSet/>
	</GameScriptList>
	<GameScriptList
		id="SkirmishReaper17">
		<ScriptSet/>
	</GameScriptList>
	<GameScriptList
		id="SkirmishTraveler59">
		<ScriptSet/>
	</GameScriptList>
	<GameScriptList
		id="Player_1">
		<ScriptSet/>
	</GameScriptList>
	<GameScriptList
		id="Player_2">
		<ScriptSet/>
	</GameScriptList>
	<GameScriptList
		id="Player_3">
		<ScriptSet/>
	</GameScriptList>
	<GameScriptList
		id="Player_4">
		<ScriptSet/>
	</GameScriptList>
</AssetDeclaration>