<?xml version="1.0" encoding="UTF-8"?>
<AssetDeclaration
	xmlns="uri:ea.com:eala:asset"
	xmlns:xsi="http://www.w3.org/2001/XMLSchema-instance">
	<Tags/>
	<Includes>
		<Include
			source="DATA:static.xml"
			type="reference"/>
		<Include
			source="DATA:global.xml"
			type="reference"/>
		<Include
			source="ART:EVDefault.xml"
			type="instance"/>
		<Include
			source="ART:TSCloudMed.xml"
			type="instance"/>
		<Include
			source="ART:TSNoiseUrb.xml"
			type="instance"/>
		<Include
			source="DATA:GlobalData/roads.xml"
			type="instance"/>
		<Include
			source="DATA:sounds/musicscript_unknownzone.xml"
			type="instance"/>
		<Include
			source="overrides.xml"
			type="all"/>
	</Includes>
	<GameMap
		id="MetaModWidefield3">
		<Waypoint
			id="Player_8_Start">
			<Position
				x="496.601"
				y="6895.75"
				z="0"/>
		</Waypoint>
		<Waypoint
			id="Player_7_Start">
			<Position
				x="512.774"
				y="6453.31"
				z="0"/>
		</Waypoint>
		<Waypoint
			id="Player_6_Start">
			<Position
				x="516.101"
				y="6068.63"
				z="0"/>
		</Waypoint>
		<Waypoint
			id="Player_5_Start">
			<Position
				x="521.538"
				y="5676.15"
				z="0"/>
		</Waypoint>
		<Waypoint
			id="Player_4_Start">
			<Position
				x="529.561"
				y="1925.25"
				z="0"/>
		</Waypoint>
		<Waypoint
			id="Player_3_Start">
			<Position
				x="533.818"
				y="1484.6"
				z="0"/>
		</Waypoint>
		<Waypoint
			id="Player_2_Start">
			<Position
				x="529.776"
				y="1024.41"
				z="0"/>
		</Waypoint>
		<Waypoint
			id="Player_1_Start">
			<Position
				x="518.574"
				y="527.408"
				z="0"/>
		</Waypoint>
		<Prop
			Angle="0"
			EventList=""
			Faction="SkirmishNeutral/teamSkirmishNeutral"
			Health="100"
			Team="SkirmishNeutral"
			ThingTemplate="TiberiumField"
			id="TiberiumField">
			<Position
				x="966.16"
				y="6524.27"
				z="0"/>
		</Prop>
		<Prop
			Angle="0"
			EventList=""
			Faction="SkirmishNeutral/teamSkirmishNeutral"
			Health="100"
			Team="SkirmishNeutral"
			ThingTemplate="TiberiumField"
			id="TiberiumField">
			<Position
				x="56.8855"
				y="6100.9"
				z="0"/>
		</Prop>
		<Prop
			Angle="0"
			EventList=""
			Faction="SkirmishNeutral/teamSkirmishNeutral"
			Health="100"
			Team="SkirmishNeutral"
			ThingTemplate="TiberiumField"
			id="TiberiumField">
			<Position
				x="951.613"
				y="5698.55"
				z="0"/>
		</Prop>
		<Prop
			Angle="0"
			EventList=""
			Faction="SkirmishNeutral/teamSkirmishNeutral"
			Health="100"
			Team="SkirmishNeutral"
			ThingTemplate="TiberiumField"
			id="TiberiumField">
			<Position
				x="58.946"
				y="950.525"
				z="0"/>
		</Prop>
		<Prop
			Angle="0"
			EventList=""
			Faction="SkirmishNeutral/teamSkirmishNeutral"
			Health="100"
			Team="SkirmishNeutral"
			ThingTemplate="TiberiumField"
			id="TiberiumField">
			<Position
				x="951.013"
				y="1361.7"
				z="0"/>
		</Prop>
		<Prop
			Angle="0"
			EventList=""
			Faction="SkirmishNeutral/teamSkirmishNeutral"
			Health="100"
			Team="SkirmishNeutral"
			ThingTemplate="TiberiumField"
			id="TiberiumField">
			<Position
				x="59.5191"
				y="1777.16"
				z="0"/>
		</Prop>
		<Prop
			Angle="0"
			EventList=""
			Faction="SkirmishNeutral/teamSkirmishNeutral"
			Health="100"
			Team="SkirmishNeutral"
			ThingTemplate="TiberiumField"
			id="TiberiumField">
			<Position
				x="330.358"
				y="7335.28"
				z="0"/>
		</Prop>
		<Prop
			Angle="0"
			EventList=""
			Faction="SkirmishNeutral/teamSkirmishNeutral"
			Health="100"
			Team="SkirmishNeutral"
			ThingTemplate="TiberiumField"
			id="TiberiumField">
			<Position
				x="647.954"
				y="7345.19"
				z="0"/>
		</Prop>
		<Prop
			Angle="0"
			EventList=""
			Faction="SkirmishNeutral/teamSkirmishNeutral"
			Health="100"
			Team="SkirmishNeutral"
			ThingTemplate="TiberiumField"
			id="TiberiumField">
			<Position
				x="346.571"
				y="149.158"
				z="0"/>
		</Prop>
		<Prop
			Angle="0"
			EventList=""
			Faction="SkirmishNeutral/teamSkirmishNeutral"
			Health="100"
			Team="SkirmishNeutral"
			ThingTemplate="TiberiumField"
			id="TiberiumField">
			<Position
				x="679.897"
				y="154.469"
				z="0"/>
		</Prop>
		<MapMetaData
			BorderSize="5"
			CRC="0"
			Description="Map:MetaMod-Widefield3/Desc"
			DisplayName="MetaMod-Widefield3"
			FileName="Data"
			Height="760"
			IsMultiplayer="true"
			IsOfficial="false"
			NumPlayers="8"
			Width="110">
			<StartPosition
				Name="InitialCameraPosition">
				<Position
					x="0"
					y="0"
					z="0"/>
			</StartPosition>
			<StartPosition
				Name="Player_1_Start">
				<Position
					x="518.574"
					y="527.408"
					z="0"/>
			</StartPosition>
			<StartPosition
				Name="Player_2_Start">
				<Position
					x="529.776"
					y="1024.41"
					z="0"/>
			</StartPosition>
			<StartPosition
				Name="Player_3_Start">
				<Position
					x="533.818"
					y="1484.6"
					z="0"/>
			</StartPosition>
			<StartPosition
				Name="Player_4_Start">
				<Position
					x="529.561"
					y="1925.25"
					z="0"/>
			</StartPosition>
			<StartPosition
				Name="Player_5_Start">
				<Position
					x="521.538"
					y="5676.15"
					z="0"/>
			</StartPosition>
			<StartPosition
				Name="Player_6_Start">
				<Position
					x="516.101"
					y="6068.63"
					z="0"/>
			</StartPosition>
			<StartPosition
				Name="Player_7_Start">
				<Position
					x="512.774"
					y="6453.31"
					z="0"/>
			</StartPosition>
			<StartPosition
				Name="Player_8_Start">
				<Position
					x="496.601"
					y="6895.75"
					z="0"/>
			</StartPosition>
		</MapMetaData>
		<EnvironmentData
			Cloud="TSCloudMed"
			Environment="EVDefault"
			Macro="TSNoiseUrb"/>
		<WorldDict>
			<RealProperty
				Key="cameraMaxHeight"
				Value="700"/>
			<RealProperty
				Key="cameraPitchAngle"
				Value="45.5"/>
			<BoolProperty
				Key="isLivingWorldScriptHolder"
				Value="false"/>
			<AssetIdProperty
				Key="musicZone"
				Value="MusicPalette_NotSet"/>
			<StringProperty
				Key="mapName"
				Value="MetaMod-Widefield3"/>
			<StringProperty
				Key="mapDescription"
				Value=""/>
			<IntProperty
				Key="compression"
				Value="1"/>
			<RealProperty
				Key="cameraGroundMinHeight"
				Value="0"/>
			<RealProperty
				Key="cameraGroundMaxHeight"
				Value="2560"/>
			<BoolProperty
				Key="isScenarioMultiplayer"
				Value="false"/>
			<IntProperty
				Key="weather"
				Value="0"/>
		</WorldDict>
	</GameMap>
	<TerrainTextureAtlas
		AllowLossyCompression="true"
		AtlasSize="2048"
		id="MetaModWidefield3">
		<Tile
			BaseTexture="ART:Terrain/CnC3Grid2.tga"
			NormalTexture="ART:Terrain/CnC3Grid2_nrm.tga"
			TextureID="522410948"/>
		<Tile
			BaseTexture="ART:Terrain/TPave_Plaza01.tga"
			NormalTexture="ART:Terrain/TPave_Plaza01_nrm.tga"
			TextureID="1271898625"/>
	</TerrainTextureAtlas>
	<GameScriptList
		id="_neutral_">
		<ScriptSet>
			<Script
				id="BonusAreaTrigger">
				<Action
					Type="PLAYER_GIVE_MONEY">
					<ParameterList/>
				</Action>
				<Action
					Type="UNIT_AI_TRANSFER_ALL">
					<ParameterList/>
				</Action>
			</Script>
			<Script
				id="BonusAreaTrigger__1 1">
				<Action
					Type="UNIT_AI_TRANSFER_ALL">
					<ParameterList/>
				</Action>
			</Script>
			<ScriptGroup
				id="METAMOD_SCRIPTS">
				<Script
					id="METAMOD_MODSTATUS_RECEIVER">
					<Action
						Type="ENABLE_SCRIPT">
						<ParameterList/>
					</Action>
					<Action
						Type="ENABLE_SCRIPT">
						<ParameterList/>
					</Action>
					<Action
						Type="ENABLE_SCRIPT">
						<ParameterList/>
					</Action>
					<Action
						Type="ENABLE_SCRIPT">
						<ParameterList/>
					</Action>
					<Action
						Type="DISABLE_SCRIPT">
						<ParameterList/>
					</Action>
				</Script>
				<Script
					id="METAMOD_MAPSCRIPT_ACTIVE">
					<Action
						Type="SET_COUNTER">
						<ParameterList/>
					</Action>
				</Script>
				<Script
					id="METAMOD_CLICK_HERE_FOR_INFO">
					<Action
						Type="NO_OP">
						<ParameterList/>
					</Action>
				</Script>
				<ScriptGroup
					id="METAMOD_EXTENDED_DIPLOMACY">
					<Script
						id="METAMOD_EXTENDED_DIPLOMACY_ACTIVE">
						<Action
							Type="SET_COUNTER">
							<ParameterList/>
						</Action>
						<Action
							Type="SET_FLAG">
							<ParameterList/>
						</Action>
					</Script>
					<Script
						id="METAMOD_DIPLOMACY_COMMAND_COUNTER">
						<Action
							Type="SET_COUNTER">
							<ParameterList/>
						</Action>
					</Script>
					<Script
						id="METAMOD_DIPLOMACY_COMMANDCOUNTER_LISTENER">
						<Action
							Type="ENABLE_SCRIPT">
							<ParameterList/>
						</Action>
						<Action
							Type="ENABLE_SCRIPT">
							<ParameterList/>
						</Action>
						<Action
							Type="DISABLE_SCRIPT">
							<ParameterList/>
						</Action>
						<Action
							Type="DISABLE_SCRIPT">
							<ParameterList/>
						</Action>
					</Script>
					<ScriptGroup
						id="METAMOD_DIPLOMACY_RELATION_ENEMY">
						<Script
							id="METAMOD_DIPLOMACY_p1_p2_enemy">
							<Action
								Type="PLAYER_RELATES_PLAYER">
								<ParameterList/>
							</Action>
							<Action
								Type="PLAYER_RELATES_PLAYER">
								<ParameterList/>
							</Action>
							<Action
								Type="SET_COUNTER">
								<ParameterList/>
							</Action>
						</Script>
						<Script
							id="METAMOD_DIPLOMACY_p1_p3_enemy">
							<Action
								Type="PLAYER_RELATES_PLAYER">
								<ParameterList/>
							</Action>
							<Action
								Type="PLAYER_RELATES_PLAYER">
								<ParameterList/>
							</Action>
							<Action
								Type="SET_COUNTER">
								<ParameterList/>
							</Action>
						</Script>
						<Script
							id="METAMOD_DIPLOMACY_p1_p4_enemy">
							<Action
								Type="PLAYER_RELATES_PLAYER">
								<ParameterList/>
							</Action>
							<Action
								Type="PLAYER_RELATES_PLAYER">
								<ParameterList/>
							</Action>
							<Action
								Type="SET_COUNTER">
								<ParameterList/>
							</Action>
						</Script>
						<Script
							id="METAMOD_DIPLOMACY_p1_p5_enemy">
							<Action
								Type="PLAYER_RELATES_PLAYER">
								<ParameterList/>
							</Action>
							<Action
								Type="PLAYER_RELATES_PLAYER">
								<ParameterList/>
							</Action>
							<Action
								Type="SET_COUNTER">
								<ParameterList/>
							</Action>
						</Script>
						<Script
							id="METAMOD_DIPLOMACY_p1_p6_enemy">
							<Action
								Type="PLAYER_RELATES_PLAYER">
								<ParameterList/>
							</Action>
							<Action
								Type="PLAYER_RELATES_PLAYER">
								<ParameterList/>
							</Action>
							<Action
								Type="SET_COUNTER">
								<ParameterList/>
							</Action>
						</Script>
						<Script
							id="METAMOD_DIPLOMACY_p1_p7_enemy">
							<Action
								Type="PLAYER_RELATES_PLAYER">
								<ParameterList/>
							</Action>
							<Action
								Type="PLAYER_RELATES_PLAYER">
								<ParameterList/>
							</Action>
							<Action
								Type="SET_COUNTER">
								<ParameterList/>
							</Action>
						</Script>
						<Script
							id="METAMOD_DIPLOMACY_p1_p8_enemy">
							<Action
								Type="PLAYER_RELATES_PLAYER">
								<ParameterList/>
							</Action>
							<Action
								Type="PLAYER_RELATES_PLAYER">
								<ParameterList/>
							</Action>
							<Action
								Type="SET_COUNTER">
								<ParameterList/>
							</Action>
						</Script>
						<Script
							id="METAMOD_DIPLOMACY_p2_p3_enemy">
							<Action
								Type="PLAYER_RELATES_PLAYER">
								<ParameterList/>
							</Action>
							<Action
								Type="PLAYER_RELATES_PLAYER">
								<ParameterList/>
							</Action>
							<Action
								Type="SET_COUNTER">
								<ParameterList/>
							</Action>
						</Script>
						<Script
							id="METAMOD_DIPLOMACY_p2_p4_enemy">
							<Action
								Type="PLAYER_RELATES_PLAYER">
								<ParameterList/>
							</Action>
							<Action
								Type="PLAYER_RELATES_PLAYER">
								<ParameterList/>
							</Action>
							<Action
								Type="SET_COUNTER">
								<ParameterList/>
							</Action>
						</Script>
						<Script
							id="METAMOD_DIPLOMACY_p2_p5_enemy">
							<Action
								Type="PLAYER_RELATES_PLAYER">
								<ParameterList/>
							</Action>
							<Action
								Type="PLAYER_RELATES_PLAYER">
								<ParameterList/>
							</Action>
							<Action
								Type="SET_COUNTER">
								<ParameterList/>
							</Action>
						</Script>
						<Script
							id="METAMOD_DIPLOMACY_p2_p6_enemy">
							<Action
								Type="PLAYER_RELATES_PLAYER">
								<ParameterList/>
							</Action>
							<Action
								Type="PLAYER_RELATES_PLAYER">
								<ParameterList/>
							</Action>
							<Action
								Type="SET_COUNTER">
								<ParameterList/>
							</Action>
						</Script>
						<Script
							id="METAMOD_DIPLOMACY_p2_p7_enemy">
							<Action
								Type="PLAYER_RELATES_PLAYER">
								<ParameterList/>
							</Action>
							<Action
								Type="PLAYER_RELATES_PLAYER">
								<ParameterList/>
							</Action>
							<Action
								Type="SET_COUNTER">
								<ParameterList/>
							</Action>
						</Script>
						<Script
							id="METAMOD_DIPLOMACY_p2_p8_enemy">
							<Action
								Type="PLAYER_RELATES_PLAYER">
								<ParameterList/>
							</Action>
							<Action
								Type="PLAYER_RELATES_PLAYER">
								<ParameterList/>
							</Action>
							<Action
								Type="SET_COUNTER">
								<ParameterList/>
							</Action>
						</Script>
						<Script
							id="METAMOD_DIPLOMACY_p3_p4_enemy">
							<Action
								Type="PLAYER_RELATES_PLAYER">
								<ParameterList/>
							</Action>
							<Action
								Type="PLAYER_RELATES_PLAYER">
								<ParameterList/>
							</Action>
							<Action
								Type="SET_COUNTER">
								<ParameterList/>
							</Action>
						</Script>
						<Script
							id="METAMOD_DIPLOMACY_p3_p5_enemy">
							<Action
								Type="PLAYER_RELATES_PLAYER">
								<ParameterList/>
							</Action>
							<Action
								Type="PLAYER_RELATES_PLAYER">
								<ParameterList/>
							</Action>
							<Action
								Type="SET_COUNTER">
								<ParameterList/>
							</Action>
						</Script>
						<Script
							id="METAMOD_DIPLOMACY_p3_p6_enemy">
							<Action
								Type="PLAYER_RELATES_PLAYER">
								<ParameterList/>
							</Action>
							<Action
								Type="PLAYER_RELATES_PLAYER">
								<ParameterList/>
							</Action>
							<Action
								Type="SET_COUNTER">
								<ParameterList/>
							</Action>
						</Script>
						<Script
							id="METAMOD_DIPLOMACY_p3_p7_enemy">
							<Action
								Type="PLAYER_RELATES_PLAYER">
								<ParameterList/>
							</Action>
							<Action
								Type="PLAYER_RELATES_PLAYER">
								<ParameterList/>
							</Action>
							<Action
								Type="SET_COUNTER">
								<ParameterList/>
							</Action>
						</Script>
						<Script
							id="METAMOD_DIPLOMACY_p3_p8_enemy">
							<Action
								Type="PLAYER_RELATES_PLAYER">
								<ParameterList/>
							</Action>
							<Action
								Type="PLAYER_RELATES_PLAYER">
								<ParameterList/>
							</Action>
							<Action
								Type="SET_COUNTER">
								<ParameterList/>
							</Action>
						</Script>
						<Script
							id="METAMOD_DIPLOMACY_p4_p5_enemy">
							<Action
								Type="PLAYER_RELATES_PLAYER">
								<ParameterList/>
							</Action>
							<Action
								Type="PLAYER_RELATES_PLAYER">
								<ParameterList/>
							</Action>
							<Action
								Type="SET_COUNTER">
								<ParameterList/>
							</Action>
						</Script>
						<Script
							id="METAMOD_DIPLOMACY_p4_p6_enemy">
							<Action
								Type="PLAYER_RELATES_PLAYER">
								<ParameterList/>
							</Action>
							<Action
								Type="PLAYER_RELATES_PLAYER">
								<ParameterList/>
							</Action>
							<Action
								Type="SET_COUNTER">
								<ParameterList/>
							</Action>
						</Script>
						<Script
							id="METAMOD_DIPLOMACY_p4_p7_enemy">
							<Action
								Type="PLAYER_RELATES_PLAYER">
								<ParameterList/>
							</Action>
							<Action
								Type="PLAYER_RELATES_PLAYER">
								<ParameterList/>
							</Action>
							<Action
								Type="SET_COUNTER">
								<ParameterList/>
							</Action>
						</Script>
						<Script
							id="METAMOD_DIPLOMACY_p4_p8_enemy">
							<Action
								Type="PLAYER_RELATES_PLAYER">
								<ParameterList/>
							</Action>
							<Action
								Type="PLAYER_RELATES_PLAYER">
								<ParameterList/>
							</Action>
							<Action
								Type="SET_COUNTER">
								<ParameterList/>
							</Action>
						</Script>
						<Script
							id="METAMOD_DIPLOMACY_p5_p6_enemy">
							<Action
								Type="PLAYER_RELATES_PLAYER">
								<ParameterList/>
							</Action>
							<Action
								Type="PLAYER_RELATES_PLAYER">
								<ParameterList/>
							</Action>
							<Action
								Type="SET_COUNTER">
								<ParameterList/>
							</Action>
						</Script>
						<Script
							id="METAMOD_DIPLOMACY_p5_p7_enemy">
							<Action
								Type="PLAYER_RELATES_PLAYER">
								<ParameterList/>
							</Action>
							<Action
								Type="PLAYER_RELATES_PLAYER">
								<ParameterList/>
							</Action>
							<Action
								Type="SET_COUNTER">
								<ParameterList/>
							</Action>
						</Script>
						<Script
							id="METAMOD_DIPLOMACY_p5_p8_enemy">
							<Action
								Type="PLAYER_RELATES_PLAYER">
								<ParameterList/>
							</Action>
							<Action
								Type="PLAYER_RELATES_PLAYER">
								<ParameterList/>
							</Action>
							<Action
								Type="SET_COUNTER">
								<ParameterList/>
							</Action>
						</Script>
						<Script
							id="METAMOD_DIPLOMACY_p6_p7_enemy">
							<Action
								Type="PLAYER_RELATES_PLAYER">
								<ParameterList/>
							</Action>
							<Action
								Type="PLAYER_RELATES_PLAYER">
								<ParameterList/>
							</Action>
							<Action
								Type="SET_COUNTER">
								<ParameterList/>
							</Action>
						</Script>
						<Script
							id="METAMOD_DIPLOMACY_p6_p8_enemy">
							<Action
								Type="PLAYER_RELATES_PLAYER">
								<ParameterList/>
							</Action>
							<Action
								Type="PLAYER_RELATES_PLAYER">
								<ParameterList/>
							</Action>
							<Action
								Type="SET_COUNTER">
								<ParameterList/>
							</Action>
						</Script>
						<Script
							id="METAMOD_DIPLOMACY_p7_p8_enemy">
							<Action
								Type="PLAYER_RELATES_PLAYER">
								<ParameterList/>
							</Action>
							<Action
								Type="PLAYER_RELATES_PLAYER">
								<ParameterList/>
							</Action>
							<Action
								Type="SET_COUNTER">
								<ParameterList/>
							</Action>
						</Script>
					</ScriptGroup>
					<ScriptGroup
						id="METAMOD_DIPLOMACY_RELATION_NEUTRAL"/>
					<ScriptGroup
						id="METAMOD_DIPLOMACY_RELATION_FRIEND">
						<Script
							id="METAMOD_DIPLOMACY_p1_p2_friend">
							<Action
								Type="PLAYER_RELATES_PLAYER">
								<ParameterList/>
							</Action>
							<Action
								Type="PLAYER_RELATES_PLAYER">
								<ParameterList/>
							</Action>
							<Action
								Type="SET_COUNTER">
								<ParameterList/>
							</Action>
						</Script>
						<Script
							id="METAMOD_DIPLOMACY_p1_p3_friend">
							<Action
								Type="PLAYER_RELATES_PLAYER">
								<ParameterList/>
							</Action>
							<Action
								Type="PLAYER_RELATES_PLAYER">
								<ParameterList/>
							</Action>
							<Action
								Type="SET_COUNTER">
								<ParameterList/>
							</Action>
						</Script>
						<Script
							id="METAMOD_DIPLOMACY_p1_p4_friend">
							<Action
								Type="PLAYER_RELATES_PLAYER">
								<ParameterList/>
							</Action>
							<Action
								Type="PLAYER_RELATES_PLAYER">
								<ParameterList/>
							</Action>
							<Action
								Type="SET_COUNTER">
								<ParameterList/>
							</Action>
						</Script>
						<Script
							id="METAMOD_DIPLOMACY_p1_p5_friend">
							<Action
								Type="PLAYER_RELATES_PLAYER">
								<ParameterList/>
							</Action>
							<Action
								Type="PLAYER_RELATES_PLAYER">
								<ParameterList/>
							</Action>
							<Action
								Type="SET_COUNTER">
								<ParameterList/>
							</Action>
						</Script>
						<Script
							id="METAMOD_DIPLOMACY_p1_p6_friend">
							<Action
								Type="PLAYER_RELATES_PLAYER">
								<ParameterList/>
							</Action>
							<Action
								Type="PLAYER_RELATES_PLAYER">
								<ParameterList/>
							</Action>
							<Action
								Type="SET_COUNTER">
								<ParameterList/>
							</Action>
						</Script>
						<Script
							id="METAMOD_DIPLOMACY_p1_p7_friend">
							<Action
								Type="PLAYER_RELATES_PLAYER">
								<ParameterList/>
							</Action>
							<Action
								Type="PLAYER_RELATES_PLAYER">
								<ParameterList/>
							</Action>
							<Action
								Type="SET_COUNTER">
								<ParameterList/>
							</Action>
						</Script>
						<Script
							id="METAMOD_DIPLOMACY_p1_p8_friend">
							<Action
								Type="PLAYER_RELATES_PLAYER">
								<ParameterList/>
							</Action>
							<Action
								Type="PLAYER_RELATES_PLAYER">
								<ParameterList/>
							</Action>
							<Action
								Type="SET_COUNTER">
								<ParameterList/>
							</Action>
						</Script>
						<Script
							id="METAMOD_DIPLOMACY_p2_p3_friend">
							<Action
								Type="PLAYER_RELATES_PLAYER">
								<ParameterList/>
							</Action>
							<Action
								Type="PLAYER_RELATES_PLAYER">
								<ParameterList/>
							</Action>
							<Action
								Type="SET_COUNTER">
								<ParameterList/>
							</Action>
						</Script>
						<Script
							id="METAMOD_DIPLOMACY_p2_p4_friend">
							<Action
								Type="PLAYER_RELATES_PLAYER">
								<ParameterList/>
							</Action>
							<Action
								Type="PLAYER_RELATES_PLAYER">
								<ParameterList/>
							</Action>
							<Action
								Type="SET_COUNTER">
								<ParameterList/>
							</Action>
						</Script>
						<Script
							id="METAMOD_DIPLOMACY_p2_p5_friend">
							<Action
								Type="PLAYER_RELATES_PLAYER">
								<ParameterList/>
							</Action>
							<Action
								Type="PLAYER_RELATES_PLAYER">
								<ParameterList/>
							</Action>
							<Action
								Type="SET_COUNTER">
								<ParameterList/>
							</Action>
						</Script>
						<Script
							id="METAMOD_DIPLOMACY_p2_p6_friend">
							<Action
								Type="PLAYER_RELATES_PLAYER">
								<ParameterList/>
							</Action>
							<Action
								Type="PLAYER_RELATES_PLAYER">
								<ParameterList/>
							</Action>
							<Action
								Type="SET_COUNTER">
								<ParameterList/>
							</Action>
						</Script>
						<Script
							id="METAMOD_DIPLOMACY_p2_p7_friend">
							<Action
								Type="PLAYER_RELATES_PLAYER">
								<ParameterList/>
							</Action>
							<Action
								Type="PLAYER_RELATES_PLAYER">
								<ParameterList/>
							</Action>
							<Action
								Type="SET_COUNTER">
								<ParameterList/>
							</Action>
						</Script>
						<Script
							id="METAMOD_DIPLOMACY_p2_p8_friend">
							<Action
								Type="PLAYER_RELATES_PLAYER">
								<ParameterList/>
							</Action>
							<Action
								Type="PLAYER_RELATES_PLAYER">
								<ParameterList/>
							</Action>
							<Action
								Type="SET_COUNTER">
								<ParameterList/>
							</Action>
						</Script>
						<Script
							id="METAMOD_DIPLOMACY_p3_p4_friend">
							<Action
								Type="PLAYER_RELATES_PLAYER">
								<ParameterList/>
							</Action>
							<Action
								Type="PLAYER_RELATES_PLAYER">
								<ParameterList/>
							</Action>
							<Action
								Type="SET_COUNTER">
								<ParameterList/>
							</Action>
						</Script>
						<Script
							id="METAMOD_DIPLOMACY_p3_p5_friend">
							<Action
								Type="PLAYER_RELATES_PLAYER">
								<ParameterList/>
							</Action>
							<Action
								Type="PLAYER_RELATES_PLAYER">
								<ParameterList/>
							</Action>
							<Action
								Type="SET_COUNTER">
								<ParameterList/>
							</Action>
						</Script>
						<Script
							id="METAMOD_DIPLOMACY_p3_p6_friend">
							<Action
								Type="PLAYER_RELATES_PLAYER">
								<ParameterList/>
							</Action>
							<Action
								Type="PLAYER_RELATES_PLAYER">
								<ParameterList/>
							</Action>
							<Action
								Type="SET_COUNTER">
								<ParameterList/>
							</Action>
						</Script>
						<Script
							id="METAMOD_DIPLOMACY_p3_p7_friend">
							<Action
								Type="PLAYER_RELATES_PLAYER">
								<ParameterList/>
							</Action>
							<Action
								Type="PLAYER_RELATES_PLAYER">
								<ParameterList/>
							</Action>
							<Action
								Type="SET_COUNTER">
								<ParameterList/>
							</Action>
						</Script>
						<Script
							id="METAMOD_DIPLOMACY_p3_p8_friend">
							<Action
								Type="PLAYER_RELATES_PLAYER">
								<ParameterList/>
							</Action>
							<Action
								Type="PLAYER_RELATES_PLAYER">
								<ParameterList/>
							</Action>
							<Action
								Type="SET_COUNTER">
								<ParameterList/>
							</Action>
						</Script>
						<Script
							id="METAMOD_DIPLOMACY_p4_p5_friend">
							<Action
								Type="PLAYER_RELATES_PLAYER">
								<ParameterList/>
							</Action>
							<Action
								Type="PLAYER_RELATES_PLAYER">
								<ParameterList/>
							</Action>
							<Action
								Type="SET_COUNTER">
								<ParameterList/>
							</Action>
						</Script>
						<Script
							id="METAMOD_DIPLOMACY_p4_p6_friend">
							<Action
								Type="PLAYER_RELATES_PLAYER">
								<ParameterList/>
							</Action>
							<Action
								Type="PLAYER_RELATES_PLAYER">
								<ParameterList/>
							</Action>
							<Action
								Type="SET_COUNTER">
								<ParameterList/>
							</Action>
						</Script>
						<Script
							id="METAMOD_DIPLOMACY_p4_p7_friend">
							<Action
								Type="PLAYER_RELATES_PLAYER">
								<ParameterList/>
							</Action>
							<Action
								Type="PLAYER_RELATES_PLAYER">
								<ParameterList/>
							</Action>
							<Action
								Type="SET_COUNTER">
								<ParameterList/>
							</Action>
						</Script>
						<Script
							id="METAMOD_DIPLOMACY_p4_p8_friend">
							<Action
								Type="PLAYER_RELATES_PLAYER">
								<ParameterList/>
							</Action>
							<Action
								Type="PLAYER_RELATES_PLAYER">
								<ParameterList/>
							</Action>
							<Action
								Type="SET_COUNTER">
								<ParameterList/>
							</Action>
						</Script>
						<Script
							id="METAMOD_DIPLOMACY_p5_p6_friend">
							<Action
								Type="PLAYER_RELATES_PLAYER">
								<ParameterList/>
							</Action>
							<Action
								Type="PLAYER_RELATES_PLAYER">
								<ParameterList/>
							</Action>
							<Action
								Type="SET_COUNTER">
								<ParameterList/>
							</Action>
						</Script>
						<Script
							id="METAMOD_DIPLOMACY_p5_p7_friend">
							<Action
								Type="PLAYER_RELATES_PLAYER">
								<ParameterList/>
							</Action>
							<Action
								Type="PLAYER_RELATES_PLAYER">
								<ParameterList/>
							</Action>
							<Action
								Type="SET_COUNTER">
								<ParameterList/>
							</Action>
						</Script>
						<Script
							id="METAMOD_DIPLOMACY_p5_p8_friend">
							<Action
								Type="PLAYER_RELATES_PLAYER">
								<ParameterList/>
							</Action>
							<Action
								Type="PLAYER_RELATES_PLAYER">
								<ParameterList/>
							</Action>
							<Action
								Type="SET_COUNTER">
								<ParameterList/>
							</Action>
						</Script>
						<Script
							id="METAMOD_DIPLOMACY_p6_p7_friend">
							<Action
								Type="PLAYER_RELATES_PLAYER">
								<ParameterList/>
							</Action>
							<Action
								Type="PLAYER_RELATES_PLAYER">
								<ParameterList/>
							</Action>
							<Action
								Type="SET_COUNTER">
								<ParameterList/>
							</Action>
						</Script>
						<Script
							id="METAMOD_DIPLOMACY_p6_p8_friend">
							<Action
								Type="PLAYER_RELATES_PLAYER">
								<ParameterList/>
							</Action>
							<Action
								Type="PLAYER_RELATES_PLAYER">
								<ParameterList/>
							</Action>
							<Action
								Type="SET_COUNTER">
								<ParameterList/>
							</Action>
						</Script>
						<Script
							id="METAMOD_DIPLOMACY_p7_p8_friend">
							<Action
								Type="PLAYER_RELATES_PLAYER">
								<ParameterList/>
							</Action>
							<Action
								Type="PLAYER_RELATES_PLAYER">
								<ParameterList/>
							</Action>
							<Action
								Type="SET_COUNTER">
								<ParameterList/>
							</Action>
						</Script>
					</ScriptGroup>
				</ScriptGroup>
				<ScriptGroup
					id="METAMOD_ARTOFDEFENSE/TOWERDEFENSE">
					<Script
						id="METAMOD_ARTOFDEFENSE_ACTIVE">
						<Action
							Type="SET_COUNTER">
							<ParameterList/>
						</Action>
					</Script>
					<Script
						id="METAMOD_ARTOFDEFENSE_WAYPOINT_DISTANCE">
						<Action
							Type="SET_COUNTER">
							<ParameterList/>
						</Action>
					</Script>
					<Script
						id="METAMOD_TOWERDEFENSE_ACTIVE">
						<Action
							Type="SET_COUNTER">
							<ParameterList/>
						</Action>
					</Script>
					<Script
						id="METAMOD_TOWERDEFENSE_OBJECT_NAME">
						<Action
							Type="SET_UNIT_REFERENCE">
							<ParameterList/>
						</Action>
					</Script>
				</ScriptGroup>
				<ScriptGroup
					id="METAMOD_INFORMATION_COUNTERS">
					<Script
						id="METAMOD_INFORMATION_COUNTERS_REFRESH_COUNTER">
						<Action
							Type="SET_COUNTER">
							<ParameterList/>
						</Action>
					</Script>
					<Script
						id="METAMOD_INFORMATION_COUNTER_ACTIVATION_LISTENER">
						<Action
							Type="ENABLE_SCRIPT">
							<ParameterList/>
						</Action>
						<Action
							Type="ENABLE_SCRIPT">
							<ParameterList/>
						</Action>
						<Action
							Type="DISABLE_SCRIPT">
							<ParameterList/>
						</Action>
						<Action
							Type="DISABLE_SCRIPT">
							<ParameterList/>
						</Action>
					</Script>
					<Script
						id="METAMOD_REFRESH_PLAYER_MONEY_COUNTERS">
						<Action
							Type="SET_PLAYER_MONEY_TO_COUNTER">
							<ParameterList/>
						</Action>
						<Action
							Type="SET_PLAYER_MONEY_TO_COUNTER">
							<ParameterList/>
						</Action>
						<Action
							Type="SET_PLAYER_MONEY_TO_COUNTER">
							<ParameterList/>
						</Action>
						<Action
							Type="SET_PLAYER_MONEY_TO_COUNTER">
							<ParameterList/>
						</Action>
						<Action
							Type="SET_PLAYER_MONEY_TO_COUNTER">
							<ParameterList/>
						</Action>
						<Action
							Type="SET_PLAYER_MONEY_TO_COUNTER">
							<ParameterList/>
						</Action>
						<Action
							Type="SET_PLAYER_MONEY_TO_COUNTER">
							<ParameterList/>
						</Action>
						<Action
							Type="SET_PLAYER_MONEY_TO_COUNTER">
							<ParameterList/>
						</Action>
						<Action
							Type="SET_COUNTER">
							<ParameterList/>
						</Action>
					</Script>
					<Script
						id="METAMOD_REFRESH_PLAYER_KILL_COUNTERS">
						<Action
							Type="SET_PLAYER_KILLS_OF_KINDOF_TO_COUNTER">
							<ParameterList/>
						</Action>
						<Action
							Type="SET_PLAYER_KILLS_OF_KINDOF_TO_COUNTER">
							<ParameterList/>
						</Action>
						<Action
							Type="SET_PLAYER_KILLS_OF_KINDOF_TO_COUNTER">
							<ParameterList/>
						</Action>
						<Action
							Type="SET_PLAYER_KILLS_OF_KINDOF_TO_COUNTER">
							<ParameterList/>
						</Action>
						<Action
							Type="SET_PLAYER_KILLS_OF_KINDOF_TO_COUNTER">
							<ParameterList/>
						</Action>
						<Action
							Type="SET_PLAYER_KILLS_OF_KINDOF_TO_COUNTER">
							<ParameterList/>
						</Action>
						<Action
							Type="SET_PLAYER_KILLS_OF_KINDOF_TO_COUNTER">
							<ParameterList/>
						</Action>
						<Action
							Type="SET_PLAYER_KILLS_OF_KINDOF_TO_COUNTER">
							<ParameterList/>
						</Action>
						<Action
							Type="SET_PLAYER_KILLS_OF_KINDOF_TO_COUNTER">
							<ParameterList/>
						</Action>
						<Action
							Type="SET_PLAYER_KILLS_OF_KINDOF_TO_COUNTER">
							<ParameterList/>
						</Action>
						<Action
							Type="SET_PLAYER_KILLS_OF_KINDOF_TO_COUNTER">
							<ParameterList/>
						</Action>
						<Action
							Type="SET_PLAYER_KILLS_OF_KINDOF_TO_COUNTER">
							<ParameterList/>
						</Action>
						<Action
							Type="SET_PLAYER_KILLS_OF_KINDOF_TO_COUNTER">
							<ParameterList/>
						</Action>
						<Action
							Type="SET_PLAYER_KILLS_OF_KINDOF_TO_COUNTER">
							<ParameterList/>
						</Action>
						<Action
							Type="SET_PLAYER_KILLS_OF_KINDOF_TO_COUNTER">
							<ParameterList/>
						</Action>
						<Action
							Type="SET_PLAYER_KILLS_OF_KINDOF_TO_COUNTER">
							<ParameterList/>
						</Action>
						<Action
							Type="SET_PLAYER_KILLS_OF_KINDOF_TO_COUNTER">
							<ParameterList/>
						</Action>
						<Action
							Type="SET_PLAYER_KILLS_OF_KINDOF_TO_COUNTER">
							<ParameterList/>
						</Action>
						<Action
							Type="SET_PLAYER_KILLS_OF_KINDOF_TO_COUNTER">
							<ParameterList/>
						</Action>
						<Action
							Type="SET_PLAYER_KILLS_OF_KINDOF_TO_COUNTER">
							<ParameterList/>
						</Action>
						<Action
							Type="SET_PLAYER_KILLS_OF_KINDOF_TO_COUNTER">
							<ParameterList/>
						</Action>
						<Action
							Type="SET_PLAYER_KILLS_OF_KINDOF_TO_COUNTER">
							<ParameterList/>
						</Action>
						<Action
							Type="SET_PLAYER_KILLS_OF_KINDOF_TO_COUNTER">
							<ParameterList/>
						</Action>
						<Action
							Type="SET_PLAYER_KILLS_OF_KINDOF_TO_COUNTER">
							<ParameterList/>
						</Action>
						<Action
							Type="SET_COUNTER">
							<ParameterList/>
						</Action>
					</Script>
				</ScriptGroup>
				<ScriptGroup
					id="METAMOD_MISC">
					<Script
						id="RENEGADE_WARS_ACTIVE">
						<Action
							Type="SET_COUNTER">
							<ParameterList/>
						</Action>
					</Script>
					<ScriptGroup
						id="METAMOD_CHANGE_FPS">
						<Script
							id="METAMOD_FPS_COMMAND_COUNTER">
							<Action
								Type="SET_COUNTER">
								<ParameterList/>
							</Action>
						</Script>
						<Script
							id="METAMOD_CHANGE_FPS_LISTENER">
							<Action
								Type="ENABLE_SCRIPT">
								<ParameterList/>
							</Action>
							<Action
								Type="DISABLE_SCRIPT">
								<ParameterList/>
							</Action>
						</Script>
						<ScriptGroup
							id="METAMOD_FPS_COMMANDS">
							<Script
								id="METAMOD_FPS_30">
								<Action
									Type="SET_FPS_LIMIT">
									<ParameterList/>
								</Action>
								<Action
									Type="SET_COUNTER">
									<ParameterList/>
								</Action>
							</Script>
							<Script
								id="METAMOD_FPS_45">
								<Action
									Type="SET_FPS_LIMIT">
									<ParameterList/>
								</Action>
								<Action
									Type="SET_COUNTER">
									<ParameterList/>
								</Action>
							</Script>
							<Script
								id="METAMOD_FPS_60">
								<Action
									Type="SET_FPS_LIMIT">
									<ParameterList/>
								</Action>
								<Action
									Type="SET_COUNTER">
									<ParameterList/>
								</Action>
							</Script>
						</ScriptGroup>
					</ScriptGroup>
				</ScriptGroup>
			</ScriptGroup>
		</ScriptSet>
	</GameScriptList>
	<GameScriptList
		id="PlyrCivilian">
		<ScriptSet/>
	</GameScriptList>
	<GameScriptList
		id="PlyrCreeps">
		<ScriptSet/>
	</GameScriptList>
	<GameScriptList
		id="Skirmish">
		<ScriptSet/>
	</GameScriptList>
	<GameScriptList
		id="SkirmishNull">
		<ScriptSet/>
	</GameScriptList>
	<GameScriptList
		id="SkirmishCommentator">
		<ScriptSet/>
	</GameScriptList>
	<GameScriptList
		id="SkirmishCivilian">
		<ScriptSet/>
	</GameScriptList>
	<GameScriptList
		id="SkirmishNeutral">
		<ScriptSet/>
	</GameScriptList>
	<GameScriptList
		id="SkirmishGDI">
		<ScriptSet/>
	</GameScriptList>
	<GameScriptList
		id="SkirmishSteelTalons">
		<ScriptSet/>
	</GameScriptList>
	<GameScriptList
		id="SkirmishZOCOM">
		<ScriptSet/>
	</GameScriptList>
	<GameScriptList
		id="SkirmishNod">
		<ScriptSet/>
	</GameScriptList>
	<GameScriptList
		id="SkirmishBlackHand">
		<ScriptSet/>
	</GameScriptList>
	<GameScriptList
		id="SkirmishMarkedOfKane">
		<ScriptSet/>
	</GameScriptList>
	<GameScriptList
		id="SkirmishAlien">
		<ScriptSet/>
	</GameScriptList>
	<GameScriptList
		id="SkirmishReaper17">
		<ScriptSet/>
	</GameScriptList>
	<GameScriptList
		id="SkirmishTraveler59">
		<ScriptSet/>
	</GameScriptList>
	<GameScriptList
		id="Player_1">
		<ScriptSet/>
	</GameScriptList>
	<GameScriptList
		id="Player_2">
		<ScriptSet/>
	</GameScriptList>
	<GameScriptList
		id="Player_3">
		<ScriptSet/>
	</GameScriptList>
	<GameScriptList
		id="Player_4">
		<ScriptSet/>
	</GameScriptList>
	<GameScriptList
		id="Player_5">
		<ScriptSet/>
	</GameScriptList>
	<GameScriptList
		id="Player_6">
		<ScriptSet/>
	</GameScriptList>
	<GameScriptList
		id="Player_7">
		<ScriptSet/>
	</GameScriptList>
	<GameScriptList
		id="Player_8">
		<ScriptSet/>
	</GameScriptList>
</AssetDeclaration>