<?xml version="1.0" encoding="utf-8" ?>
<AssetDeclaration xmlns="uri:ea.com:eala:asset" xmlns:xsi="http://www.w3.org/2001/XMLSchema-instance">
  <Tags></Tags>
  <Includes></Includes>

  <AIStrategicStateDefinition
    id="Offensive_EASY"
    UnitUpgradeMultiplier="0.0">
    <Heuristic>
      <PathToTargetHeuristic PathExists="true"/>
    </Heuristic>
    <TargetHeuristic TargetHeuristic="SafestToGroundStructureHeuristic" TargetType="FocusedTarget"/>
    <Tactic Tactic="DefenseAvoidanceAttack" TargetType="FocusedTarget">
      <TeamTemplate MinUnits="1" IncludeKindOf="CAN_ATTACK" ExcludeKindOf="AIRCRAFT" AlwaysRelease="false" AlwaysRecruit="false"/>
    </Tactic>
  </AIStrategicStateDefinition>

  <AIStrategicStateDefinition
		id="MetaTechOffensiveDirectAttack1"
		UnitUpgradeMultiplier="0.0">
    <Heuristic>
      <TimerHeuristic StartTime="0s" EndTime="180s"/>
      <PathToTargetHeuristic PathExists="true"/>
    </Heuristic>
    <TargetHeuristic TargetHeuristic="SafestToGroundStructureHeuristic" TargetType="FocusedTarget"/>
    <Tactic Tactic="DefenseAvoidanceAttack" TargetType="FocusedTarget">
      <TeamTemplate MinUnits="3" IncludeKindOf="CAN_ATTACK" ExcludeKindOf="AIRCRAFT" AlwaysRelease="false" AlwaysRecruit="false"/>
    </Tactic>
  </AIStrategicStateDefinition>

  <AIStrategicStateDefinition
		id="MetaTechOffensiveDirectAttack2"
		UnitUpgradeMultiplier="0.0">
    <Heuristic>
      <TimerHeuristic StartTime="181s" EndTime="-1s"/>
      <PathToTargetHeuristic PathExists="true"/>
      <SiegeThresholdHeuristic SiegeMode="false" Threshold="1.5"/>
      <FocusedThresholdHeuristic/>
    </Heuristic>
    <TargetHeuristic TargetHeuristic="SafestToGroundStructureHeuristic" TargetType="FocusedTarget"/>
    <Tactic Tactic="DefenseAvoidanceAttack" TargetType="FocusedTarget">
      <TeamTemplate MinUnits="3" IncludeKindOf="CAN_ATTACK" ExcludeKindOf="AIRCRAFT" AlwaysRelease="false" AlwaysRecruit="false"/>
    </Tactic>
  </AIStrategicStateDefinition>

  <AIStrategicStateDefinition
		id="MetaTechOffensiveEconomyAttack"
		UnitUpgradeMultiplier="0.0">
    <Heuristic>
      <PathToTargetHeuristic PathExists="true"/>
      <SiegeThresholdHeuristic SiegeMode="false" Threshold="1.0"/>
      <FocusedThresholdHeuristic/>
    </Heuristic>
    <TargetHeuristic TargetHeuristic="SafestToGroundHarvesterHeuristic" TargetType="SpreadTarget"/>
    <Tactic Tactic="DefenseAvoidanceAttack" TargetType="SpreadTarget">
      <TeamTemplate MinUnits="6" MaxUnits="6" IncludeKindOf="CAN_ATTACK" ExcludeKindOf="AIRCRAFT" AlwaysRelease="false" AlwaysRecruit="false"/>
    </Tactic>
  </AIStrategicStateDefinition>

  <AIStrategicStateDefinition
		id="MetaTechOffensiveOverwhelmAttack"
		UnitUpgradeMultiplier="0.0">
    <Heuristic>
      <PathToTargetHeuristic PathExists="true"/>
    </Heuristic>
    <TargetHeuristic TargetHeuristic="SafestToGroundStructureHeuristic" TargetType="ExtraTarget"/>
    <Tactic Tactic="DefenseAvoidanceAttack" TargetType="ExtraTarget">
      <TeamTemplate MinUnits="20" IncludeKindOf="CAN_ATTACK" ExcludeKindOf="AIRCRAFT" AlwaysRelease="false" AlwaysRecruit="false"/>
    </Tactic>
  </AIStrategicStateDefinition>

  <AIStrategicStateDefinition
		id="MetaTechOffensiveSiege"
		UnitUpgradeMultiplier="0.0">
    <Heuristic>
      <PathToTargetHeuristic PathExists="true"/>
      <LateGameHeuristic/>
      <SiegeThresholdHeuristic SiegeMode="true" Threshold="2.0"/>
    </Heuristic>
    <TargetHeuristic TargetHeuristic="ClosestStructureHeuristic" TargetType="SiegeTarget"/>
    <Tactic Tactic="SimpleSiege" TargetType="SiegeTarget">
      <TeamTemplate MinUnits="2" MaxUnits="2" IncludeKindOf="CAN_ATTACK" ExcludeKindOf="AIRCRAFT" AlwaysRelease="false" AlwaysRecruit="false">
        <CreateUnits UnitName="SteelTalonsBehemoth"/>
        <CreateUnits UnitName="SteelTalonsBehemoth"/>
      </TeamTemplate>
      <TeamTemplate MinUnits="6" MaxUnits="10" IncludeKindOf="CAN_ATTACK" ExcludeKindOf="AIRCRAFT" AlwaysRelease="false" AlwaysRecruit="false"/>
    </Tactic>
  </AIStrategicStateDefinition>

  <AIStrategicStateDefinition
    id="MetaTechOffensiveSpotters"
    UnitUpgradeMultiplier="0.0">
    <Heuristic>
      <PathToTargetHeuristic PathExists="true"/>
      <LateGameHeuristic/>
      <SiegeThresholdHeuristic SiegeMode="true" Threshold="4.0"/>
    </Heuristic>
    <TargetHeuristic TargetHeuristic="SafestToGroundStructureHeuristic" TargetType="SiegeTarget"/>
    <Tactic Tactic="DefenseAvoidanceAttack" TargetType="SiegeTarget">
      <TeamTemplate MinUnits="2" MaxUnits="2" IncludeKindOf="CAN_ATTACK" ExcludeKindOf="AIRCRAFT" AlwaysRelease="false" AlwaysRecruit="false">
        <CreateUnits UnitName="ZOCOMSniperSquad"/>
        <CreateUnits UnitName="ZOCOMSniperSquad"/>
      </TeamTemplate>
    </Tactic>
  </AIStrategicStateDefinition>

  <AIStrategicStateDefinition
		id="MetaTechOffensiveEngineer"
		UnitUpgradeMultiplier="0.0">
    <Heuristic>
      <PathToTargetHeuristic PathExists="true"/>
      <SiegeThresholdHeuristic SiegeMode="false" Threshold="1.5"/>
      <IntervalHeuristic IntervalTime="175s" ActiveTime="30s"/>
    </Heuristic>
    <TargetHeuristic TargetHeuristic="EngineerHeuristic" TargetType="Engineer"/>
    <Tactic Tactic="DefenseAvoidanceAttack" TargetType="Engineer">
      <TeamTemplate MinUnits="6" MaxUnits="6" IncludeKindOf="CAN_ATTACK" ExcludeKindOf="AIRCRAFT" AlwaysRelease="false" AlwaysRecruit="false">
        <CreateUnits UnitName="ZOCOMEngineer"/>
      </TeamTemplate>
    </Tactic>
  </AIStrategicStateDefinition>

  <AIStrategicStateDefinition
		id="MetaTechOffensiveAirHarassment"
		UnitUpgradeMultiplier="0.0">
    <Heuristic>
      <SiegeThresholdHeuristic SiegeMode="false" Threshold="2.0"/>
      <FocusedThresholdHeuristic/>
    </Heuristic>
    <TargetHeuristic TargetHeuristic="SafestToAirUnitHeuristic" TargetType="AssaultAirstrike"/>
    <TargetHeuristic TargetHeuristic="SafestToAirPowerPlantHeuristic" TargetType="AssaultAirstrike"/>
    <Tactic Tactic="SimpleAttack" TargetType="AssaultAirstrike">
      <TeamTemplate MinUnits="1" IncludeKindOf="CAN_ATTACK AIRCRAFT ASSAULT_AIRCRAFT" ExcludeKindOf="" AlwaysRelease="false" AlwaysRecruit="false"/>
    </Tactic>
  </AIStrategicStateDefinition>

  <AIStrategicStateDefinition
    id="MetaTechOffensiveAirHarassmentAntiTurtle"
    UnitUpgradeMultiplier="0.0">
    <Heuristic>
      <ConstantHeuristic Weight="1.0"/>
    </Heuristic>
    <TargetHeuristic TargetHeuristic="SafestToAirUnitHeuristic" TargetType="AssaultAirstrike"/>
    <TargetHeuristic TargetHeuristic="SafestToAirStructureHeuristic" TargetType="AssaultAirstrike"/>
    <Tactic Tactic="DefenseAvoidanceAttack" TargetType="AssaultAirstrike">
      <TeamTemplate MinUnits="8" IncludeKindOf="CAN_ATTACK AIRCRAFT ASSAULT_AIRCRAFT" ExcludeKindOf="" AlwaysRelease="false" AlwaysRecruit="false"/>
    </Tactic>
  </AIStrategicStateDefinition>

  <AIStrategicStateDefinition
		id="MetaTechOffensiveBombingRuns"
		UnitUpgradeMultiplier="0.0">
    <Heuristic>
      <LateGameHeuristic/>
    </Heuristic>
    <TargetHeuristic TargetHeuristic="SafestToAirStructureHeuristic" TargetType="BombingAirstrike"/>
    <Tactic Tactic="SimpleAttack" TargetType="BombingAirstrike">
      <TeamTemplate MinUnits="2" IncludeKindOf="CAN_ATTACK AIRCRAFT BOMBER_AIRCRAFT" ExcludeKindOf="" AlwaysRelease="false" AlwaysRecruit="false">
        <CreateUnits UnitName="GDIFireHawk"/>
        <CreateUnits UnitName="GDIFireHawk"/>
      </TeamTemplate>
    </Tactic>
  </AIStrategicStateDefinition>

  <AIBudgetStateDefinition
		id="OffensiveEarlyGameBudget">
    <Heuristic>
      <ConstantHeuristic Weight="0.3"/>
      <OpeningMoveHeuristic Complete="true"/>
    </Heuristic>
    <Budget>
      <AccountShare Account="INVESTMENT" Percent="0%"/>
      <AccountShare Account="SPECIAL_OPERATIONS" Percent="0%"/>
      <AccountShare Account="PRODUCTION" Percent="80%"/>
      <AccountShare Account="DEFENSE" Percent="0%"/>
      <AccountShare Account="TECHNOLOGY" Percent="0%"/>
      <AccountShare Account="SLUSH_FUND" Percent="20%"/>
    </Budget>
  </AIBudgetStateDefinition>

  <AIBudgetStateDefinition
		id="OffensiveMidGameBudget">
    <Heuristic>
      <ConstantHeuristic Weight="0.5"/>
      <OpeningMoveHeuristic Complete="true"/>
      <MiddleGameHeuristic/>
    </Heuristic>
    <Budget>
      <AccountShare Account="INVESTMENT" Percent="0%"/>
      <AccountShare Account="SPECIAL_OPERATIONS" Percent="10%"/>
      <AccountShare Account="PRODUCTION" Percent="70%"/>
      <AccountShare Account="DEFENSE" Percent="0%"/>
      <AccountShare Account="TECHNOLOGY" Percent="0%"/>
      <AccountShare Account="SLUSH_FUND" Percent="20%"/>
    </Budget>
  </AIBudgetStateDefinition>

  <AIBudgetStateDefinition
		id="OffensiveLateGameBudget">
    <Heuristic>
      <ConstantHeuristic Weight="0.7"/>
      <OpeningMoveHeuristic Complete="true"/>
      <LateGameHeuristic/>
    </Heuristic>
    <Budget>
      <AccountShare Account="INVESTMENT" Percent="0%"/>
      <AccountShare Account="SPECIAL_OPERATIONS" Percent="10%"/>
      <AccountShare Account="PRODUCTION" Percent="70%"/>
      <AccountShare Account="DEFENSE" Percent="0%"/>
      <AccountShare Account="TECHNOLOGY" Percent="0%"/>
      <AccountShare Account="SLUSH_FUND" Percent="20%"/>
    </Budget>
  </AIBudgetStateDefinition>

  <AIBudgetStateDefinition
    id="MetaTechOffensiveTechByTimeBudget">
    <Heuristic>
      <ConstantHeuristic Weight="0.8"/>
      <OpeningMoveHeuristic Complete="true"/>
      <TimerHeuristic StartTime="300s" EndTime="-1s"/>
      <IntervalHeuristic IntervalTime="190s" ActiveTime="20s"/>
      <IntervalHeuristic IntervalTime="7s" ActiveTime="3s"/>
    </Heuristic>
    <Budget>
      <AccountShare Account="INVESTMENT" Percent="0%"/>
      <AccountShare Account="SPECIAL_OPERATIONS" Percent="0%"/>
      <AccountShare Account="PRODUCTION" Percent="0%"/>
      <AccountShare Account="DEFENSE" Percent="0%"/>
      <AccountShare Account="TECHNOLOGY" Percent="90%"/>
      <AccountShare Account="SLUSH_FUND" Percent="10%"/>
    </Budget>
  </AIBudgetStateDefinition>

  <AIBudgetStateDefinition
    id="MetaTechOffensiveTechByTimeBudget_EASY">
    <Heuristic>
      <ConstantHeuristic Weight="0.8"/>
      <OpeningMoveHeuristic Complete="true"/>
      <IntervalHeuristic IntervalTime="670s" ActiveTime="20s"/>
      <IntervalHeuristic IntervalTime="7s" ActiveTime="3s"/>
    </Heuristic>
    <Budget>
      <AccountShare Account="INVESTMENT" Percent="0%"/>
      <AccountShare Account="SPECIAL_OPERATIONS" Percent="0%"/>
      <AccountShare Account="PRODUCTION" Percent="0%"/>
      <AccountShare Account="DEFENSE" Percent="0%"/>
      <AccountShare Account="TECHNOLOGY" Percent="90%"/>
      <AccountShare Account="SLUSH_FUND" Percent="10%"/>
    </Budget>
  </AIBudgetStateDefinition>

  <AIBudgetStateDefinition
    id="MetaTechOffensiveTechByTimeBudget_MEDIUM">
    <Heuristic>
      <ConstantHeuristic Weight="0.8"/>
      <OpeningMoveHeuristic Complete="true"/>
      <TimerHeuristic StartTime="300s" EndTime="-1s"/>
      <IntervalHeuristic IntervalTime="280s" ActiveTime="20s"/>
      <IntervalHeuristic IntervalTime="7s" ActiveTime="3s"/>
    </Heuristic>
    <Budget>
      <AccountShare Account="INVESTMENT" Percent="0%"/>
      <AccountShare Account="SPECIAL_OPERATIONS" Percent="0%"/>
      <AccountShare Account="PRODUCTION" Percent="0%"/>
      <AccountShare Account="DEFENSE" Percent="0%"/>
      <AccountShare Account="TECHNOLOGY" Percent="90%"/>
      <AccountShare Account="SLUSH_FUND" Percent="10%"/>
    </Budget>
  </AIBudgetStateDefinition>

</AssetDeclaration>
