<?xml version="1.0" encoding="utf-8" ?>
<AssetDeclaration xmlns="uri:ea.com:eala:asset" xmlns:xsi="http://www.w3.org/2001/XMLSchema-instance">
  <Tags></Tags>
  <Includes></Includes>

  <AIStrategicStateDefinition
		id="MetaTechReactiveDefense"
		UnitUpgradeMultiplier="0.0">
    <Heuristic>
      <ConstantHeuristic Weight="1.0"/>
    </Heuristic>
    <Tactic Tactic="ReactiveDefense" TargetType="Targetless">
      <TeamTemplate MinUnits="1" IncludeKindOf="CAN_ATTACK" ExcludeKindOf="" AlwaysRelease="true" AlwaysRecruit="true"/>
    </Tactic>
  </AIStrategicStateDefinition>

  <AIStrategicStateDefinition
		id="MetaTechStaticDefense"
		UnitUpgradeMultiplier="0.0">
    <Heuristic>
      <ConstantHeuristic Weight="1.0"/>
    </Heuristic>
    <TargetHeuristic TargetHeuristic="ClosestFriendlyStructureHeuristic" TargetType="Guard"/>
    <Tactic Tactic="StaticDefense" TargetType="Guard">
      <TeamTemplate MinUnits="3" MaxUnits="3" IncludeKindOf="CAN_ATTACK" ExcludeKindOf="AIRCRAFT" AlwaysRelease="false" AlwaysRecruit="false"/>
    </Tactic>
  </AIStrategicStateDefinition>

  <AIStrategicStateDefinition
		id="MetaTechHarvesterEscort"
		UnitUpgradeMultiplier="0.0">
    <Heuristic>
      <ConstantHeuristic Weight="1.0"/>
    </Heuristic>
    <TargetHeuristic TargetHeuristic="ClosestFriendlyHarvesterHeuristic" TargetType="Guard"/>
    <Tactic Tactic="StaticDefense" TargetType="Guard">
      <TeamTemplate MinUnits="2" MaxUnits="2" IncludeKindOf="CAN_ATTACK VEHICLE" ExcludeKindOf="AIRCRAFT" AlwaysRelease="false" AlwaysRecruit="false"/>
    </Tactic>
  </AIStrategicStateDefinition>

  <AIStrategicStateDefinition
		id="MetaTechConyardDefense"
		UnitUpgradeMultiplier="0.0">
    <Heuristic>
      <ConstantHeuristic Weight="1.0"/>
    </Heuristic>
    <TargetHeuristic TargetHeuristic="ClosestFriendlyConyardHeuristic" TargetType="Guard"/>
    <Tactic Tactic="StaticDefense" TargetType="Guard">
      <TeamTemplate MinUnits="1" MaxUnits="1" IncludeKindOf="CAN_ATTACK VEHICLE" ExcludeKindOf="AIRCRAFT " AlwaysRelease="false" AlwaysRecruit="false"/>
    </Tactic>
  </AIStrategicStateDefinition>

  <AIStrategicStateDefinition
		id="MetaTechSuperweaponDefense"
		UnitUpgradeMultiplier="0.0">
    <Heuristic>
      <ConstantHeuristic Weight="1.0"/>
    </Heuristic>
    <TargetHeuristic TargetHeuristic="ClosestFriendlySuperweaponHeuristic" TargetType="Guard"/>
    <Tactic Tactic="StaticDefense" TargetType="Guard">
      <TeamTemplate MinUnits="3" MaxUnits="3" IncludeKindOf="CAN_ATTACK VEHICLE" ExcludeKindOf="AIRCRAFT" AlwaysRelease="false" AlwaysRecruit="false"/>
    </Tactic>
  </AIStrategicStateDefinition>

  <AIStrategicStateDefinition
		id="MetaTechCounterattack"
		UnitUpgradeMultiplier="0.0">
    <Heuristic>
      <PathToTargetHeuristic PathExists="true"/>
      <TimerHeuristic StartTime="600s" EndTime="-1s"/>
      <CounterattackHeuristic Threshold="3.0"/>
    </Heuristic>
    <TargetHeuristic TargetHeuristic="ClosestStructureHeuristic" TargetType="Counterattack"/>
    <Tactic Tactic="SimpleAttack" TargetType="Counterattack">
      <TeamTemplate MinUnits="12" IncludeKindOf="CAN_ATTACK" ExcludeKindOf="AIRCRAFT" AlwaysRelease="false" AlwaysRecruit="false"/>
    </Tactic>
  </AIStrategicStateDefinition>

  <AIStrategicStateDefinition
    id="MetaTechFinalAttack"
    UnitUpgradeMultiplier="0.0">
    <Heuristic>
      <PathToTargetHeuristic PathExists="true"/>
    </Heuristic>
    <TargetHeuristic TargetHeuristic="ClosestStructureHeuristic" TargetType="Counterattack"/>
    <Tactic Tactic="SimpleAttack" TargetType="Counterattack">
      <TeamTemplate MinUnits="50" IncludeKindOf="CAN_ATTACK" ExcludeKindOf="BOMBER_AIRCRAFT" AlwaysRelease="false" AlwaysRecruit="false"/>
    </Tactic>
  </AIStrategicStateDefinition>

  <AIStrategicStateDefinition
  id="MetaTechDefensiveBombingRuns"
  UnitUpgradeMultiplier="0.0">
    <Heuristic>
      <LateGameHeuristic/>
    </Heuristic>
    <TargetHeuristic TargetHeuristic="SafestToAirStructureHeuristic" TargetType="BombingAirstrike"/>
    <Tactic Tactic="SimpleAttack" TargetType="BombingAirstrike">
      <TeamTemplate MinUnits="4" IncludeKindOf="CAN_ATTACK AIRCRAFT BOMBER_AIRCRAFT" ExcludeKindOf="" AlwaysRelease="false" AlwaysRecruit="false">
        <CreateUnits UnitName="GDIFirehawk"/>
        <CreateUnits UnitName="GDIFirehawk"/>
        <CreateUnits UnitName="GDIFirehawk"/>
        <CreateUnits UnitName="GDIFirehawk"/>
      </TeamTemplate>
    </Tactic>
  </AIStrategicStateDefinition>

  <AIStrategicStateDefinition
    id="MetaTechDefensiveSpotters"
    UnitUpgradeMultiplier="0.0">
    <Heuristic>
      <PathToTargetHeuristic PathExists="true"/>
      <LateGameHeuristic/>
      <SiegeThresholdHeuristic SiegeMode="true" Threshold="8.0"/>
    </Heuristic>
    <TargetHeuristic TargetHeuristic="SafestToGroundStructureHeuristic" TargetType="SiegeTarget"/>
    <Tactic Tactic="DefenseAvoidanceAttack" TargetType="SiegeTarget">
      <TeamTemplate MinUnits="2" MaxUnits="2" IncludeKindOf="CAN_ATTACK" ExcludeKindOf="AIRCRAFT" AlwaysRelease="false" AlwaysRecruit="false">
        <CreateUnits UnitName="ZOCOMSniperSquad"/>
        <CreateUnits UnitName="ZOCOMSniperSquad"/>
      </TeamTemplate>
    </Tactic>
  </AIStrategicStateDefinition>

  <AIStrategicStateDefinition
		id="MetaTechDefensiveExpansion"
		UnitUpgradeMultiplier="0.0">
    <Heuristic>
      <IntervalHeuristic IntervalTime="130s" ActiveTime="30s"/>
    </Heuristic>
    <TargetHeuristic TargetHeuristic="ExpansionHeuristic" TargetType="Expansion"/>
    <Tactic Tactic="SimpleExpansion" TargetType="Expansion">
      <TeamTemplate MinUnits="2" MaxUnits="12" IncludeKindOf="CAN_ATTACK" ExcludeKindOf="AIRCRAFT" AlwaysRelease="false" AlwaysRecruit="false">
        <CreateUnits UnitName="SteelTalonsSurveyor"/>
      </TeamTemplate>
    </Tactic>
  </AIStrategicStateDefinition>

  <AIStrategicStateDefinition
    id="DefensiveExpansionDefense"
    UnitUpgradeMultiplier="0.0">
    <Heuristic>
      <TimerHeuristic StartTime="600s" EndTime="-1s"/>
    </Heuristic>
    <TargetHeuristic TargetHeuristic="ExpansionUnitHeuristic" TargetType="ExpansionDefense"/>
    <Tactic Tactic="SimpleAttack" TargetType="ExpansionDefense">
      <TeamTemplate MinUnits="5" MaxUnits="10" IncludeKindOf="CAN_ATTACK" ExcludeKindOf="AIRCRAFT" AlwaysRelease="false" AlwaysRecruit="false"/>
    </Tactic>
  </AIStrategicStateDefinition>

  <AIBudgetStateDefinition
		id="DefensiveEarlyGameBudget">
    <Heuristic>
      <ConstantHeuristic Weight="0.3"/>
      <OpeningMoveHeuristic Complete="true"/>
    </Heuristic>
    <Budget>
      <AccountShare Account="INVESTMENT" Percent="0%"/>
      <AccountShare Account="SPECIAL_OPERATIONS" Percent="0%"/>
      <AccountShare Account="PRODUCTION" Percent="60%"/>
      <AccountShare Account="DEFENSE" Percent="20%"/>
      <AccountShare Account="TECHNOLOGY" Percent="0%"/>
      <AccountShare Account="SLUSH_FUND" Percent="20%"/>
    </Budget>
  </AIBudgetStateDefinition>

  <AIBudgetStateDefinition
		id="DefensiveMidGameBudget">
    <Heuristic>
      <ConstantHeuristic Weight="0.5"/>
      <OpeningMoveHeuristic Complete="true"/>
      <MiddleGameHeuristic/>
    </Heuristic>
    <Budget>
      <AccountShare Account="INVESTMENT" Percent="0%"/>
      <AccountShare Account="SPECIAL_OPERATIONS" Percent="20%"/>
      <AccountShare Account="PRODUCTION" Percent="30%"/>
      <AccountShare Account="DEFENSE" Percent="30%"/>
      <AccountShare Account="TECHNOLOGY" Percent="0%"/>
      <AccountShare Account="SLUSH_FUND" Percent="20%"/>
    </Budget>
  </AIBudgetStateDefinition>

  <AIBudgetStateDefinition
		id="DefensiveLateGameBudget">
    <Heuristic>
      <ConstantHeuristic Weight="0.7"/>
      <OpeningMoveHeuristic Complete="true"/>
      <LateGameHeuristic/>
    </Heuristic>
    <Budget>
      <AccountShare Account="INVESTMENT" Percent="0%"/>
      <AccountShare Account="SPECIAL_OPERATIONS" Percent="25%"/>
      <AccountShare Account="PRODUCTION" Percent="35%"/>
      <AccountShare Account="DEFENSE" Percent="20%"/>
      <AccountShare Account="TECHNOLOGY" Percent="0%"/>
      <AccountShare Account="SLUSH_FUND" Percent="20%"/>
    </Budget>
  </AIBudgetStateDefinition>
  
  <AIBudgetStateDefinition
    id="MetaTechDefensiveTechByTimeBudget">
    <Heuristic>
      <ConstantHeuristic Weight="0.8"/>
      <OpeningMoveHeuristic Complete="true"/>
      <IntervalHeuristic IntervalTime="130s" ActiveTime="20s"/>
      <IntervalHeuristic IntervalTime="7s" ActiveTime="3s"/>
    </Heuristic>
    <Budget>
      <AccountShare Account="INVESTMENT" Percent="0%"/>
      <AccountShare Account="SPECIAL_OPERATIONS" Percent="0%"/>
      <AccountShare Account="PRODUCTION" Percent="0%"/>
      <AccountShare Account="DEFENSE" Percent="0%"/>
      <AccountShare Account="TECHNOLOGY" Percent="90%"/>
      <AccountShare Account="SLUSH_FUND" Percent="10%"/>
    </Budget>
  </AIBudgetStateDefinition>

  <AIBudgetStateDefinition
    id="MetaTechDefensiveTechByTimeBudget_EASY">
    <Heuristic>
      <ConstantHeuristic Weight="0.8"/>
      <OpeningMoveHeuristic Complete="true"/>
      <IntervalHeuristic IntervalTime="610s" ActiveTime="20s"/>
      <IntervalHeuristic IntervalTime="7s" ActiveTime="3s"/>
    </Heuristic>
    <Budget>
      <AccountShare Account="INVESTMENT" Percent="0%"/>
      <AccountShare Account="SPECIAL_OPERATIONS" Percent="0%"/>
      <AccountShare Account="PRODUCTION" Percent="0%"/>
      <AccountShare Account="DEFENSE" Percent="0%"/>
      <AccountShare Account="TECHNOLOGY" Percent="90%"/>
      <AccountShare Account="SLUSH_FUND" Percent="10%"/>
    </Budget>
  </AIBudgetStateDefinition>

  <AIBudgetStateDefinition
    id="MetaTechDefensiveTechByTimeBudget_MEDIUM">
    <Heuristic>
      <ConstantHeuristic Weight="0.8"/>
      <OpeningMoveHeuristic Complete="true"/>
      <IntervalHeuristic IntervalTime="220s" ActiveTime="20s"/>
      <IntervalHeuristic IntervalTime="7s" ActiveTime="3s"/>
    </Heuristic>
    <Budget>
      <AccountShare Account="INVESTMENT" Percent="0%"/>
      <AccountShare Account="SPECIAL_OPERATIONS" Percent="0%"/>
      <AccountShare Account="PRODUCTION" Percent="0%"/>
      <AccountShare Account="DEFENSE" Percent="0%"/>
      <AccountShare Account="TECHNOLOGY" Percent="90%"/>
      <AccountShare Account="SLUSH_FUND" Percent="10%"/>
    </Budget>
  </AIBudgetStateDefinition>

</AssetDeclaration>