<?xml version="1.0" encoding="utf-8" ?>
<AssetDeclaration xmlns="uri:ea.com:eala:asset" xmlns:xsi="http://www.w3.org/2001/XMLSchema-instance">
  <Tags></Tags>
  <Includes></Includes>

  <AIStrategicStateDefinition
		id="Overlord_EASY"
		UnitUpgradeMultiplier="0.0">
    <Heuristic>
      <PathToTargetHeuristic PathExists="true"/>
    </Heuristic>
    <TargetHeuristic TargetHeuristic="ClosestStructureHeuristic" TargetType="PrimaryTarget"/>
    <Tactic Tactic="SimpleAttack" TargetType="PrimaryTarget">
      <TeamTemplate MinUnits="5" MaxUnits="5" IncludeKindOf="CAN_ATTACK" ExcludeKindOf="" AlwaysRelease="false" AlwaysRecruit="false"/>
    </Tactic>
  </AIStrategicStateDefinition>

  <!--Direct assault with small team sizes-->
  <AIStrategicStateDefinition
		id="MetaTechOverrunEarly"
		UnitUpgradeMultiplier="0.0">
    <Heuristic>
      <PathToTargetHeuristic PathExists="true"/>
      <OverrunEarlyHeuristic>
        <MiddleGameHeuristic/>
        <LateGameHeuristic/>
      </OverrunEarlyHeuristic>
    </Heuristic>
    <TargetHeuristic TargetHeuristic="ClosestStructureHeuristic" TargetType="PrimaryTarget"/>
    <Tactic Tactic="SimpleAttack" TargetType="PrimaryTarget">
      <TeamTemplate MinUnits="12" MaxUnits="12" IncludeKindOf="CAN_ATTACK" ExcludeKindOf="" AlwaysRelease="false" AlwaysRecruit="false"/>
    </Tactic>
    <UnitModifierByName UnitName="ZOCOMPredator" UnitPreferenceOffensiveModifier="200%" UnitPreferenceDefensiveModifier="100%"/>
    <UnitModifierByName UnitName="ZOCOMRifleSoldierSquad" UnitPreferenceOffensiveModifier="200%" UnitPreferenceDefensiveModifier="100%"/>
    <UnitModifierByName UnitName="GDIOrca" UnitPreferenceOffensiveModifier="0%" UnitPreferenceDefensiveModifier="0%"/>
  </AIStrategicStateDefinition>

  <!--Direct assault with medium team sizes-->
  <AIStrategicStateDefinition
		id="MetaTechOverrunMiddle"
		UnitUpgradeMultiplier="0.0">
    <Heuristic>
      <PathToTargetHeuristic PathExists="true"/>
      <OverrunMiddleHeuristic>
        <MiddleGameHeuristic/>
        <LateGameHeuristic/>
      </OverrunMiddleHeuristic>
    </Heuristic>
    <TargetHeuristic TargetHeuristic="ClosestStructureHeuristic" TargetType="PrimaryTarget"/>
    <Tactic Tactic="SimpleAttack" TargetType="PrimaryTarget">
      <TeamTemplate MinUnits="20" MaxUnits="20" IncludeKindOf="CAN_ATTACK" ExcludeKindOf="" AlwaysRelease="false" AlwaysRecruit="false"/>
    </Tactic>
    <UnitModifierByName UnitName="ZOCOMPredator" UnitPreferenceOffensiveModifier="200%" UnitPreferenceDefensiveModifier="100%"/>
    <UnitModifierByName UnitName="ZOCOMGrenadeSoldierSquad" UnitPreferenceOffensiveModifier="200%" UnitPreferenceDefensiveModifier="100%"/>
    <UnitModifierByName UnitName="GDIOrca" UnitPreferenceOffensiveModifier="0%" UnitPreferenceDefensiveModifier="0%"/>
  </AIStrategicStateDefinition>

  <!--Direct assault with large team sizes-->
  <AIStrategicStateDefinition
		id="MetaTechOverrunLate"
		UnitUpgradeMultiplier="0.0">
    <Heuristic>
      <PathToTargetHeuristic PathExists="true"/>
      <OverrunLateHeuristic>
        <LateGameHeuristic/>
      </OverrunLateHeuristic>
    </Heuristic>
    <TargetHeuristic TargetHeuristic="ClosestStructureHeuristic" TargetType="PrimaryTarget"/>
    <Tactic Tactic="SimpleAttack" TargetType="PrimaryTarget">
      <TeamTemplate MinUnits="28" MaxUnits="28" IncludeKindOf="CAN_ATTACK" ExcludeKindOf="" AlwaysRelease="false" AlwaysRecruit="false"/>
    </Tactic>
    <UnitModifierByName UnitName="SteelTalonsMammoth" UnitPreferenceOffensiveModifier="200%" UnitPreferenceDefensiveModifier="100%"/>
    <UnitModifierByName UnitName="ZOCOMZoneRaiderSquad" UnitPreferenceOffensiveModifier="200%" UnitPreferenceDefensiveModifier="100%"/>
    <UnitModifierByName UnitName="GDIOrca" UnitPreferenceOffensiveModifier="0%" UnitPreferenceDefensiveModifier="0%"/>
  </AIStrategicStateDefinition>

  <AIStrategicStateDefinition
		id="MetaTechOverlordExpansion"
		UnitUpgradeMultiplier="0.0">
    <Heuristic>
      <IntervalHeuristic IntervalTime="130s" ActiveTime="30s"/>
    </Heuristic>
    <TargetHeuristic TargetHeuristic="ExpansionHeuristic" TargetType="Expansion"/>
    <Tactic Tactic="SimpleExpansion" TargetType="Expansion">
      <TeamTemplate MinUnits="2" MaxUnits="5" IncludeKindOf="CAN_ATTACK" ExcludeKindOf="AIRCRAFT" AlwaysRelease="false" AlwaysRecruit="false">
        <CreateUnits UnitName="SteelTalonsSurveyor"/>
      </TeamTemplate>
    </Tactic>
  </AIStrategicStateDefinition>

  <AIBudgetStateDefinition
    id="MetaTechOverlordTechByTimeBudget">
    <Heuristic>
      <ConstantHeuristic Weight="0.8"/>
      <OpeningMoveHeuristic Complete="true"/>
      <TimerHeuristic StartTime="300s" EndTime="-1s"/>
      <IntervalHeuristic IntervalTime="130s" ActiveTime="20s"/>
      <IntervalHeuristic IntervalTime="7s" ActiveTime="3s"/>
    </Heuristic>
    <Budget>
      <AccountShare Account="INVESTMENT" Percent="0%"/>
      <AccountShare Account="SPECIAL_OPERATIONS" Percent="0%"/>
      <AccountShare Account="PRODUCTION" Percent="0%"/>
      <AccountShare Account="DEFENSE" Percent="0%"/>
      <AccountShare Account="TECHNOLOGY" Percent="90%"/>
      <AccountShare Account="SLUSH_FUND" Percent="10%"/>
    </Budget>
  </AIBudgetStateDefinition>

  <AIBudgetStateDefinition
    id="MetaTechOverlordTechByTimeBudget_EASY">
    <Heuristic>
      <ConstantHeuristic Weight="0.8"/>
      <OpeningMoveHeuristic Complete="true"/>
      <IntervalHeuristic IntervalTime="610s" ActiveTime="20s"/>
      <IntervalHeuristic IntervalTime="7s" ActiveTime="3s"/>
    </Heuristic>
    <Budget>
      <AccountShare Account="INVESTMENT" Percent="0%"/>
      <AccountShare Account="SPECIAL_OPERATIONS" Percent="0%"/>
      <AccountShare Account="PRODUCTION" Percent="0%"/>
      <AccountShare Account="DEFENSE" Percent="0%"/>
      <AccountShare Account="TECHNOLOGY" Percent="90%"/>
      <AccountShare Account="SLUSH_FUND" Percent="10%"/>
    </Budget>
  </AIBudgetStateDefinition>

  <AIBudgetStateDefinition
    id="MetaTechOverlordTechByTimeBudget_MEDIUM">
    <Heuristic>
      <ConstantHeuristic Weight="0.8"/>
      <OpeningMoveHeuristic Complete="true"/>
      <TimerHeuristic StartTime="300s" EndTime="-1s"/>
      <IntervalHeuristic IntervalTime="220s" ActiveTime="20s"/>
      <IntervalHeuristic IntervalTime="7s" ActiveTime="3s"/>
    </Heuristic>
    <Budget>
      <AccountShare Account="INVESTMENT" Percent="0%"/>
      <AccountShare Account="SPECIAL_OPERATIONS" Percent="0%"/>
      <AccountShare Account="PRODUCTION" Percent="0%"/>
      <AccountShare Account="DEFENSE" Percent="0%"/>
      <AccountShare Account="TECHNOLOGY" Percent="90%"/>
      <AccountShare Account="SLUSH_FUND" Percent="10%"/>
    </Budget>
  </AIBudgetStateDefinition>

</AssetDeclaration>
