<?xml version="1.0" encoding="UTF-8"?>
<AssetDeclaration
	xmlns="uri:ea.com:eala:asset"
	xmlns:xsi="http://www.w3.org/2001/XMLSchema-instance">
	<Tags/>
	<Includes>
		<Include
			source="DATA:static.xml"
			type="reference"/>
		<Include
			source="DATA:global.xml"
			type="reference"/>
		<Include
			source="ART:EVDefault.xml"
			type="instance"/>
		<Include
			source="ART:TSCloudMed.xml"
			type="instance"/>
		<Include
			source="ART:TSNoiseUrb.xml"
			type="instance"/>
		<Include
			source="DATA:GlobalData/roads.xml"
			type="instance"/>
		<Include
			source="DATA:civilian/africa_af/buildings/afbuild06.xml"
			type="instance"/>
		<Include
			source="DATA:sounds/musicscript_unknownzone.xml"
			type="instance"/>
		<Include
			source="overrides.xml"
			type="all"/>
	</Includes>
	<GameMap
		id="MetaModTowerDefense2">
		<Waypoint
			id="Waypoint 11">
			<Position
				x="695.89"
				y="299.229"
				z="0"/>
		</Waypoint>
		<Waypoint
			id="Player_2_Start">
			<Position
				x="1180.35"
				y="1180.11"
				z="0"/>
		</Waypoint>
		<Waypoint
			id="Player_1_Start">
			<Position
				x="1180.31"
				y="2539.51"
				z="0"/>
		</Waypoint>
		<Waypoint
			id="Waypoint 8">
			<Position
				x="690.271"
				y="774.444"
				z="0"/>
		</Waypoint>
		<Waypoint
			id="Waypoint 7">
			<Position
				x="263.62"
				y="1124.91"
				z="0"/>
		</Waypoint>
		<Waypoint
			id="Waypoint 6">
			<Position
				x="264.231"
				y="2787.71"
				z="0"/>
		</Waypoint>
		<Waypoint
			id="Waypoint 5">
			<Position
				x="1219.89"
				y="3455.14"
				z="0"/>
		</Waypoint>
		<Waypoint
			id="Waypoint 4">
			<Position
				x="1225.3"
				y="3769.56"
				z="0"/>
		</Waypoint>
		<Waypoint
			id="Waypoint 3">
			<Position
				x="1168.91"
				y="3854.12"
				z="0"/>
		</Waypoint>
		<Waypoint
			id="METAMOD_NAOD_WAYPOINT_PATH_START">
			<Position
				x="151.32"
				y="3868.08"
				z="0"/>
		</Waypoint>
		<Waypoint
			id="METAMOD_NAOD_SPAWN_WAYPOINT">
			<Position
				x="-66.5054"
				y="4026.8"
				z="0"/>
		</Waypoint>
		<Structure
			Angle="0"
			EventList=""
			Faction="PlyrCivilian/teamPlyrCivilian"
			Health="1500"
			Team="PlyrCivilian"
			ThingTemplate="AF_Build06"
			id="AF_Build06">
			<Position
				x="700"
				y="120"
				z="0"/>
		</Structure>
		<Prop
			Angle="0"
			EventList=""
			Faction="SkirmishNeutral/teamSkirmishNeutral"
			Health="100"
			Team="SkirmishNeutral"
			ThingTemplate="TiberiumField"
			id="TiberiumField">
			<Position
				x="1196.7"
				y="2079.86"
				z="0"/>
		</Prop>
		<Prop
			Angle="0"
			EventList=""
			Faction="SkirmishNeutral/teamSkirmishNeutral"
			Health="100"
			Team="SkirmishNeutral"
			ThingTemplate="TiberiumField"
			id="TiberiumField">
			<Position
				x="1197.8"
				y="1658.65"
				z="0"/>
		</Prop>
		<Road
			id="GermanRoad03"/>
		<MapMetaData
			BorderSize="10"
			CRC="0"
			Description="Map:MetaMod-TowerDefense2/Desc"
			DisplayName="MetaMod-TowerDefense2"
			FileName="Data"
			Height="420"
			IsMultiplayer="true"
			IsOfficial="false"
			NumPlayers="2"
			Width="160">
			<StartPosition
				Name="InitialCameraPosition">
				<Position
					x="0"
					y="0"
					z="0"/>
			</StartPosition>
			<StartPosition
				Name="Player_1_Start">
				<Position
					x="1180.31"
					y="2539.51"
					z="0"/>
			</StartPosition>
			<StartPosition
				Name="Player_2_Start">
				<Position
					x="1180.35"
					y="1180.11"
					z="0"/>
			</StartPosition>
		</MapMetaData>
		<EnvironmentData
			Cloud="TSCloudMed"
			Environment="EVDefault"
			Macro="TSNoiseUrb"/>
		<WorldDict>
			<RealProperty
				Key="cameraMaxHeight"
				Value="600"/>
			<BoolProperty
				Key="isLivingWorldScriptHolder"
				Value="false"/>
			<AssetIdProperty
				Key="musicZone"
				Value="MusicPalette_NotSet"/>
			<StringProperty
				Key="mapName"
				Value="MetaMod-TowerDefense2"/>
			<StringProperty
				Key="mapDescription"
				Value=""/>
			<IntProperty
				Key="compression"
				Value="1"/>
			<RealProperty
				Key="cameraGroundMinHeight"
				Value="0"/>
			<RealProperty
				Key="cameraGroundMaxHeight"
				Value="2560"/>
			<BoolProperty
				Key="isScenarioMultiplayer"
				Value="false"/>
			<IntProperty
				Key="weather"
				Value="0"/>
		</WorldDict>
	</GameMap>
	<TerrainTextureAtlas
		AllowLossyCompression="true"
		AtlasSize="2048"
		id="MetaModTowerDefense2">
		<Tile
			BaseTexture="ART:Terrain/CnC3Grid1.tga"
			NormalTexture="ART:Terrain/CnC3Grid1_nrm.tga"
			TextureID="557637572"/>
	</TerrainTextureAtlas>
	<GameScriptList
		id="_neutral_">
		<ScriptSet>
			<Script
				id="RevealMap">
				<Action
					Type="MAP_REVEAL_ALL_PERM">
					<ParameterList/>
				</Action>
			</Script>
			<ScriptGroup
				id="METAMOD_SCRIPTS">
				<Script
					id="METAMOD_MODSTATUS_RECEIVER">
					<Action
						Type="ENABLE_SCRIPT">
						<ParameterList/>
					</Action>
					<Action
						Type="ENABLE_SCRIPT">
						<ParameterList/>
					</Action>
					<Action
						Type="ENABLE_SCRIPT">
						<ParameterList/>
					</Action>
					<Action
						Type="ENABLE_SCRIPT">
						<ParameterList/>
					</Action>
					<Action
						Type="DISABLE_SCRIPT">
						<ParameterList/>
					</Action>
				</Script>
				<Script
					id="METAMOD_MAPSCRIPT_ACTIVE">
					<Action
						Type="SET_COUNTER">
						<ParameterList/>
					</Action>
				</Script>
				<Script
					id="METAMOD_CLICK_HERE_FOR_INFO">
					<Action
						Type="NO_OP">
						<ParameterList/>
					</Action>
				</Script>
				<ScriptGroup
					id="METAMOD_EXTENDED_DIPLOMACY">
					<Script
						id="METAMOD_EXTENDED_DIPLOMACY_ACTIVE">
						<Action
							Type="SET_COUNTER">
							<ParameterList/>
						</Action>
						<Action
							Type="SET_FLAG">
							<ParameterList/>
						</Action>
					</Script>
					<Script
						id="METAMOD_DIPLOMACY_COMMAND_COUNTER">
						<Action
							Type="SET_COUNTER">
							<ParameterList/>
						</Action>
					</Script>
					<Script
						id="METAMOD_DIPLOMACY_COMMANDCOUNTER_LISTENER">
						<Action
							Type="ENABLE_SCRIPT">
							<ParameterList/>
						</Action>
						<Action
							Type="ENABLE_SCRIPT">
							<ParameterList/>
						</Action>
						<Action
							Type="DISABLE_SCRIPT">
							<ParameterList/>
						</Action>
						<Action
							Type="DISABLE_SCRIPT">
							<ParameterList/>
						</Action>
					</Script>
					<ScriptGroup
						id="METAMOD_DIPLOMACY_RELATION_ENEMY">
						<Script
							id="METAMOD_DIPLOMACY_p1_p2_enemy">
							<Action
								Type="PLAYER_RELATES_PLAYER">
								<ParameterList/>
							</Action>
							<Action
								Type="PLAYER_RELATES_PLAYER">
								<ParameterList/>
							</Action>
							<Action
								Type="SET_COUNTER">
								<ParameterList/>
							</Action>
						</Script>
						<Script
							id="METAMOD_DIPLOMACY_p1_p3_enemy">
							<Action
								Type="PLAYER_RELATES_PLAYER">
								<ParameterList/>
							</Action>
							<Action
								Type="PLAYER_RELATES_PLAYER">
								<ParameterList/>
							</Action>
							<Action
								Type="SET_COUNTER">
								<ParameterList/>
							</Action>
						</Script>
						<Script
							id="METAMOD_DIPLOMACY_p1_p4_enemy">
							<Action
								Type="PLAYER_RELATES_PLAYER">
								<ParameterList/>
							</Action>
							<Action
								Type="PLAYER_RELATES_PLAYER">
								<ParameterList/>
							</Action>
							<Action
								Type="SET_COUNTER">
								<ParameterList/>
							</Action>
						</Script>
						<Script
							id="METAMOD_DIPLOMACY_p1_p5_enemy">
							<Action
								Type="PLAYER_RELATES_PLAYER">
								<ParameterList/>
							</Action>
							<Action
								Type="PLAYER_RELATES_PLAYER">
								<ParameterList/>
							</Action>
							<Action
								Type="SET_COUNTER">
								<ParameterList/>
							</Action>
						</Script>
						<Script
							id="METAMOD_DIPLOMACY_p1_p6_enemy">
							<Action
								Type="PLAYER_RELATES_PLAYER">
								<ParameterList/>
							</Action>
							<Action
								Type="PLAYER_RELATES_PLAYER">
								<ParameterList/>
							</Action>
							<Action
								Type="SET_COUNTER">
								<ParameterList/>
							</Action>
						</Script>
						<Script
							id="METAMOD_DIPLOMACY_p1_p7_enemy">
							<Action
								Type="PLAYER_RELATES_PLAYER">
								<ParameterList/>
							</Action>
							<Action
								Type="PLAYER_RELATES_PLAYER">
								<ParameterList/>
							</Action>
							<Action
								Type="SET_COUNTER">
								<ParameterList/>
							</Action>
						</Script>
						<Script
							id="METAMOD_DIPLOMACY_p1_p8_enemy">
							<Action
								Type="PLAYER_RELATES_PLAYER">
								<ParameterList/>
							</Action>
							<Action
								Type="PLAYER_RELATES_PLAYER">
								<ParameterList/>
							</Action>
							<Action
								Type="SET_COUNTER">
								<ParameterList/>
							</Action>
						</Script>
						<Script
							id="METAMOD_DIPLOMACY_p2_p3_enemy">
							<Action
								Type="PLAYER_RELATES_PLAYER">
								<ParameterList/>
							</Action>
							<Action
								Type="PLAYER_RELATES_PLAYER">
								<ParameterList/>
							</Action>
							<Action
								Type="SET_COUNTER">
								<ParameterList/>
							</Action>
						</Script>
						<Script
							id="METAMOD_DIPLOMACY_p2_p4_enemy">
							<Action
								Type="PLAYER_RELATES_PLAYER">
								<ParameterList/>
							</Action>
							<Action
								Type="PLAYER_RELATES_PLAYER">
								<ParameterList/>
							</Action>
							<Action
								Type="SET_COUNTER">
								<ParameterList/>
							</Action>
						</Script>
						<Script
							id="METAMOD_DIPLOMACY_p2_p5_enemy">
							<Action
								Type="PLAYER_RELATES_PLAYER">
								<ParameterList/>
							</Action>
							<Action
								Type="PLAYER_RELATES_PLAYER">
								<ParameterList/>
							</Action>
							<Action
								Type="SET_COUNTER">
								<ParameterList/>
							</Action>
						</Script>
						<Script
							id="METAMOD_DIPLOMACY_p2_p6_enemy">
							<Action
								Type="PLAYER_RELATES_PLAYER">
								<ParameterList/>
							</Action>
							<Action
								Type="PLAYER_RELATES_PLAYER">
								<ParameterList/>
							</Action>
							<Action
								Type="SET_COUNTER">
								<ParameterList/>
							</Action>
						</Script>
						<Script
							id="METAMOD_DIPLOMACY_p2_p7_enemy">
							<Action
								Type="PLAYER_RELATES_PLAYER">
								<ParameterList/>
							</Action>
							<Action
								Type="PLAYER_RELATES_PLAYER">
								<ParameterList/>
							</Action>
							<Action
								Type="SET_COUNTER">
								<ParameterList/>
							</Action>
						</Script>
						<Script
							id="METAMOD_DIPLOMACY_p2_p8_enemy">
							<Action
								Type="PLAYER_RELATES_PLAYER">
								<ParameterList/>
							</Action>
							<Action
								Type="PLAYER_RELATES_PLAYER">
								<ParameterList/>
							</Action>
							<Action
								Type="SET_COUNTER">
								<ParameterList/>
							</Action>
						</Script>
						<Script
							id="METAMOD_DIPLOMACY_p3_p4_enemy">
							<Action
								Type="PLAYER_RELATES_PLAYER">
								<ParameterList/>
							</Action>
							<Action
								Type="PLAYER_RELATES_PLAYER">
								<ParameterList/>
							</Action>
							<Action
								Type="SET_COUNTER">
								<ParameterList/>
							</Action>
						</Script>
						<Script
							id="METAMOD_DIPLOMACY_p3_p5_enemy">
							<Action
								Type="PLAYER_RELATES_PLAYER">
								<ParameterList/>
							</Action>
							<Action
								Type="PLAYER_RELATES_PLAYER">
								<ParameterList/>
							</Action>
							<Action
								Type="SET_COUNTER">
								<ParameterList/>
							</Action>
						</Script>
						<Script
							id="METAMOD_DIPLOMACY_p3_p6_enemy">
							<Action
								Type="PLAYER_RELATES_PLAYER">
								<ParameterList/>
							</Action>
							<Action
								Type="PLAYER_RELATES_PLAYER">
								<ParameterList/>
							</Action>
							<Action
								Type="SET_COUNTER">
								<ParameterList/>
							</Action>
						</Script>
						<Script
							id="METAMOD_DIPLOMACY_p3_p7_enemy">
							<Action
								Type="PLAYER_RELATES_PLAYER">
								<ParameterList/>
							</Action>
							<Action
								Type="PLAYER_RELATES_PLAYER">
								<ParameterList/>
							</Action>
							<Action
								Type="SET_COUNTER">
								<ParameterList/>
							</Action>
						</Script>
						<Script
							id="METAMOD_DIPLOMACY_p3_p8_enemy">
							<Action
								Type="PLAYER_RELATES_PLAYER">
								<ParameterList/>
							</Action>
							<Action
								Type="PLAYER_RELATES_PLAYER">
								<ParameterList/>
							</Action>
							<Action
								Type="SET_COUNTER">
								<ParameterList/>
							</Action>
						</Script>
						<Script
							id="METAMOD_DIPLOMACY_p4_p5_enemy">
							<Action
								Type="PLAYER_RELATES_PLAYER">
								<ParameterList/>
							</Action>
							<Action
								Type="PLAYER_RELATES_PLAYER">
								<ParameterList/>
							</Action>
							<Action
								Type="SET_COUNTER">
								<ParameterList/>
							</Action>
						</Script>
						<Script
							id="METAMOD_DIPLOMACY_p4_p6_enemy">
							<Action
								Type="PLAYER_RELATES_PLAYER">
								<ParameterList/>
							</Action>
							<Action
								Type="PLAYER_RELATES_PLAYER">
								<ParameterList/>
							</Action>
							<Action
								Type="SET_COUNTER">
								<ParameterList/>
							</Action>
						</Script>
						<Script
							id="METAMOD_DIPLOMACY_p4_p7_enemy">
							<Action
								Type="PLAYER_RELATES_PLAYER">
								<ParameterList/>
							</Action>
							<Action
								Type="PLAYER_RELATES_PLAYER">
								<ParameterList/>
							</Action>
							<Action
								Type="SET_COUNTER">
								<ParameterList/>
							</Action>
						</Script>
						<Script
							id="METAMOD_DIPLOMACY_p4_p8_enemy">
							<Action
								Type="PLAYER_RELATES_PLAYER">
								<ParameterList/>
							</Action>
							<Action
								Type="PLAYER_RELATES_PLAYER">
								<ParameterList/>
							</Action>
							<Action
								Type="SET_COUNTER">
								<ParameterList/>
							</Action>
						</Script>
						<Script
							id="METAMOD_DIPLOMACY_p5_p6_enemy">
							<Action
								Type="PLAYER_RELATES_PLAYER">
								<ParameterList/>
							</Action>
							<Action
								Type="PLAYER_RELATES_PLAYER">
								<ParameterList/>
							</Action>
							<Action
								Type="SET_COUNTER">
								<ParameterList/>
							</Action>
						</Script>
						<Script
							id="METAMOD_DIPLOMACY_p5_p7_enemy">
							<Action
								Type="PLAYER_RELATES_PLAYER">
								<ParameterList/>
							</Action>
							<Action
								Type="PLAYER_RELATES_PLAYER">
								<ParameterList/>
							</Action>
							<Action
								Type="SET_COUNTER">
								<ParameterList/>
							</Action>
						</Script>
						<Script
							id="METAMOD_DIPLOMACY_p5_p8_enemy">
							<Action
								Type="PLAYER_RELATES_PLAYER">
								<ParameterList/>
							</Action>
							<Action
								Type="PLAYER_RELATES_PLAYER">
								<ParameterList/>
							</Action>
							<Action
								Type="SET_COUNTER">
								<ParameterList/>
							</Action>
						</Script>
						<Script
							id="METAMOD_DIPLOMACY_p6_p7_enemy">
							<Action
								Type="PLAYER_RELATES_PLAYER">
								<ParameterList/>
							</Action>
							<Action
								Type="PLAYER_RELATES_PLAYER">
								<ParameterList/>
							</Action>
							<Action
								Type="SET_COUNTER">
								<ParameterList/>
							</Action>
						</Script>
						<Script
							id="METAMOD_DIPLOMACY_p6_p8_enemy">
							<Action
								Type="PLAYER_RELATES_PLAYER">
								<ParameterList/>
							</Action>
							<Action
								Type="PLAYER_RELATES_PLAYER">
								<ParameterList/>
							</Action>
							<Action
								Type="SET_COUNTER">
								<ParameterList/>
							</Action>
						</Script>
						<Script
							id="METAMOD_DIPLOMACY_p7_p8_enemy">
							<Action
								Type="PLAYER_RELATES_PLAYER">
								<ParameterList/>
							</Action>
							<Action
								Type="PLAYER_RELATES_PLAYER">
								<ParameterList/>
							</Action>
							<Action
								Type="SET_COUNTER">
								<ParameterList/>
							</Action>
						</Script>
					</ScriptGroup>
					<ScriptGroup
						id="METAMOD_DIPLOMACY_RELATION_NEUTRAL"/>
					<ScriptGroup
						id="METAMOD_DIPLOMACY_RELATION_FRIEND">
						<Script
							id="METAMOD_DIPLOMACY_p1_p2_friend">
							<Action
								Type="PLAYER_RELATES_PLAYER">
								<ParameterList/>
							</Action>
							<Action
								Type="PLAYER_RELATES_PLAYER">
								<ParameterList/>
							</Action>
							<Action
								Type="SET_COUNTER">
								<ParameterList/>
							</Action>
						</Script>
						<Script
							id="METAMOD_DIPLOMACY_p1_p3_friend">
							<Action
								Type="PLAYER_RELATES_PLAYER">
								<ParameterList/>
							</Action>
							<Action
								Type="PLAYER_RELATES_PLAYER">
								<ParameterList/>
							</Action>
							<Action
								Type="SET_COUNTER">
								<ParameterList/>
							</Action>
						</Script>
						<Script
							id="METAMOD_DIPLOMACY_p1_p4_friend">
							<Action
								Type="PLAYER_RELATES_PLAYER">
								<ParameterList/>
							</Action>
							<Action
								Type="PLAYER_RELATES_PLAYER">
								<ParameterList/>
							</Action>
							<Action
								Type="SET_COUNTER">
								<ParameterList/>
							</Action>
						</Script>
						<Script
							id="METAMOD_DIPLOMACY_p1_p5_friend">
							<Action
								Type="PLAYER_RELATES_PLAYER">
								<ParameterList/>
							</Action>
							<Action
								Type="PLAYER_RELATES_PLAYER">
								<ParameterList/>
							</Action>
							<Action
								Type="SET_COUNTER">
								<ParameterList/>
							</Action>
						</Script>
						<Script
							id="METAMOD_DIPLOMACY_p1_p6_friend">
							<Action
								Type="PLAYER_RELATES_PLAYER">
								<ParameterList/>
							</Action>
							<Action
								Type="PLAYER_RELATES_PLAYER">
								<ParameterList/>
							</Action>
							<Action
								Type="SET_COUNTER">
								<ParameterList/>
							</Action>
						</Script>
						<Script
							id="METAMOD_DIPLOMACY_p1_p7_friend">
							<Action
								Type="PLAYER_RELATES_PLAYER">
								<ParameterList/>
							</Action>
							<Action
								Type="PLAYER_RELATES_PLAYER">
								<ParameterList/>
							</Action>
							<Action
								Type="SET_COUNTER">
								<ParameterList/>
							</Action>
						</Script>
						<Script
							id="METAMOD_DIPLOMACY_p1_p8_friend">
							<Action
								Type="PLAYER_RELATES_PLAYER">
								<ParameterList/>
							</Action>
							<Action
								Type="PLAYER_RELATES_PLAYER">
								<ParameterList/>
							</Action>
							<Action
								Type="SET_COUNTER">
								<ParameterList/>
							</Action>
						</Script>
						<Script
							id="METAMOD_DIPLOMACY_p2_p3_friend">
							<Action
								Type="PLAYER_RELATES_PLAYER">
								<ParameterList/>
							</Action>
							<Action
								Type="PLAYER_RELATES_PLAYER">
								<ParameterList/>
							</Action>
							<Action
								Type="SET_COUNTER">
								<ParameterList/>
							</Action>
						</Script>
						<Script
							id="METAMOD_DIPLOMACY_p2_p4_friend">
							<Action
								Type="PLAYER_RELATES_PLAYER">
								<ParameterList/>
							</Action>
							<Action
								Type="PLAYER_RELATES_PLAYER">
								<ParameterList/>
							</Action>
							<Action
								Type="SET_COUNTER">
								<ParameterList/>
							</Action>
						</Script>
						<Script
							id="METAMOD_DIPLOMACY_p2_p5_friend">
							<Action
								Type="PLAYER_RELATES_PLAYER">
								<ParameterList/>
							</Action>
							<Action
								Type="PLAYER_RELATES_PLAYER">
								<ParameterList/>
							</Action>
							<Action
								Type="SET_COUNTER">
								<ParameterList/>
							</Action>
						</Script>
						<Script
							id="METAMOD_DIPLOMACY_p2_p6_friend">
							<Action
								Type="PLAYER_RELATES_PLAYER">
								<ParameterList/>
							</Action>
							<Action
								Type="PLAYER_RELATES_PLAYER">
								<ParameterList/>
							</Action>
							<Action
								Type="SET_COUNTER">
								<ParameterList/>
							</Action>
						</Script>
						<Script
							id="METAMOD_DIPLOMACY_p2_p7_friend">
							<Action
								Type="PLAYER_RELATES_PLAYER">
								<ParameterList/>
							</Action>
							<Action
								Type="PLAYER_RELATES_PLAYER">
								<ParameterList/>
							</Action>
							<Action
								Type="SET_COUNTER">
								<ParameterList/>
							</Action>
						</Script>
						<Script
							id="METAMOD_DIPLOMACY_p2_p8_friend">
							<Action
								Type="PLAYER_RELATES_PLAYER">
								<ParameterList/>
							</Action>
							<Action
								Type="PLAYER_RELATES_PLAYER">
								<ParameterList/>
							</Action>
							<Action
								Type="SET_COUNTER">
								<ParameterList/>
							</Action>
						</Script>
						<Script
							id="METAMOD_DIPLOMACY_p3_p4_friend">
							<Action
								Type="PLAYER_RELATES_PLAYER">
								<ParameterList/>
							</Action>
							<Action
								Type="PLAYER_RELATES_PLAYER">
								<ParameterList/>
							</Action>
							<Action
								Type="SET_COUNTER">
								<ParameterList/>
							</Action>
						</Script>
						<Script
							id="METAMOD_DIPLOMACY_p3_p5_friend">
							<Action
								Type="PLAYER_RELATES_PLAYER">
								<ParameterList/>
							</Action>
							<Action
								Type="PLAYER_RELATES_PLAYER">
								<ParameterList/>
							</Action>
							<Action
								Type="SET_COUNTER">
								<ParameterList/>
							</Action>
						</Script>
						<Script
							id="METAMOD_DIPLOMACY_p3_p6_friend">
							<Action
								Type="PLAYER_RELATES_PLAYER">
								<ParameterList/>
							</Action>
							<Action
								Type="PLAYER_RELATES_PLAYER">
								<ParameterList/>
							</Action>
							<Action
								Type="SET_COUNTER">
								<ParameterList/>
							</Action>
						</Script>
						<Script
							id="METAMOD_DIPLOMACY_p3_p7_friend">
							<Action
								Type="PLAYER_RELATES_PLAYER">
								<ParameterList/>
							</Action>
							<Action
								Type="PLAYER_RELATES_PLAYER">
								<ParameterList/>
							</Action>
							<Action
								Type="SET_COUNTER">
								<ParameterList/>
							</Action>
						</Script>
						<Script
							id="METAMOD_DIPLOMACY_p3_p8_friend">
							<Action
								Type="PLAYER_RELATES_PLAYER">
								<ParameterList/>
							</Action>
							<Action
								Type="PLAYER_RELATES_PLAYER">
								<ParameterList/>
							</Action>
							<Action
								Type="SET_COUNTER">
								<ParameterList/>
							</Action>
						</Script>
						<Script
							id="METAMOD_DIPLOMACY_p4_p5_friend">
							<Action
								Type="PLAYER_RELATES_PLAYER">
								<ParameterList/>
							</Action>
							<Action
								Type="PLAYER_RELATES_PLAYER">
								<ParameterList/>
							</Action>
							<Action
								Type="SET_COUNTER">
								<ParameterList/>
							</Action>
						</Script>
						<Script
							id="METAMOD_DIPLOMACY_p4_p6_friend">
							<Action
								Type="PLAYER_RELATES_PLAYER">
								<ParameterList/>
							</Action>
							<Action
								Type="PLAYER_RELATES_PLAYER">
								<ParameterList/>
							</Action>
							<Action
								Type="SET_COUNTER">
								<ParameterList/>
							</Action>
						</Script>
						<Script
							id="METAMOD_DIPLOMACY_p4_p7_friend">
							<Action
								Type="PLAYER_RELATES_PLAYER">
								<ParameterList/>
							</Action>
							<Action
								Type="PLAYER_RELATES_PLAYER">
								<ParameterList/>
							</Action>
							<Action
								Type="SET_COUNTER">
								<ParameterList/>
							</Action>
						</Script>
						<Script
							id="METAMOD_DIPLOMACY_p4_p8_friend">
							<Action
								Type="PLAYER_RELATES_PLAYER">
								<ParameterList/>
							</Action>
							<Action
								Type="PLAYER_RELATES_PLAYER">
								<ParameterList/>
							</Action>
							<Action
								Type="SET_COUNTER">
								<ParameterList/>
							</Action>
						</Script>
						<Script
							id="METAMOD_DIPLOMACY_p5_p6_friend">
							<Action
								Type="PLAYER_RELATES_PLAYER">
								<ParameterList/>
							</Action>
							<Action
								Type="PLAYER_RELATES_PLAYER">
								<ParameterList/>
							</Action>
							<Action
								Type="SET_COUNTER">
								<ParameterList/>
							</Action>
						</Script>
						<Script
							id="METAMOD_DIPLOMACY_p5_p7_friend">
							<Action
								Type="PLAYER_RELATES_PLAYER">
								<ParameterList/>
							</Action>
							<Action
								Type="PLAYER_RELATES_PLAYER">
								<ParameterList/>
							</Action>
							<Action
								Type="SET_COUNTER">
								<ParameterList/>
							</Action>
						</Script>
						<Script
							id="METAMOD_DIPLOMACY_p5_p8_friend">
							<Action
								Type="PLAYER_RELATES_PLAYER">
								<ParameterList/>
							</Action>
							<Action
								Type="PLAYER_RELATES_PLAYER">
								<ParameterList/>
							</Action>
							<Action
								Type="SET_COUNTER">
								<ParameterList/>
							</Action>
						</Script>
						<Script
							id="METAMOD_DIPLOMACY_p6_p7_friend">
							<Action
								Type="PLAYER_RELATES_PLAYER">
								<ParameterList/>
							</Action>
							<Action
								Type="PLAYER_RELATES_PLAYER">
								<ParameterList/>
							</Action>
							<Action
								Type="SET_COUNTER">
								<ParameterList/>
							</Action>
						</Script>
						<Script
							id="METAMOD_DIPLOMACY_p6_p8_friend">
							<Action
								Type="PLAYER_RELATES_PLAYER">
								<ParameterList/>
							</Action>
							<Action
								Type="PLAYER_RELATES_PLAYER">
								<ParameterList/>
							</Action>
							<Action
								Type="SET_COUNTER">
								<ParameterList/>
							</Action>
						</Script>
						<Script
							id="METAMOD_DIPLOMACY_p7_p8_friend">
							<Action
								Type="PLAYER_RELATES_PLAYER">
								<ParameterList/>
							</Action>
							<Action
								Type="PLAYER_RELATES_PLAYER">
								<ParameterList/>
							</Action>
							<Action
								Type="SET_COUNTER">
								<ParameterList/>
							</Action>
						</Script>
					</ScriptGroup>
				</ScriptGroup>
				<ScriptGroup
					id="METAMOD_ARTOFDEFENSE/TOWERDEFENSE">
					<Script
						id="METAMOD_ARTOFDEFENSE_ACTIVE">
						<Action
							Type="SET_COUNTER">
							<ParameterList/>
						</Action>
					</Script>
					<Script
						id="METAMOD_ARTOFDEFENSE_WAYPOINT_DISTANCE">
						<Action
							Type="SET_COUNTER">
							<ParameterList/>
						</Action>
					</Script>
					<Script
						id="METAMOD_TOWERDEFENSE_ACTIVE">
						<Action
							Type="SET_COUNTER">
							<ParameterList/>
						</Action>
					</Script>
					<Script
						id="METAMOD_TOWERDEFENSE_OBJECT_NAME">
						<Action
							Type="SET_UNIT_REFERENCE">
							<ParameterList/>
						</Action>
					</Script>
				</ScriptGroup>
				<ScriptGroup
					id="METAMOD_INFORMATION_COUNTERS">
					<Script
						id="METAMOD_INFORMATION_COUNTERS_REFRESH_COUNTER">
						<Action
							Type="SET_COUNTER">
							<ParameterList/>
						</Action>
					</Script>
					<Script
						id="METAMOD_INFORMATION_COUNTER_ACTIVATION_LISTENER">
						<Action
							Type="ENABLE_SCRIPT">
							<ParameterList/>
						</Action>
						<Action
							Type="ENABLE_SCRIPT">
							<ParameterList/>
						</Action>
						<Action
							Type="DISABLE_SCRIPT">
							<ParameterList/>
						</Action>
						<Action
							Type="DISABLE_SCRIPT">
							<ParameterList/>
						</Action>
					</Script>
					<Script
						id="METAMOD_REFRESH_PLAYER_MONEY_COUNTERS">
						<Action
							Type="SET_PLAYER_MONEY_TO_COUNTER">
							<ParameterList/>
						</Action>
						<Action
							Type="SET_PLAYER_MONEY_TO_COUNTER">
							<ParameterList/>
						</Action>
						<Action
							Type="SET_PLAYER_MONEY_TO_COUNTER">
							<ParameterList/>
						</Action>
						<Action
							Type="SET_PLAYER_MONEY_TO_COUNTER">
							<ParameterList/>
						</Action>
						<Action
							Type="SET_PLAYER_MONEY_TO_COUNTER">
							<ParameterList/>
						</Action>
						<Action
							Type="SET_PLAYER_MONEY_TO_COUNTER">
							<ParameterList/>
						</Action>
						<Action
							Type="SET_PLAYER_MONEY_TO_COUNTER">
							<ParameterList/>
						</Action>
						<Action
							Type="SET_PLAYER_MONEY_TO_COUNTER">
							<ParameterList/>
						</Action>
						<Action
							Type="SET_COUNTER">
							<ParameterList/>
						</Action>
					</Script>
					<Script
						id="METAMOD_REFRESH_PLAYER_KILL_COUNTERS">
						<Action
							Type="SET_PLAYER_KILLS_OF_KINDOF_TO_COUNTER">
							<ParameterList/>
						</Action>
						<Action
							Type="SET_PLAYER_KILLS_OF_KINDOF_TO_COUNTER">
							<ParameterList/>
						</Action>
						<Action
							Type="SET_PLAYER_KILLS_OF_KINDOF_TO_COUNTER">
							<ParameterList/>
						</Action>
						<Action
							Type="SET_PLAYER_KILLS_OF_KINDOF_TO_COUNTER">
							<ParameterList/>
						</Action>
						<Action
							Type="SET_PLAYER_KILLS_OF_KINDOF_TO_COUNTER">
							<ParameterList/>
						</Action>
						<Action
							Type="SET_PLAYER_KILLS_OF_KINDOF_TO_COUNTER">
							<ParameterList/>
						</Action>
						<Action
							Type="SET_PLAYER_KILLS_OF_KINDOF_TO_COUNTER">
							<ParameterList/>
						</Action>
						<Action
							Type="SET_PLAYER_KILLS_OF_KINDOF_TO_COUNTER">
							<ParameterList/>
						</Action>
						<Action
							Type="SET_PLAYER_KILLS_OF_KINDOF_TO_COUNTER">
							<ParameterList/>
						</Action>
						<Action
							Type="SET_PLAYER_KILLS_OF_KINDOF_TO_COUNTER">
							<ParameterList/>
						</Action>
						<Action
							Type="SET_PLAYER_KILLS_OF_KINDOF_TO_COUNTER">
							<ParameterList/>
						</Action>
						<Action
							Type="SET_PLAYER_KILLS_OF_KINDOF_TO_COUNTER">
							<ParameterList/>
						</Action>
						<Action
							Type="SET_PLAYER_KILLS_OF_KINDOF_TO_COUNTER">
							<ParameterList/>
						</Action>
						<Action
							Type="SET_PLAYER_KILLS_OF_KINDOF_TO_COUNTER">
							<ParameterList/>
						</Action>
						<Action
							Type="SET_PLAYER_KILLS_OF_KINDOF_TO_COUNTER">
							<ParameterList/>
						</Action>
						<Action
							Type="SET_PLAYER_KILLS_OF_KINDOF_TO_COUNTER">
							<ParameterList/>
						</Action>
						<Action
							Type="SET_PLAYER_KILLS_OF_KINDOF_TO_COUNTER">
							<ParameterList/>
						</Action>
						<Action
							Type="SET_PLAYER_KILLS_OF_KINDOF_TO_COUNTER">
							<ParameterList/>
						</Action>
						<Action
							Type="SET_PLAYER_KILLS_OF_KINDOF_TO_COUNTER">
							<ParameterList/>
						</Action>
						<Action
							Type="SET_PLAYER_KILLS_OF_KINDOF_TO_COUNTER">
							<ParameterList/>
						</Action>
						<Action
							Type="SET_PLAYER_KILLS_OF_KINDOF_TO_COUNTER">
							<ParameterList/>
						</Action>
						<Action
							Type="SET_PLAYER_KILLS_OF_KINDOF_TO_COUNTER">
							<ParameterList/>
						</Action>
						<Action
							Type="SET_PLAYER_KILLS_OF_KINDOF_TO_COUNTER">
							<ParameterList/>
						</Action>
						<Action
							Type="SET_PLAYER_KILLS_OF_KINDOF_TO_COUNTER">
							<ParameterList/>
						</Action>
						<Action
							Type="SET_COUNTER">
							<ParameterList/>
						</Action>
					</Script>
				</ScriptGroup>
				<ScriptGroup
					id="METAMOD_MISC">
					<Script
						id="RENEGADE_WARS_ACTIVE">
						<Action
							Type="SET_COUNTER">
							<ParameterList/>
						</Action>
					</Script>
					<ScriptGroup
						id="METAMOD_CHANGE_FPS">
						<Script
							id="METAMOD_FPS_COMMAND_COUNTER">
							<Action
								Type="SET_COUNTER">
								<ParameterList/>
							</Action>
						</Script>
						<Script
							id="METAMOD_CHANGE_FPS_LISTENER">
							<Action
								Type="ENABLE_SCRIPT">
								<ParameterList/>
							</Action>
							<Action
								Type="DISABLE_SCRIPT">
								<ParameterList/>
							</Action>
						</Script>
						<ScriptGroup
							id="METAMOD_FPS_COMMANDS">
							<Script
								id="METAMOD_FPS_30">
								<Action
									Type="SET_FPS_LIMIT">
									<ParameterList/>
								</Action>
								<Action
									Type="SET_COUNTER">
									<ParameterList/>
								</Action>
							</Script>
							<Script
								id="METAMOD_FPS_45">
								<Action
									Type="SET_FPS_LIMIT">
									<ParameterList/>
								</Action>
								<Action
									Type="SET_COUNTER">
									<ParameterList/>
								</Action>
							</Script>
							<Script
								id="METAMOD_FPS_60">
								<Action
									Type="SET_FPS_LIMIT">
									<ParameterList/>
								</Action>
								<Action
									Type="SET_COUNTER">
									<ParameterList/>
								</Action>
							</Script>
						</ScriptGroup>
					</ScriptGroup>
				</ScriptGroup>
			</ScriptGroup>
		</ScriptSet>
	</GameScriptList>
	<GameScriptList
		id="PlyrCivilian">
		<ScriptSet/>
	</GameScriptList>
	<GameScriptList
		id="PlyrCreeps">
		<ScriptSet/>
	</GameScriptList>
	<GameScriptList
		id="Skirmish">
		<ScriptSet/>
	</GameScriptList>
	<GameScriptList
		id="SkirmishNull">
		<ScriptSet/>
	</GameScriptList>
	<GameScriptList
		id="SkirmishObserver">
		<ScriptSet/>
	</GameScriptList>
	<GameScriptList
		id="SkirmishCommentator">
		<ScriptSet/>
	</GameScriptList>
	<GameScriptList
		id="SkirmishCivilian">
		<ScriptSet/>
	</GameScriptList>
	<GameScriptList
		id="SkirmishNeutral">
		<ScriptSet/>
	</GameScriptList>
	<GameScriptList
		id="SkirmishGDI">
		<ScriptSet/>
	</GameScriptList>
	<GameScriptList
		id="SkirmishSteelTalons">
		<ScriptSet/>
	</GameScriptList>
	<GameScriptList
		id="SkirmishZOCOM">
		<ScriptSet/>
	</GameScriptList>
	<GameScriptList
		id="SkirmishNod">
		<ScriptSet/>
	</GameScriptList>
	<GameScriptList
		id="SkirmishBlackHand">
		<ScriptSet/>
	</GameScriptList>
	<GameScriptList
		id="SkirmishMarkedOfKane">
		<ScriptSet/>
	</GameScriptList>
	<GameScriptList
		id="SkirmishAlien">
		<ScriptSet/>
	</GameScriptList>
	<GameScriptList
		id="SkirmishReaper17">
		<ScriptSet/>
	</GameScriptList>
	<GameScriptList
		id="SkirmishTraveler59">
		<ScriptSet/>
	</GameScriptList>
	<GameScriptList
		id="Player_1">
		<ScriptSet/>
	</GameScriptList>
	<GameScriptList
		id="Player_2">
		<ScriptSet/>
	</GameScriptList>
	<GameScriptList
		id="Player_3">
		<ScriptSet/>
	</GameScriptList>
	<GameScriptList
		id="Player_4">
		<ScriptSet/>
	</GameScriptList>
</AssetDeclaration>