<?xml version="1.0" encoding="UTF-8"?>
<AssetDeclaration xmlns="uri:ea.com:eala:asset" xmlns:xsi="http://www.w3.org/2001/XMLSchema-instance">
  <Tags></Tags>
  <Includes>
  </Includes>

  <SkirmishOpeningMove
    id="MetaTechOrcaRush"
    Side="MetaTech">

    <Order Build="SteelTalonsRefinery" />
    <Order Build="SteelTalonsPowerPlant" />
    <Order Build="SteelTalonsRefinery" />
    <Order Build="SteelTalonsRefinery" />
    <Order Build="SteelTalonsPowerPlant" />
    <Order Build="MetaTechCommandPost" />
    <Order Build="MetaTechHangar" />
    <Order Build="MetaTechHangar" />

    <Order Build="ZOCOMHammerhead" />
    <Order Build="ZOCOMHammerhead" />
    <Order Build="ZOCOMHammerhead" />
    <Order Build="ZOCOMHammerhead" />
    <Order Build="ZOCOMHammerhead" />
    <Order Build="ZOCOMHammerhead" />
    <Order Build="ZOCOMHammerhead" />
    <Order Build="ZOCOMHammerhead" />
    <Order Time="155s" />
  </SkirmishOpeningMove>
  
  
</AssetDeclaration>