<?xml version="1.0" encoding="UTF-8"?>
<AssetDeclaration xmlns="uri:ea.com:eala:asset" xmlns:xsi="http://www.w3.org/2001/XMLSchema-instance">
  <Tags></Tags>
  <Includes>
  </Includes>

  <SkirmishOpeningMove
    id="MetaTech_EASY"
    Side="MetaTech">
    <Order Build="SteelTalonsPowerPlant" />
    <Order Build="MetaTechCrane" />
    <Order Build="MetaTechBarracks" />
    <Order Build="MetaTechBarracks" />
    <Order Build="SteelTalonsPowerPlant" />
    <Order Build="SteelTalonsRefinery" />
    <Order Build="MetaTechWarFactory" />
    <Order Build="SteelTalonsPowerPlant" />

    <Order Build="ZOCOMRifleSoldierSquad" />
    <Order Build="ZOCOMRifleSoldierSquad" />
    <Order Build="ZOCOMRifleSoldierSquad" />
    
    <Order Build="ZOCOMRifleSoldierSquad" />
    <Order Build="ZOCOMRifleSoldierSquad" />
    <Order Build="ZOCOMRifleSoldierSquad" />

    <Order Build="ZOCOMRifleSoldierSquad" />
    <Order Build="ZOCOMRifleSoldierSquad" />
    <Order Build="ZOCOMRifleSoldierSquad" />

    <Order Build="ZOCOMRifleSoldierSquad" />
    <Order Build="ZOCOMRifleSoldierSquad" />
    <Order Build="ZOCOMRifleSoldierSquad" />
    
    <Order Time="180s" />
  </SkirmishOpeningMove>

  <SkirmishOpeningMove
    id="MetaTechStandard"
    Side="MetaTech">
    <Order Build="SteelTalonsPowerPlant" />
    <Order Build="MetaTechBarracks" />
    <Order Build="ZOCOMRifleSoldierSquad" />
    <Order Build="ZOCOMRifleSoldierSquad" />
    <Order Build="SteelTalonsRefinery" />
    <Order Build="SteelTalonsRefinery" />
    <Order Build="MetaTechWarFactory" />
    <Order Time="73s" Account="PRODUCTION" Deposit="3000" />
    <Order Build="SteelTalonsRefinery" />
    <Order Build="SteelTalonsRefinery" />
    <Order Time="113s" />
  </SkirmishOpeningMove>

  <SkirmishOpeningMove
    id="MetaTechStandard2"
    Side="MetaTech">
    <Order Build="SteelTalonsRefinery" />
    <Order Build="SteelTalonsPowerPlant" />
    <Order Build="MetaTechWarFactory" />
    <Order Time="33s" Account="PRODUCTION" Deposit="6500" />
    <Order Build="SteelTalonsRefinery" />
    <Order Build="SteelTalonsRefinery" />
    <Order Build="MetaTechBarracks" />
    <Order Build="SteelTalonsRefinery" />
    <Order Time="98s" />
  </SkirmishOpeningMove>

  <SkirmishOpeningMove
    id="MetaTechStandardCrane"
    Side="MetaTech">
    <Order Build="SteelTalonsPowerPlant" />
    <Order Build="MetaTechBarracks" />
    <Order Build="SteelTalonsRefinery" />
    <Order Build="MetaTechCrane" />
    <Order Build="SteelTalonsPowerPlant" />
    <Order Build="SteelTalonsRefinery" />
    <Order Build="SteelTalonsRefinery" />
    <Order Build="MetaTechWarFactory" />
    <Order Time="90s" Account="PRODUCTION" Deposit="2000" />
    <Order Build="SteelTalonsPowerPlant" />
    <Order Build="SteelTalonsRefinery" />    
    <Order Time="118s" />
  </SkirmishOpeningMove>

  <SkirmishOpeningMove
    id="MetaTechBrutalCrane"
    Side="MetaTech">

    <Order Build="SteelTalonsPowerPlant" />
    <Order Build="MetaTechBarracks" />
    <Order Build="SteelTalonsRefinery" />
    <Order Build="MetaTechCrane" />
    <Order Build="SteelTalonsPowerPlant" />
    <Order Build="SteelTalonsRefinery" />
    <Order Build="MetaTechWarFactory" />
    <Order Time="58s" Account="PRODUCTION" Deposit="999999" />    
    <Order Build="SteelTalonsRefinery" />
    <Order Build="SteelTalonsPowerPlant" />
    <Order Build="MetaTechWarFactory" />
    <Order Build="SteelTalonsRefinery" />
    <Order Build="MetaTechBarracks" />
    <Order Build="SteelTalonsRefinery" />
    <Order Time="110s" />
  </SkirmishOpeningMove>

</AssetDeclaration>