<?xml version="1.0" encoding="UTF-8"?>
<AssetDeclaration xmlns="uri:ea.com:eala:asset" xmlns:xsi="http://www.w3.org/2001/XMLSchema-instance">
  <Tags></Tags>
  <Includes>
  </Includes>

  <SkirmishOpeningMove
    id="MetaTechSuperweaponRush"
    Side="MetaTech">

    <Order Build="SteelTalonsRefinery" />
    <Order Build="SteelTalonsPowerPlant" />
    <Order Build="SteelTalonsRefinery" />
    <Order Build="MetaTechBarracks" />
    <Order Time="53s" Account="PRODUCTION" Deposit="6000" />
    <Order Build="SteelTalonsPowerPlant" />
    <Order Build="MetaTechCommandPost" />
    <Order Build="MetaTechMedicalBay" />
    <Order Build="SteelTalonsPowerPlant" />
    <Order Build="SteelTalonsIonCannonControl" />
    <Order Time="174s" />
  </SkirmishOpeningMove>

  <SkirmishOpeningMove
     id="MetaTechDualBarracks"
     Side="MetaTech">

    <Order Time="0s" Account="PRODUCTION" Deposit="4000" />
    <Order Build="SteelTalonsPowerPlant" />
    <Order Build="MetaTechBarracks" />
    <Order Build="SteelTalonsRefinery" />
    <Order Build="SteelTalonsRefinery" />
    <Order Build="MetaTechBarracks" />
    <Order Build="SteelTalonsRefinery" />
    <Order Time="78s" />
  </SkirmishOpeningMove>

</AssetDeclaration>