<?xml version="1.0" encoding="UTF-8"?>
<AssetDeclaration xmlns="uri:ea.com:eala:asset" xmlns:xsi="http://www.w3.org/2001/XMLSchema-instance">
  <Tags></Tags>
  <Includes>
  </Includes>

  <SkirmishOpeningMove
    id="MetaTechFastRush"
    Side="MetaTech">

    <Order Time="0s" Account="PRODUCTION" Deposit="999999" />
    <Order Build="SteelTalonsRefinery" />
    <Order Build="SteelTalonsPowerPlant" />
    <Order Build="SteelTalonsRefinery" />
    <Order Build="MetaTechWarFactory" />
    <Order Build="MetaTechWarFactory" />
    <Order Build="SteelTalonsPowerPlant" />

    <Order Build="ZOCOMPredator" />
    <Order Build="ZOCOMPredator" />
    <Order Build="ZOCOMPredator" />
    <Order Build="ZOCOMPredator" />
    <Order Build="ZOCOMPredator" />
    <Order Build="SteelTalonsRepairAPC" />
    <Order Time="110s" />
  </SkirmishOpeningMove>

  <SkirmishOpeningMove
    id="MetaTechDualFactoryRush"
    Side="MetaTech">

    <Order Time="0s" Account="PRODUCTION" Deposit="999999" />
    <Order Build="SteelTalonsRefinery" />
    <Order Build="SteelTalonsPowerPlant" />
    <Order Build="MetaTechWarFactory" />
    <Order Build="SteelTalonsHarvester" />
    <Order Build="SteelTalonsHarvester" />
    <Order Build="SteelTalonsRefinery" />
    <Order Build="MetaTechWarFactory" />
    <Order Build="SteelTalonsPowerPlant" />
    <Order Time="210s" />
  </SkirmishOpeningMove>

  <SkirmishOpeningMove
    id="MetaTechTriFactoryRush"
    Side="MetaTech">

    <Order Time="0s" Account="PRODUCTION" Deposit="999999" />
    <Order Build="SteelTalonsRefinery" />
    <Order Build="SteelTalonsPowerPlant" />
    <Order Build="SteelTalonsRefinery" />
    <Order Build="SteelTalonsRefinery" />
    <Order Build="MetaTechWarFactory" />
    <Order Build="SteelTalonsHarvester" />
    <Order Build="SteelTalonsHarvester" />
    <Order Build="SteelTalonsPowerPlant" />
    <Order Build="SteelTalonsRefinery" />
    <Order Build="MetaTechWarFactory" />
    <Order Build="MetaTechWarFactory" />
    <Order Time="300s" />
  </SkirmishOpeningMove>

  <SkirmishOpeningMove
    id="MetaTechBrutalTankRush"
    Side="MetaTech">

    <Order Time="0s" Account="PRODUCTION" Deposit="999999" />
    <Order Build="SteelTalonsRefinery" />
    <Order Build="SteelTalonsPowerPlant" />
    <Order Build="MetaTechWarFactory" />
    <Order Build="SteelTalonsHarvester" />
    <Order Build="SteelTalonsHarvester" />
    <Order Build="SteelTalonsRefinery" />
    <Order Build="SteelTalonsPowerPlant" />
    <Order Build="MetaTechWarFactory" />
    <Order Build="SteelTalonsRefinery" />
    <Order Build="MetaTechWarFactory" />
    <Order Build="SteelTalonsRefinery" />
    <Order Build="SteelTalonsPowerPlant" />
    <Order Build="MetaTechWarFactory" />
    <Order Build="MetaTechWarFactory" />
    <Order Build="MetaTechBarracks" />
    <Order Time="209s" />
  </SkirmishOpeningMove>

  <SkirmishOpeningMove
    id="SteelTalonsMammothRush"
    Side="MetaTech">

    <Order Build="SteelTalonsRefinery" />
    <Order Build="SteelTalonsPowerPlant" />
    <Order Build="SteelTalonsRefinery" />
    <Order Build="MetaTechWarFactory" />
    <Order Build="SteelTalonsHarvester" />
    <Order Build="SteelTalonsHarvester" />
    <Order Build="SteelTalonsPowerPlant" />
    <Order Build="MetaTechCommandPost" />
    <Order Build="MetaTechWarFactory" />
    <Order Build="MetaTechMedicalBay" />
    <Order Build="SteelTalonsPowerPlant" />

    <Order Build="SteelTalonsMammoth" />
    <Order Build="SteelTalonsMammoth" />
    <Order Build="SteelTalonsMammoth" />
    <Order Build="SteelTalonsMammoth" />
    <Order Build="SteelTalonsMammoth" />
    <Order Build="SteelTalonsMammoth" />
    <Order Time="235s" />
  </SkirmishOpeningMove>

</AssetDeclaration>