<?xml version="1.0"?>
<SageLuaScriptSection xmlns="http://tempuri.org/ScriptEvents.xsd">
    <Events>
		<!-- All internal events have a first parameter of self, which is the object receiving the event.  They may have additial parameters, depending
			 on the specific event. -->
        <InternalEvent Name="OnDamaged" /> <!-- OnDamaged(self, other) other is attacking object, may be nil -->
        <InternalEvent Name="OnDestroyed" /> <!-- OnDestroyed(self) No parameters. Note that self is dead, but name and team are still valid. -->
        <InternalEvent Name="OnArrived" /> <!-- OnArrived(self) Arrived at the end of a waypoint path.  No parameters. -->
        <InternalEvent Name="OnUnitEntered" /> <!-- OnUnitEntered(self, areaName) Unit entered an area. Name of area is parameter. -->
        <!-- disabled since its really slow and nobody is using it... [mh, 5/7/2004]--><InternalEvent Name="OnTeamEntered" /> <!-- OnTeamEntered(self, areaName) Sent to the last unit of a team entering an area. -->
        <InternalEvent Name="OnUnitExited" /> <!-- OnUnitExited(self, areaName) Unit left an area. Name of area is parameter. -->
        <!-- disabled since its really slow and nobody is using it... [mh, 5/7/2004] --><InternalEvent Name="OnTeamExited" /> <!-- OnTeamExited(self, areaName) Sent to the last unit of a team leaving an area. -->
        <InternalEvent Name="OnTeamDestroyed" /> <!-- OnTeamDestroyed(self) Sent to the last unit of a team as it is destroyed. -->
        <InternalEvent Name="BeScary" /> <!-- Broadcast to a unit when he uses a power that makes him radiate scariness.. -->
		<InternalEvent Name="OnAflame" /> <!-- OnAflame(self) Broadcast to allies that I am on fire :) -->
		<InternalEvent Name="OnQuenched" /> <!-- OnQuenched(self) Broadcast to allies that I am no longer on fire :) -->
		<InternalEvent Name="OnCreated" /> <!-- OnCreated(self) sent when an object has been constructed -->
		<InternalEvent Name="OnBuildingComplete" /> <!--OnBuildingComplete sent when an object has completed building. IE construction complete-->
		<InternalEvent Name="DamageIncoming" /> <!-- DamageIncoming(self, other, delay, amount) other is shooter, delay is when the damage should hit, amount is how much.  So we can do a defense, or a "Oh heck" animation -->
        <InternalEvent Name="OnSlaughtered" /> <!-- OnSlaughtered(self, slaughterer). -->
        <InternalEvent Name="OnGenericEvent" /> <!-- self, string -->
		<InternalEvent Name="OnBuildVariation" /><!-- self, real -->
		<InternalEvent Name="OnClipEmpty" />
		<InternalEvent Name="OnClipFull" />
		<InternalEvent Name="OnPowerOutage" />
		<InternalEvent Name="OnPowerRestore" />

		<!-- Scripted events are of two kinds - first is one generated by the ObjectDispatchEvent or ObjectBroadcastEvent script.  The calling is
			DispatchedEvent(self, dispatchingObject, arbitraryString)  -->
        <ScriptedEvent Name="ExampleGuardMe" /> <!-- GuardMe(self, other, string) other is object generating the scripted event.  May be nil. -->
        <!-- Second kind of scripted event is a spy event. --> 
        <ScriptedEvent Name="ExampleSpyMoving" /> <!-- SpyMoving(self, spySelf, parameters...) spySelf is the object self is spying on, parameters is the spied event paramters, may be nil. -->
		
		<ScriptedEvent Name="BeAfraidOfRampage" /> <!-- Becoming afraid of rampage -->
		<ScriptedEvent Name="BeAfraidOfPhial" />
		<ScriptedEvent Name="BeUncontrollablyAfraid" /> <!-- Becoming afraid whether we like it or not -->
		<ScriptedEvent Name="BeAfraidOfGateDamaged" /> <!-- Be afraid of the gate being damaged -->
		<ScriptedEvent Name="BeTerrified" /> <!-- Run Away! -->
		
		<ScriptedEvent Name="ChantForUnit" />		<!-- Chant for a special unit! -->
		<ScriptedEvent Name="StopChantForUnit" />	<!-- Stop Chant for a special unit! -->
		<ScriptedEvent Name="BeginChanting" />		<!-- Begin Chanting! -->
		<ScriptedEvent Name="StopChanting" />		<!-- Stop Chanting! -->			
		
		<!-- Cinematic Events -->
		<ScriptedEvent Name="CinematicRampageDamaged" />
		
		<!-- All ModelCondition and ObjectStatus events have a single parameter of self, which is the object matching the conditions. -->
 
        <ModelConditionEvent Name="OnFire"> <!-- OnFire(self) self is object matching the modelconditions specified. -->
            <Conditions>-DYING +AFLAME</Conditions>
        </ModelConditionEvent>
		
        <ModelConditionEvent Name="ExampleMovingDamaged">
            <Conditions>+MOVING +DAMAGED -AFLAME</Conditions>
        </ModelConditionEvent>
		
        <ModelConditionEvent Name="Moving">
            <Conditions>+MOVING</Conditions>
        </ModelConditionEvent>
		
		<ModelConditionEvent Name="ReallyDamaged">
			<Conditions>+REALLYDAMAGED</Conditions>
		</ModelConditionEvent>
	
		<ModelConditionEvent Name="RecoverFromTerror">
			<Conditions>-EMOTION_TERROR -DYING</Conditions>
		</ModelConditionEvent>
		
		<ModelConditionEvent Name="UsingSpecialOne">
			<Conditions>+SPECIAL_POWER_1 -UNPACKING -PACKING</Conditions>
		</ModelConditionEvent>
       
		<ModelConditionEvent Name="UsingSpecialTwo">
			<Conditions>+SPECIAL_POWER_2 -UNPACKING -PACKING</Conditions>
		</ModelConditionEvent>
		
		<ModelConditionEvent Name="UsingSpecialThree">
			<Conditions>+SPECIAL_POWER_3 -UNPACKING -PACKING</Conditions>
		</ModelConditionEvent>
		
		<ModelConditionEvent Name="CinematicRampageUser">
			<Conditions>+USER_4</Conditions>
		</ModelConditionEvent>

	<!-- CUSTOM -->			
        <ObjectStatusEvent Name="GuardShieldAIModusTrigger">
	       <Conditions>+RIDER1</Conditions>
	    </ObjectStatusEvent>
		
        <ObjectStatusEvent Name="GuardShieldAIModusTriggerDelete">
	       <Conditions>+RIDER2</Conditions>
	    </ObjectStatusEvent>
		
        <ObjectStatusEvent Name="AIUnitControlOffCondition">
	       <Conditions>+RIDER3</Conditions>
	    </ObjectStatusEvent>
		
        <ObjectStatusEvent Name="Destroyed">
	       <Conditions>+DESTROYED</Conditions>
	    </ObjectStatusEvent>
		
        <ObjectStatusEvent Name="Rider4">
	       <Conditions>+RIDER4</Conditions>
	    </ObjectStatusEvent>
		
        <ObjectStatusEvent Name="HealthPercent25">
	       <Conditions>+HEALTH_PERCENT_25</Conditions>
	    </ObjectStatusEvent>
		
        <ObjectStatusEvent Name="PendingConstruction">
	       <Conditions>+PENDING_CONSTRUCTION</Conditions>
	    </ObjectStatusEvent>
		
        <ObjectStatusEvent Name="BuildBeingCancelled">
	       <Conditions>+BUILD_BEING_CANCELED</Conditions>
	    </ObjectStatusEvent>
		
        <ObjectStatusEvent Name="UnderConstruction">
	       <Conditions>+UNDER_CONSTRUCTION</Conditions>
	    </ObjectStatusEvent>		
		
		<ModelConditionEvent Name="Selected">
			<Conditions>+SELECTED</Conditions>
		</ModelConditionEvent>
				
		<ModelConditionEvent Name="UnSelected">
			<Conditions>-SELECTED</Conditions>
		</ModelConditionEvent>
		
		<ModelConditionEvent Name="BuilPlacementCursorOn">
			<Conditions>+BUILD_PLACEMENT_CURSOR</Conditions>
		</ModelConditionEvent>
		
		<ModelConditionEvent Name="BuilPlacementCursorOff">
			<Conditions>-BUILD_PLACEMENT_CURSOR</Conditions>
		</ModelConditionEvent>
		
		<ModelConditionEvent Name="ConstructionComplete">
			<Conditions>+CONSTRUCTION_COMPLETE</Conditions>
		</ModelConditionEvent>
		
		<ModelConditionEvent Name="ConstructionCompleteNot">
			<Conditions>-CONSTRUCTION_COMPLETE</Conditions>
		</ModelConditionEvent>
		
		<ModelConditionEvent Name="EnemyNear"> 
			<Conditions>+ENEMYNEAR</Conditions>
		</ModelConditionEvent>
		
		<ModelConditionEvent Name="EnemyAway">
			<Conditions>-ENEMYNEAR</Conditions>
		</ModelConditionEvent>
		
		<ModelConditionEvent Name="UsingSpecialAbility">
			<Conditions>+USING_SPECIAL_ABILITY</Conditions>
		</ModelConditionEvent>
		
		<ModelConditionEvent Name="SpecialPower1Ready">
			<Conditions>+SPECIALPOWER1_READY</Conditions>
		</ModelConditionEvent>
		
		<ModelConditionEvent Name="AttackMoving">
			<Conditions>+ATTACK_MOVING</Conditions>
		</ModelConditionEvent>
		
		<ModelConditionEvent Name="Stoped">
			<Conditions>-ATTACK_MOVING</Conditions>
		</ModelConditionEvent>
		
		<ModelConditionEvent Name="CAPTURED">
			<Conditions>+CAPTURED</Conditions>
		</ModelConditionEvent>	

		<ModelConditionEvent Name="CAPTURE_100">
			<Conditions>+CAPTURE_100</Conditions>
		</ModelConditionEvent>		

		<ModelConditionEvent Name="CAPTURE_75">
			<Conditions>+CAPTURE_75</Conditions>
		</ModelConditionEvent>	

		<ModelConditionEvent Name="CAPTURE_50">
			<Conditions>+CAPTURE_50</Conditions>
		</ModelConditionEvent>	

		<ModelConditionEvent Name="CAPTURE_25">
			<Conditions>+CAPTURE_25</Conditions>
		</ModelConditionEvent>	

		<ModelConditionEvent Name="CAPTURE_0">
			<Conditions>+CAPTURE_0</Conditions>
		</ModelConditionEvent>

        <ObjectStatusEvent Name="CAPTURING">
	       <Conditions>+CAPTURING</Conditions>
	    </ObjectStatusEvent>	
    <!-- CUSTOM END -->		
    </Events>

	
    <EventList Name="BaseScriptFunctions">			
    </EventList>
    
    <EventList Name="GDIOrcaAirstrikeEventsList" Inherit="GDIAirstrikeOrcaWeapon">
		<EventHandler EventName="OnCreated" ScriptFunctionName="onCreatedGDIOrcaAirstrike" DebugSingleStep="false"/>
    </EventList>

	<EventList Name="AlienMCVUnpackingEventsList" Inherit="BaseScriptFunctions">
		<EventHandler EventName="OnCreated" ScriptFunctionName="onCreatedAlienMCVUnpacking" DebugSingleStep="false"/>
	</EventList>

	<EventList Name="AlienMothershipEventsList" Inherit="BaseScriptFunctions">
		<EventHandler EventName="OnCreated" ScriptFunctionName="OnAlienMotherShipCreated" DebugSingleStep="false"/>
	</EventList>
	
    <EventList Name="NeutralGarrisonableBuildingFunctions" Inherit="BaseScriptFunctions">
        <EventHandler EventName="OnCreated"	ScriptFunctionName="OnNeutralGarrisonableBuildingCreated" DebugSingleStep="false"/>
		<EventHandler EventName="OnGenericEvent"	ScriptFunctionName="OnNeutralGarrisonableBuildingGenericEvent" DebugSingleStep="false"/>
    </EventList>
    
    <EventList Name="GDITechCenterFunctions" Inherit="BaseScriptFunctions">
        <EventHandler EventName="OnCreated"	ScriptFunctionName="OnGDITechCenterCreated" DebugSingleStep="false"/>
		<EventHandler EventName="OnPowerOutage" ScriptFunctionName="onBuildingPowerOutage" DebugSingleStep="false"/>
		<EventHandler EventName="OnPowerRestore" ScriptFunctionName="onBuildingPowerRestored" DebugSingleStep="false"/>
    </EventList>

    <EventList Name="GDIMedicalBayFunctions" Inherit="BaseScriptFunctions">
        <EventHandler EventName="OnCreated"	ScriptFunctionName="OnGDIMedicalBayCreated" DebugSingleStep="false"/>
    </EventList>

    <EventList Name="GDIPowerPlantFunctions" Inherit="BaseScriptFunctions">
        <EventHandler EventName="OnCreated"	ScriptFunctionName="OnGDIPowerPlantCreated" DebugSingleStep="false"/>
		<EventHandler EventName="OnPowerOutage" ScriptFunctionName="onBuildingPowerOutage" DebugSingleStep="false"/>
		<EventHandler EventName="OnPowerRestore" ScriptFunctionName="onBuildingPowerRestored" DebugSingleStep="false"/>
    </EventList>
    
    <EventList Name="GDICommandPostFunctions" Inherit="BaseScriptFunctions">
        <EventHandler EventName="OnCreated"	ScriptFunctionName="OnGDICommandPostCreated" DebugSingleStep="false"/>
    </EventList>
    
    <EventList Name="GDIZoneTrooperFunctions" Inherit="BaseScriptFunctions">
        <EventHandler EventName="OnCreated"	ScriptFunctionName="OnGDIZoneTrooperCreated" DebugSingleStep="false"/>
    </EventList>
    
    <EventList Name="GDIPredatorFunctions" Inherit="BaseScriptFunctions">
        <EventHandler EventName="OnCreated"	ScriptFunctionName="OnGDIPredatorCreated" DebugSingleStep="false"/>
    </EventList>
    
    <EventList Name="GDIMammothFunctions" Inherit="BaseScriptFunctions">
        <EventHandler EventName="OnCreated"	ScriptFunctionName="OnGDIMammothCreated" DebugSingleStep="false"/>
    </EventList>

    <EventList Name="SteelTalonsMammothFunctions" Inherit="BaseScriptFunctions">
      <EventHandler EventName="OnCreated"	ScriptFunctionName="OnSteelTalonsMammothCreated" DebugSingleStep="false"/>
    </EventList>
    
    <EventList Name="GDIJuggernaughtFunctions" Inherit="BaseScriptFunctions">
        <EventHandler EventName="OnCreated"	ScriptFunctionName="OnGDIJuggernaughtCreated" DebugSingleStep="false"/>
    </EventList>

    <EventList Name="NODShredderFunctions" Inherit="BaseScriptFunctions">
        <EventHandler EventName="OnCreated"	ScriptFunctionName="OnNODShredderCreated" DebugSingleStep="false"/>
    </EventList>

	<EventList Name="GDIWatchTowerFunctions" Inherit="BaseScriptFunctions">
		<EventHandler EventName="OnCreated"	ScriptFunctionName="OnGDIWatchTowerCreated" DebugSingleStep="false"/>
	</EventList>

	<EventList Name="GDIFirehawkFunctions" Inherit="BaseScriptFunctions">
        <EventHandler EventName="OnCreated"	ScriptFunctionName="OnGDIFirehawkCreated" DebugSingleStep="false"/>
    </EventList>

	<EventList Name="GDISniperSquadFunctions" Inherit="BaseScriptFunctions">
		<EventHandler EventName="OnCreated"		ScriptFunctionName="OnGDISniperSquadCreated" DebugSingleStep="false"/>
	</EventList>
	

	<EventList Name="GDIOrcaFunctions" Inherit="BaseScriptFunctions">
		<EventHandler EventName="OnCreated"		ScriptFunctionName="OnGDIOrcaCreated" DebugSingleStep="false"/>
		<EventHandler EventName="OnClipEmpty"	ScriptFunctionName="OnGDIOrcaClipEmpty" DebugSingleStep="false"/>
		<EventHandler EventName="OnClipFull"	ScriptFunctionName="OnGDIOrcaClipFull" DebugSingleStep="false"/>
    </EventList>

	<EventList Name="GDIPitbullFunctions" Inherit="BaseScriptFunctions">
		<EventHandler EventName="OnCreated"	ScriptFunctionName="OnGDIPitbullCreated" DebugSingleStep="false"/>
	</EventList>

		<EventList Name="GDIV35Ox_SummonedForVehicleFunctions" Inherit="BaseScriptFunctions">
			<EventHandler EventName="OnCreated"	ScriptFunctionName="OnGDIV35Ox_SummonedForVehicleCreated" DebugSingleStep="false"/>
		</EventList>

    <EventList Name="NODRaiderTankFunctions" Inherit="BaseScriptFunctions">
        <EventHandler EventName="OnCreated"	ScriptFunctionName="OnNODRaiderTankCreated" DebugSingleStep="false"/>
    </EventList>

	<EventList Name="NODAvatarFunctions" Inherit="BaseScriptFunctions">
		<EventHandler EventName="OnCreated"	ScriptFunctionName="OnNODAvatarCreated" DebugSingleStep="false"/>
	</EventList>
	
	<EventList Name="NODAvatarHuskFunctions" Inherit="BaseScriptFunctions">
		<EventHandler EventName="OnCreated"	ScriptFunctionName="OnNODAvatarCreated" DebugSingleStep="false"/>
		<EventHandler EventName="OnGenericEvent" ScriptFunctionName="OnNODAvatarGenericEvent" DebugSingleStep="false"/>
	</EventList>

	<EventList Name="NODScorpionBuggyFunctions" Inherit="BaseScriptFunctions">
		<EventHandler EventName="OnCreated"	ScriptFunctionName="OnNODScorpionBuggyCreated" DebugSingleStep="false"/>
	</EventList>

	<EventList Name="NODVenomFunctions" Inherit="BaseScriptFunctions">
		<EventHandler EventName="OnCreated"	ScriptFunctionName="OnNODVenomCreated" DebugSingleStep="false"/>
	</EventList>

	<EventList Name="NODTechAssembleyPlantFunctions" Inherit="BaseScriptFunctions">
		<EventHandler EventName="OnCreated"	ScriptFunctionName="OnNODTechAssembleyPlantCreated" DebugSingleStep="false"/>
	</EventList>

	<EventList Name="NODHangarFunctions" Inherit="BaseScriptFunctions">
		<EventHandler EventName="OnCreated"	ScriptFunctionName="OnNODHangarCreated" DebugSingleStep="false"/>
		<EventHandler EventName="OnPowerOutage" ScriptFunctionName="onBuildingPowerOutage" DebugSingleStep="false"/>
		<EventHandler EventName="OnPowerRestore" ScriptFunctionName="onBuildingPowerRestored" DebugSingleStep="false"/>
	</EventList>

	<EventList Name="NODOperationsCenterFunctions" Inherit="BaseScriptFunctions">
		<EventHandler EventName="OnCreated"	ScriptFunctionName="OnNODOperationsCenterCreated" DebugSingleStep="false"/>
		<EventHandler EventName="OnPowerOutage" ScriptFunctionName="onBuildingPowerOutage" DebugSingleStep="false"/>
		<EventHandler EventName="OnPowerRestore" ScriptFunctionName="onBuildingPowerRestored" DebugSingleStep="false"/>
	</EventList>

	<EventList Name="NODSecretShrineFunctions" Inherit="BaseScriptFunctions">
		<EventHandler EventName="OnCreated"	ScriptFunctionName="OnNODSecretShrineCreated" DebugSingleStep="false"/>
		<EventHandler EventName="OnPowerOutage" ScriptFunctionName="OnNODSecretShrinePowerOutage" DebugSingleStep="false"/>
		<EventHandler EventName="OnPowerRestore" ScriptFunctionName="OnNODSecretShrinePowerRestored" DebugSingleStep="false"/>
	</EventList>

	<EventList Name="ControlPointFunctions" Inherit="BaseScriptFunctions">
		<EventHandler EventName="OnCreated" ScriptFunctionName="onCreatedControlPointFunctions" DebugSingleStep="false"/>
	</EventList>

	<EventList Name="BuildingPowerFunctions" Inherit="BaseScriptFunctions">
		<EventHandler EventName="OnPowerOutage" ScriptFunctionName="onBuildingPowerOutage" DebugSingleStep="false"/>
		<EventHandler EventName="OnPowerRestore" ScriptFunctionName="onBuildingPowerRestored" DebugSingleStep="false"/>
	</EventList>
	
    <EventList Name="InfantryFunctions" Inherit="BaseScriptFunctions">
		<!-- These are events that will apply to all infantry.  Any infantry units should inherit this set. jba -->
        <EventHandler EventName="BeAfraidOfRampage"			ScriptFunctionName="BecomeAfraidOfRampage"		DebugSingleStep="false"/>
		<EventHandler EventName="BeTerrified"				ScriptFunctionName="BecomeTerrified"			DebugSingleStep="false"/>
		<EventHandler EventName="BeUncontrollablyAfraid"	ScriptFunctionName="BecomeUncontrollablyAfraid" DebugSingleStep="false"/>
    </EventList>
    
    <EventList Name="CavalryFunctions" Inherit="BaseScriptFunctions">
		<!-- These are events that will apply to all infantry.  Any infantry units should inherit this set. jba -->
        <EventHandler EventName="BeAfraidOfRampage"	ScriptFunctionName="BecomeAfraidOfRampage"		DebugSingleStep="false"/>
		<EventHandler EventName="BeTerrified"			ScriptFunctionName="BecomeTerrified" DebugSingleStep="false"/>
		<EventHandler EventName="BeUncontrollablyAfraid"	ScriptFunctionName="BecomeUncontrollablyAfraid" DebugSingleStep="false"/>
    </EventList>

    <EventList Name="ArcherFunctions" Inherit="InfantryFunctions">
    </EventList>
    
	<!-- Generic keep Lua Event Lists -->
	<EventList Name="GarrisonableFunctions">
		<EventHandler EventName="OnCreated"	ScriptFunctionName="OnGarrisonableCreated" DebugSingleStep="false"/>
    </EventList>
    
    <EventList Name="RubbleDropshipFunctions" Inherit="BaseScriptFunctions">
        <EventHandler EventName="OnCreated"	ScriptFunctionName="OnRubbleDropshipCreated" DebugSingleStep="false"/>
    </EventList>
    
    <!-- XPACK LUA FUNCTION LISTS -->

	<EventList Name="NODRocketBunkerSpawnFunctions" Inherit="BaseScriptFunctions">
		<EventHandler EventName="OnCreated"	ScriptFunctionName="OnNODRocketBunkerSpawnCreated" DebugSingleStep="false"/>
	</EventList>
	
	<EventList Name="AlienMechapedeFunctions" Inherit="BaseScriptFunctions">
		<EventHandler EventName="OnCreated"	ScriptFunctionName="OnAlienMechapedeCreated" DebugSingleStep="false"/>
	</EventList>
	
	<EventList Name="AlienEradicatorHexapodFunctions" Inherit="BaseScriptFunctions">
		<EventHandler EventName="OnCreated"	ScriptFunctionName="OnAlienHexapodCreated" DebugSingleStep="false"/>
	</EventList>
	
	<EventList Name="SteelTalonsTitanFunctions" Inherit="BaseScriptFunctions">
		<EventHandler EventName="OnCreated"	ScriptFunctionName="OnTitanCreated" DebugSingleStep="false"/>
	</EventList>

	<EventList Name="AlienPACFunctions" Inherit="BaseScriptFunctions">
		<EventHandler EventName="OnCreated"	ScriptFunctionName="OnAlienPACCreated" DebugSingleStep="false"/>
	</EventList>

	<EventList Name="AlienDevastatorFunctions" Inherit="BaseScriptFunctions">
		<EventHandler EventName="OnCreated"	ScriptFunctionName="OnAlienDevastatorCreated" DebugSingleStep="false"/>
	</EventList>
    
	<EventList Name="GDIMARVFunctions" Inherit="BaseScriptFunctions">
		<EventHandler EventName="OnCreated"	ScriptFunctionName="OnGDIMARVCreated" DebugSingleStep="false"/>
	</EventList>
	
	<EventList Name="NODMetaUnitFunctions" Inherit="BaseScriptFunctions">
		<EventHandler EventName="OnCreated"	ScriptFunctionName="OnNODMetaUnitCreated" DebugSingleStep="false"/>
	</EventList>

	<EventList Name="GDIGrenadeSoldierFunctions" Inherit="BaseScriptFunctions">
		<EventHandler EventName="OnCreated"	ScriptFunctionName="OnGDIGrenadeSoldierCreated" DebugSingleStep="false"/>
	</EventList>

	<EventList Name="GDIGuardianCannonFunctions" Inherit="BaseScriptFunctions">
		<EventHandler EventName="OnCreated"	ScriptFunctionName="OnGDIGuardianCannonCreated" DebugSingleStep="false"/>
	</EventList>
	
	<EventList Name="AlienPhotonCannonFunctions" Inherit="BaseScriptFunctions">
		<EventHandler EventName="OnCreated"	ScriptFunctionName="OnAlienPhotonCannonCreated" DebugSingleStep="false"/>
	</EventList>

	<EventList Name="AlienPMBatteryFunctions" Inherit="BaseScriptFunctions">
		<EventHandler EventName="OnCreated"	ScriptFunctionName="OnAlienPMBatteryCreated" DebugSingleStep="false"/>
	</EventList>
	
	<EventList Name="AlienSeekerTankFunctions" Inherit="BaseScriptFunctions">
		<EventHandler EventName="OnCreated"		ScriptFunctionName="OnAlienSeekerTankCreated" DebugSingleStep="false"/>
	</EventList>
   
	<EventList Name="NODShadowSquadBeaconFunctions" Inherit="BaseScriptFunctions">
		<EventHandler EventName="OnCreated"		ScriptFunctionName="OnNODShadowSquadBeaconCreated" DebugSingleStep="false"/>
	</EventList>
	
	<!-- <EventList Name="NodImprovedCyborgFunctions" Inherit="BaseScriptFunctions">
	    <EventHandler EventName="OnCreated"	ScriptFunctionName="OnImprovedCyborgCreated" DebugSingleStep="false"/>
	</EventList> -->  

	<EventList Name="NodBunkerTruckFunctions" Inherit="BaseScriptFunctions">
	    <EventHandler EventName="OnCreated"	ScriptFunctionName="OnBunkerTruckCreated" DebugSingleStep="false"/>
	</EventList>   
   
	<EventList Name="NodCyborgFunctions" Inherit="BaseScriptFunctions">
	    <EventHandler EventName="OnCreated"	ScriptFunctionName="OnCyborgCreated" DebugSingleStep="false"/>
	</EventList>  
   
	<EventList Name="GDIWolverineFunctions" Inherit="BaseScriptFunctions">
	    <EventHandler EventName="OnCreated"	ScriptFunctionName="OnWolverineCreated" DebugSingleStep="false"/>
	</EventList>
	
	<EventList Name="AlienStalkerFunctions" Inherit="BaseScriptFunctions">
	    <EventHandler EventName="OnCreated"	ScriptFunctionName="OnStalkerCreated" DebugSingleStep="false"/>
	</EventList>
	
	<EventList Name="GDIGunshipFunctions" Inherit="BaseScriptFunctions">
	    <EventHandler EventName="OnCreated"	ScriptFunctionName="OnGunshipCreated" DebugSingleStep="false"/>
	</EventList>

	<EventList Name="GDIAAScoutFunctions" Inherit="BaseScriptFunctions">
	    <EventHandler EventName="OnCreated"	ScriptFunctionName="OnAAScoutCreated" DebugSingleStep="false"/>
	</EventList>
	
	<EventList Name="NodMobileArtilleryFunctions" Inherit="BaseScriptFunctions">
	    <EventHandler EventName="OnCreated"	ScriptFunctionName="OnMobileArtilleryCreated" DebugSingleStep="false"/>
	</EventList>
	
	<EventList Name="GDIAABatteryFunctions" Inherit="BaseScriptFunctions">
	    <EventHandler EventName="OnCreated"	ScriptFunctionName="OnAABatteryCreated" DebugSingleStep="false"/>
	</EventList>
	
	<EventList Name="CombatEngineerFunctions" Inherit="BaseScriptFunctions">
	    <EventHandler EventName="OnCreated"	ScriptFunctionName="OnCombatEngineerCreated" DebugSingleStep="false"/>
	</EventList>
	
	<EventList Name="ZOCOMOrcaFunctions" Inherit="BaseScriptFunctions">
		<EventHandler EventName="OnCreated" ScriptFunctionName="OnZOCOMOrcaCreated" DebugSingleStep="false"/>
   	 </EventList>
   	 
	<EventList Name="GDIAPCFunctions" Inherit="BaseScriptFunctions">
		<EventHandler EventName="OnCreated" ScriptFunctionName="OnGDIAPCCreated" DebugSingleStep="false"/>
   	 </EventList>
  
  	<EventList Name="ReaperTripodFunctions" Inherit="BaseScriptFunctions">
  		<EventHandler EventName="OnCreated" ScriptFunctionName="OnReaperTripodCreated" DebugSingleStep="false"/>
   	 </EventList>
	
  	<EventList Name="Reaper17DevourerFunctions" Inherit="BaseScriptFunctions">
  		<EventHandler EventName="OnCreated" ScriptFunctionName="OnReaper17DevourerCreated" DebugSingleStep="false"/>
<!--   		<EventHandler EventName="OnDamaged" ScriptFunctionName="DevourerTiberiumConversionWeapon" DebugSingleStep="false"/> -->
   	 </EventList>

	<EventList Name="BlackHandCustomWarmechFunctions" Inherit="BaseScriptFunctions">
		<EventHandler EventName="OnCreated"	ScriptFunctionName="OnBlackHandCustomWarmechCreated" DebugSingleStep="false"/>
	</EventList>
	
	<EventList Name="BlackHandCustomWarmechHuskFunctions" Inherit="BaseScriptFunctions">
		<EventHandler EventName="OnCreated"	ScriptFunctionName="OnBlackHandCustomWarmechCreated" DebugSingleStep="false"/>
		<EventHandler EventName="OnGenericEvent" ScriptFunctionName="OnNODAvatarGenericEvent" DebugSingleStep="false"/>
	</EventList>
	
	<EventList Name="GDIAirfieldFunctions" Inherit="BaseScriptFunctions">
	    <EventHandler EventName="OnCreated"	ScriptFunctionName="OnGDIAirfieldCreated" DebugSingleStep="false"/>
	</EventList>	
	
	
	<!-- CUSTOM Lua Event Lists -->
	
	<EventList Name="StandardGameSetupEvent">
		<EventHandler EventName="OnCreated"	ScriptFunctionName="StandardGameSetup" DebugSingleStep="false"/>
    </EventList>
	
	<EventList Name="MetaTechSuperAvatarFunctions" Inherit="BaseScriptFunctions">
		<EventHandler EventName="OnCreated"	ScriptFunctionName="OnMetaTechSuperAvatarCreated" DebugSingleStep="false"/>
	</EventList>

	<EventList Name="GuardShieldAIActiveEvent" Inherit="BaseScriptFunctions">
		<EventHandler EventName="OnDamaged"	ScriptFunctionName="GuardShieldAIActive_Function" DebugSingleStep="false"/>
		<EventHandler EventName="GuardShieldAIModusTrigger"	ScriptFunctionName="GuardShieldAIModusTrigger_Function" DebugSingleStep="false"/>
		<EventHandler EventName="GuardShieldAIModusTriggerDelete"	ScriptFunctionName="GuardShieldAIModusTriggerDelete_Function" DebugSingleStep="false"/>
		<EventHandler EventName="BeginChanting"	ScriptFunctionName="GuardShieldOnUpgrade_Function" DebugSingleStep="false"/>
		<EventHandler EventName="StopChanting"	ScriptFunctionName="GuardShieldOnUpgradeRemove_Function" DebugSingleStep="false"/>
        <EventHandler EventName="UsingSpecialOne" ScriptFunctionName="ForceFieldDistractionWeapon" DebugSingleStep="false"/>
        <EventHandler EventName="UsingSpecialTwo" ScriptFunctionName="ForceFieldAttractionWeapon" DebugSingleStep="false"/>
	</EventList>

	<EventList Name="GuardShieldEvents" Inherit="BaseScriptFunctions">
		<EventHandler EventName="OnCreated"	ScriptFunctionName="GuardShieldONBroadcast_Function" DebugSingleStep="false"/>
		<EventHandler EventName="OnDestroyed"	ScriptFunctionName="GuardShieldOFFBroadcast_Function" DebugSingleStep="false"/>
	</EventList>	
	
	<EventList Name="AIUnitControlOffEventList">
		<!-- <EventHandler EventName="BeUncontrollablyAfraid"	ScriptFunctionName="AIUnitControlOff_Function" DebugSingleStep="false"/> -->
    </EventList>	
	
	<EventList Name="RunExternalLuaScriptEvent">
		<EventHandler EventName="OnCreated"	ScriptFunctionName="RunExternalLuaScript" DebugSingleStep="false"/>
    </EventList>
	
	<EventList Name="UnlimitedCameraHackEvent">
		<EventHandler EventName="OnCreated"	ScriptFunctionName="Camera_Hack_1_Initiate" DebugSingleStep="false"/>
		<EventHandler EventName="OnDestroyed"	ScriptFunctionName="Camera_Hack_1_End" DebugSingleStep="false"/>
	</EventList>
	
	<EventList Name="TiberiumKillerSpawnerEvent">
		<EventHandler EventName="OnCreated"	ScriptFunctionName="TiberiumKillerSpawnerKill" DebugSingleStep="false"/>
	</EventList>
	
	<EventList Name="ActivatorSpawnerEvent">
		<EventHandler EventName="OnCreated"	ScriptFunctionName="ActivatorSpawnerKill" DebugSingleStep="false"/>
	</EventList>
	
	<EventList Name="MoneyTransmitterSpawnerEvent">
		<EventHandler EventName="OnCreated"	ScriptFunctionName="MoneyTransmitterSpawnerKill" DebugSingleStep="false"/>
	</EventList>
	
	<EventList Name="LuaScriptActivatorSpawnerEvent">
		<EventHandler EventName="OnCreated"	ScriptFunctionName="LuaScriptActivatorSpawnerKill" DebugSingleStep="false"/>
	</EventList>
	
	<EventList Name="PermanentMapRevealerSpawnerEvent">
		<EventHandler EventName="OnCreated"	ScriptFunctionName="MapRevealerSpawnerKill" DebugSingleStep="false"/>
	</EventList>
	
	<EventList Name="SuperweaponOFFSpawnerEvent">
		<EventHandler EventName="OnCreated"	ScriptFunctionName="SuperweaponOFFSpawnerKill" DebugSingleStep="false"/>
	</EventList>
	
	<EventList Name="MainTabMenuSpawnerEvent">
		<EventHandler EventName="OnCreated"	ScriptFunctionName="MainTabMenuSpawnerKill" DebugSingleStep="false"/>
	</EventList>
	
	<EventList Name="TestDummyAEvent">
		<EventHandler EventName="OnCreated"	ScriptFunctionName="RegisterTestDummyRef" DebugSingleStep="false"/>
	</EventList>	
	
	<EventList Name="AIBoostMoneySpawnerEvent">
		<EventHandler EventName="OnCreated"	ScriptFunctionName="AIBoostMoneySpawnerKill" DebugSingleStep="false"/>
	</EventList>
	
	<EventList Name="AIBoostTogglerByForceEvent">
		<EventHandler EventName="OnCreated"	ScriptFunctionName="AIBoostTogglerByForceSpawnerKill" DebugSingleStep="false"/>
	</EventList>
	
	<EventList Name="AIBoostOffDisplayEvent">
		<EventHandler EventName="OnCreated"	ScriptFunctionName="AIBoostOffDisplay" DebugSingleStep="false"/>
	</EventList>
	
	<EventList Name="AIBoostOnDisplayEvent">
		<EventHandler EventName="OnCreated"	ScriptFunctionName="AIBoostOnDisplay" DebugSingleStep="false"/>
	</EventList>
	
	<EventList Name="MainTabMenuEvent">
		    <EventHandler EventName="OnCreated"	ScriptFunctionName="MainTabMenuFlash" DebugSingleStep="false"/>
	</EventList>
	
	<EventList Name="MainTabMenuSelectEvent">
            <EventHandler EventName="OnCreated"	ScriptFunctionName="SelectMetaControlTabMenu" DebugSingleStep="false"/>
	</EventList>
	
	<EventList Name="UnlimitedCameraHack2Event">
		<EventHandler EventName="OnCreated"	ScriptFunctionName="Camera_Hack_1_ReInitiate" DebugSingleStep="false"/>
		<EventHandler EventName="OnDestroyed"	ScriptFunctionName="Camera_Hack_1_ReFinish" DebugSingleStep="false"/>
	</EventList>
	
	<EventList Name="MapRevealerONEvent">
		<EventHandler EventName="OnCreated"	ScriptFunctionName="MapRevealerONDisplay" DebugSingleStep="false"/>
	</EventList>
	
	<EventList Name="MapRevealerOFFEvent">
		<EventHandler EventName="OnCreated"	ScriptFunctionName="MapRevealerOFFDisplay" DebugSingleStep="false"/>
	</EventList>
	
	<EventList Name="EnemyAIOFFEvent">
		<EventHandler EventName="OnCreated"	ScriptFunctionName="EnemyAIOFFDisplay" DebugSingleStep="false"/>
	</EventList>
	
	<EventList Name="EnemyAIONEvent">
		<EventHandler EventName="OnCreated"	ScriptFunctionName="EnemyAIONDisplay" DebugSingleStep="false"/>
	</EventList>
	
	<EventList Name="EveryAIOFFEvent">
		<EventHandler EventName="OnCreated"	ScriptFunctionName="EveryAIOFFDisplay" DebugSingleStep="false"/>
	</EventList>
	
	<EventList Name="EveryAIONEvent">
		<EventHandler EventName="OnCreated"	ScriptFunctionName="EveryAIONDisplay" DebugSingleStep="false"/>
	</EventList>
	
	<EventList Name="MainTabMenuPlayerPowerEvent">
		<EventHandler EventName="OnCreated"	ScriptFunctionName="MainTabMenuPlayerPower" DebugSingleStep="false"/>
	</EventList>
	
	<EventList Name="AICoControlToggleEvent">
		<EventHandler EventName="OnCreated"	ScriptFunctionName="ToggleAICoControl" DebugSingleStep="false"/>
	</EventList>
	
	<EventList Name="PeriodicMasterCheckerEvent">
		<EventHandler EventName="OnCreated"	ScriptFunctionName="PeriodicMasterCheck" DebugSingleStep="false"/>
	</EventList>
	
	<EventList Name="TeamRelationsInitializatorEvent">
		<EventHandler EventName="ExampleGuardMe"	ScriptFunctionName="PrimaryTeamRelationsInitialization" DebugSingleStep="false"/>
	</EventList>
	
	<EventList Name="PlayerSpellBookMetaModInjectionEvent">
		<EventHandler EventName="OnCreated"	ScriptFunctionName="PlayerSpellBookMetaModInjection" DebugSingleStep="false"/>
	</EventList>
		
	<EventList Name="CoordinateSpawnEvent">
		<EventHandler EventName="OnCreated"	ScriptFunctionName="SpawnAtPositionProcess" DebugSingleStep="false"/>
	</EventList>
	
	<EventList Name="EdgeCoordinateAnchorDownLeftPrimaryEvent">
		<EventHandler EventName="OnCreated"	ScriptFunctionName="EdgeCoordinateAnchorDownLeftPrimary" DebugSingleStep="false"/>
	</EventList>
	
	<EventList Name="EdgeCoordinateAnchorExecutorEvent">
		<EventHandler EventName="OnCreated"	ScriptFunctionName="EdgeCoordinateAnchorExecutor" DebugSingleStep="false"/>
	</EventList>
	
	<EventList Name="EdgeCoordinateAnchorDownLeftEvent">
		<EventHandler EventName="OnCreated"	ScriptFunctionName="EdgeCoordinateAnchorDownLeft" DebugSingleStep="false"/>
	</EventList>
	
	<EventList Name="EdgeCoordinateAnchorDownRightEvent">
		<EventHandler EventName="OnCreated"	ScriptFunctionName="EdgeCoordinateAnchorDownRight" DebugSingleStep="false"/>
	</EventList>
	
	<EventList Name="EdgeCoordinateAnchorDownRightSpawnerEvent">
		<EventHandler EventName="OnCreated"	ScriptFunctionName="EdgeCoordinateAnchorDownRightSpawner" DebugSingleStep="false"/>
	</EventList>
	
	<EventList Name="EdgeCoordinateAnchorUpperRightEvent">
		<EventHandler EventName="OnCreated"	ScriptFunctionName="EdgeCoordinateAnchorUpperRight" DebugSingleStep="false"/>
	</EventList>
	
	<EventList Name="EdgeCoordinateAnchorUpperLeftEvent">
		<EventHandler EventName="OnCreated"	ScriptFunctionName="EdgeCoordinateAnchorUpperLeft" DebugSingleStep="false"/>
	</EventList>
	
	<EventList Name="EdgeCoordinateAnchorDownRightInAirEvent">
		<EventHandler EventName="OnCreated"	ScriptFunctionName="EdgeCoordinateAnchorDownRightInAir" DebugSingleStep="false"/>
	</EventList>
		
	<EventList Name="TimerCounterCheckerEvent">
		<EventHandler EventName="OnCreated"	ScriptFunctionName="TimerCounterRefresh" DebugSingleStep="false"/>
	</EventList>
	
	<EventList Name="PerHumanPlayerPeriodicChecker">
		<EventHandler EventName="OnCreated"	ScriptFunctionName="PerHumanPlayerPeriodicCheck" DebugSingleStep="false"/>
	</EventList>
	
	<EventList Name="MainTabMenuCommandSetSwitchEvent">
		<EventHandler EventName="OnCreated"	ScriptFunctionName="MainTabMenuCommandSetSwitch" DebugSingleStep="false"/>
	</EventList>
	
	<EventList Name="CamZoomLockToggleEvent">
		<EventHandler EventName="OnCreated"	ScriptFunctionName="CamZoomLockToggle" DebugSingleStep="false"/>
	</EventList>
	
	<EventList Name="UnitSpawnerEvent">
		<EventHandler EventName="OnCreated"	ScriptFunctionName="UnitSpawnerSpawn" DebugSingleStep="false"/>
	</EventList>
	
	<EventList Name="ReloadAutostartConfigEvent">
		<EventHandler EventName="OnCreated"	ScriptFunctionName="ReloadAutostartConfig" DebugSingleStep="false"/>
	</EventList>
	
	<EventList Name="MakePlayerIndestructibleEvent">
		<EventHandler EventName="OnCreated"	ScriptFunctionName="MakePlayerIndestructible" DebugSingleStep="false"/>
	</EventList>
	
	<EventList Name="MergeTeamsEvent">
		<EventHandler EventName="OnCreated"	ScriptFunctionName="MergeTeamWithNextAllied" DebugSingleStep="false"/>
	</EventList>
	
	<EventList Name="ScriptTimerEvent">
		<EventHandler EventName="OnCreated"	ScriptFunctionName="ScriptTimerTest" DebugSingleStep="false"/>
	</EventList>
	
	<EventList Name="ScriptTimerFastEvent">
		<EventHandler EventName="OnCreated"	ScriptFunctionName="ScriptTimerFastTest" DebugSingleStep="false"/>
	</EventList>
	
	<EventList Name="GenericCrateSpawnerEvent">
		<EventHandler EventName="OnCreated"	ScriptFunctionName="GenericCrateSpawnerFunction" DebugSingleStep="false"/>
	</EventList>
	
	<EventList Name="NoSuperweaponsOptionEvent">
		<EventHandler EventName="OnCreated"	ScriptFunctionName="NoSuperweaponsOptionFunction" DebugSingleStep="false"/>
	</EventList>
	
	<EventList Name="NAODNextWaveEvent">
		<EventHandler EventName="OnCreated"	ScriptFunctionName="NativeArtOfDefenseRoundBased" DebugSingleStep="false"/>
	</EventList>
	
	<EventList Name="DiplomacyTabMenuSelectEvent">
            <EventHandler EventName="OnCreated"	ScriptFunctionName="SelectDiplomacyTabMenu" DebugSingleStep="false"/>
	</EventList>
	
	<EventList Name="NextPlayerEvent">
            <EventHandler EventName="OnCreated"	ScriptFunctionName="NextPlayer" DebugSingleStep="false"/>
	</EventList>
	
	<EventList Name="PrevPlayerEvent">
            <EventHandler EventName="OnCreated"	ScriptFunctionName="PrevPlayer" DebugSingleStep="false"/>
	</EventList>
	
	<EventList Name="BreakAllianceEvent">
            <EventHandler EventName="OnCreated"	ScriptFunctionName="BreakAlliance" DebugSingleStep="false"/>
	</EventList>
	
	<EventList Name="RequestAllianceEvent">
            <EventHandler EventName="OnCreated"	ScriptFunctionName="RequestAlliance" DebugSingleStep="false"/>
	</EventList>
	
	<EventList Name="SpecialPowerTakeMoneyEvent">
            <EventHandler EventName="OnCreated"	ScriptFunctionName="SpecialPowerTakeMoney" DebugSingleStep="false"/>
	</EventList>
	
	<EventList Name="ShowAllRelationsEvent">
            <EventHandler EventName="OnCreated"	ScriptFunctionName="ShowAllRelations" DebugSingleStep="false"/>
	</EventList>
	
	<EventList Name="RequestAlliedHelpEvent">
            <EventHandler EventName="OnCreated"	ScriptFunctionName="RequestAlliedHelp" DebugSingleStep="false"/>
	</EventList>
	
	<EventList Name="TakeControlOfAlliedEvent">
            <EventHandler EventName="OnCreated"	ScriptFunctionName="TakeControlOfAllied" DebugSingleStep="false"/>
	</EventList>
	
	<EventList Name="SwitchTeamsEvent">
            <EventHandler EventName="OnCreated"	ScriptFunctionName="SwitchTeams" DebugSingleStep="false"/>
	</EventList>
	
	<EventList Name="TemporaryMergeOwnTeamEvent">
            <EventHandler EventName="OnCreated"	ScriptFunctionName="TemporaryMergeOwnTeam" DebugSingleStep="false"/>
	</EventList>
	
	<EventList Name="TemporaryMergeAlliedTeamEvent">
            <EventHandler EventName="OnCreated"	ScriptFunctionName="TemporaryMergeAlliedTeam" DebugSingleStep="false"/>
	</EventList>
	
	<EventList Name="MenuSelectionUpEvent">
            <EventHandler EventName="OnCreated"	ScriptFunctionName="MenuSelectionUp" DebugSingleStep="false"/>
	</EventList>
	
	<EventList Name="MenuSelectionDownEvent">
            <EventHandler EventName="OnCreated"	ScriptFunctionName="MenuSelectionDown" DebugSingleStep="false"/>
	</EventList>
	
	<EventList Name="ExecuteMenuSelectionEvent">
            <EventHandler EventName="OnCreated"	ScriptFunctionName="ExecuteMenuSelection" DebugSingleStep="false"/>
	</EventList>
	
	<EventList Name="MetaCreditShopEvent">
		<EventHandler EventName="OnCreated"	ScriptFunctionName="MetaCreditShopEnableCreditSystem" DebugSingleStep="false"/>
		<EventHandler EventName="OnDestroyed"	ScriptFunctionName="MetaCreditShopDisableCreditSystem" DebugSingleStep="false"/>
		<EventHandler EventName="OnGenericEvent"	ScriptFunctionName="MetaCreditShopBuildabilityRadiusOn" DebugSingleStep="false"/>
<!--  		<EventHandler EventName="Selected"	ScriptFunctionName="MetaCreditShopBuildabilityRadiusOn" DebugSingleStep="false"/>
		<EventHandler EventName="UnSelected"	ScriptFunctionName="MetaCreditShopBuildabilityRadiusOff" DebugSingleStep="false"/> -->
<!--  		<EventHandler EventName="BuilPlacementCursorOn"	ScriptFunctionName="MetaCreditShopBuildabilityRadiusOn" DebugSingleStep="false"/> -->
<!-- 		<EventHandler EventName="BuilPlacementCursorOn"	ScriptFunctionName="MetaCreditShopBuildabilityRadiusOff" DebugSingleStep="false"/> -->
<!-- 		<EventHandler EventName="ConstructionComplete"	ScriptFunctionName="MetaCreditShopBuildabilityRadiusOn" DebugSingleStep="false"/>
		<EventHandler EventName="ConstructionCompleteNot"	ScriptFunctionName="MetaCreditShopBuildabilityRadiusOff" DebugSingleStep="false"/> -->
	</EventList>
	
	<EventList Name="MetaCreditShopNukeEvent">
		<EventHandler EventName="OnCreated"	ScriptFunctionName="MetaCreditShopNuke" DebugSingleStep="false"/>
	</EventList>
	
	<EventList Name="MetaCreditShopRiftGeneratorEvent">
		<EventHandler EventName="OnCreated"	ScriptFunctionName="MetaCreditShopRiftGenerator" DebugSingleStep="false"/>
	</EventList>

	<EventList Name="MetaCreditShopIonCannonEvent">
		<EventHandler EventName="OnCreated"	ScriptFunctionName="MetaCreditShopIonCannon" DebugSingleStep="false"/>
	</EventList>
	
	<EventList Name="MetaCreditShopEMPEvent">
		<EventHandler EventName="OnCreated"	ScriptFunctionName="MetaCreditShopEMP" DebugSingleStep="false"/>
	</EventList>
	
	<EventList Name="MetaCreditShopSuperAvatarEvent">
		<EventHandler EventName="OnCreated"	ScriptFunctionName="MetaCreditShopSuperAvatar" DebugSingleStep="false"/>
	</EventList>
	
	<EventList Name="MetaCreditShopConvertMoneyEvent">
		<EventHandler EventName="OnCreated"	ScriptFunctionName="MetaCreditShopConvertMoney" DebugSingleStep="false"/>
	</EventList>
	
	<EventList Name="MetaCreditShopBaseTemplateEvent">
		<EventHandler EventName="OnCreated"	ScriptFunctionName="MetaCreditShopBaseTemplate" DebugSingleStep="false"/>
	</EventList>
	
	<EventList Name="MetaCreditShopRandomCircleDefenseEvent">
		<EventHandler EventName="OnCreated"	ScriptFunctionName="MetaCreditShopRandomCircleDefense" DebugSingleStep="false"/>
	</EventList>
	
	<EventList Name="MetaCreditShopRandomSpiralDefenseEvent">
		<EventHandler EventName="OnCreated"	ScriptFunctionName="MetaCreditShopRandomSpiralDefense" DebugSingleStep="false"/>
	</EventList>
	
	<EventList Name="MetaCreditShopAntiVehicleDefStartPointEvent">
		<EventHandler EventName="OnCreated"	ScriptFunctionName="MetaCreditShopAntiVehicleDefStartPoint" DebugSingleStep="false"/>
	</EventList>
	
	<EventList Name="MetaCreditShopAntiVehicleDefEndPointEvent">
		<EventHandler EventName="OnCreated"	ScriptFunctionName="MetaCreditShopAntiVehicleDefEndPoint" DebugSingleStep="false"/>
	</EventList>
	
	<EventList Name="MetaCreditShopIndestructibleEvent">
		<EventHandler EventName="OnCreated"	ScriptFunctionName="MetaCreditShopIndestructible" DebugSingleStep="false"/>
	</EventList>
	
	<EventList Name="MetaCreditInfiniteEnergyEvent">
		<EventHandler EventName="OnCreated"	ScriptFunctionName="MetaCreditInfiniteEnergy" DebugSingleStep="false"/>
	</EventList>
	
	<EventList Name="MetaCreditShopInfiniteProductionSpeedEvent">
		<EventHandler EventName="OnCreated"	ScriptFunctionName="MetaCreditShopInfiniteProductionSpeed" DebugSingleStep="false"/>
	</EventList>
	
	<EventList Name="MetaCreditShopBuildAnywhereEvent">
		<EventHandler EventName="OnCreated"	ScriptFunctionName="MetaCreditShopBuildAnywhere" DebugSingleStep="false"/>
	</EventList>
	
	<EventList Name="BuildAnywhereDummyEvent">
		<EventHandler EventName="OnCreated"	ScriptFunctionName="BuildAnywhereGetMapView" DebugSingleStep="false"/>
	</EventList>
	
	<EventList Name="MetaCreditShopConvertMCtoDollarEvent">
		<EventHandler EventName="OnCreated"	ScriptFunctionName="MetaCreditShopConvertMCtoDollar" DebugSingleStep="false"/>
	</EventList>
	
	<EventList Name="MetaCreditShopRevealMapEvent">
		<EventHandler EventName="OnCreated"	ScriptFunctionName="MetaCreditShopRevealMap" DebugSingleStep="false"/>
	</EventList>
	
	<EventList Name="MetaCreditShopGetStatisticsEvent">
		<EventHandler EventName="OnCreated"	ScriptFunctionName="MetaCreditShopGetStatistics" DebugSingleStep="false"/>
	</EventList>
	
	<EventList Name="MetaCreditShopGuardShieldEmitterEvent">
		<EventHandler EventName="OnCreated"	ScriptFunctionName="MetaCreditShopGuardShieldEmitter" DebugSingleStep="false"/>
	</EventList>
	
	<EventList Name="MetaCreditShopBoostSelectedUnitEvent">
		<EventHandler EventName="OnCreated"	ScriptFunctionName="MetaCreditShopBoostSelectedUnit" DebugSingleStep="false"/>
	</EventList>
	
	<EventList Name="MetaCreditShopTimetravelFixpointEvent">
		<EventHandler EventName="OnCreated"	ScriptFunctionName="MetaCreditShopTimetravelFixpoint" DebugSingleStep="false"/>
	</EventList>
	
	<EventList Name="MetaCreditShopTimetravelEvent">
		<EventHandler EventName="OnCreated"	ScriptFunctionName="MetaCreditShopTimetravel" DebugSingleStep="false"/>
	</EventList>
	
	<EventList Name="MetaCreditShopSpawnRandomUnitForce7Event">
		<EventHandler EventName="OnCreated"	ScriptFunctionName="MetaCreditShopSpawnRandomUnitForce7" DebugSingleStep="false"/>
	</EventList>
	
	<EventList Name="MetaCreditShopRandomSquareDefenseEvent">
		<EventHandler EventName="OnCreated"	ScriptFunctionName="MetaCreditShopRandomSquareDefense" DebugSingleStep="false"/>
	</EventList>
	
	<EventList Name="MetaCreditShopRandomAntiGroundDefenseBlockEvent">
		<EventHandler EventName="OnCreated"	ScriptFunctionName="MetaCreditShopRandomAntiGroundDefenseBlock" DebugSingleStep="false"/>
	</EventList>
	
	<EventList Name="MetaCreditShopRandomAntiAirDefenseBlockEvent">
		<EventHandler EventName="OnCreated"	ScriptFunctionName="MetaCreditShopRandomAntiAirDefenseBlock" DebugSingleStep="false"/>
	</EventList>
	
	<EventList Name="MetaCreditShopBetEvent">
		<EventHandler EventName="OnCreated"	ScriptFunctionName="MetaCreditShopBet" DebugSingleStep="false"/>
	</EventList>
	
	<EventList Name="InfoAboutUnitEvent">
		<EventHandler EventName="OnCreated"	ScriptFunctionName="InfoAboutUnit" DebugSingleStep="false"/>
	</EventList>
	
	<EventList Name="DisableMetaModMenusEvent">
            <EventHandler EventName="OnCreated"	ScriptFunctionName="DisableMetaModMenus" DebugSingleStep="false"/>
	</EventList>
	
	<EventList Name="OCLWeaponScriptExtenderEvent">
            <EventHandler EventName="OnCreated"	ScriptFunctionName="OCLWeaponScriptExtender" DebugSingleStep="false"/>
	</EventList>
	
	<EventList Name="CoordSpawnEvent">
            <EventHandler EventName="OnCreated"	ScriptFunctionName="SpawnAtPositionProcess2" DebugSingleStep="false"/>
	</EventList>
	
	<EventList Name="FinalCoordAnchorEvent">
            <EventHandler EventName="OnCreated"	ScriptFunctionName="FinalCoordSpawn2" DebugSingleStep="false"/>
	</EventList>
	
	<EventList Name="MetaMenuPositionObjectEvent">
            <EventHandler EventName="OnCreated"	ScriptFunctionName="MetaMenuPositionObject" DebugSingleStep="false"/>
	</EventList>
	
	<EventList Name="Diplomacy_Choose_Accept_Event">
            <EventHandler EventName="OnCreated"	ScriptFunctionName="Diplomacy_Choose_Accept" DebugSingleStep="false"/>
	</EventList>
	
	<EventList Name="Diplomacy_Choose_Deny_Event">
            <EventHandler EventName="OnCreated"	ScriptFunctionName="Diplomacy_Choose_Deny" DebugSingleStep="false"/>
	</EventList>
	
	<EventList Name="MetaCreditShopSelectTabMenuEvent">
            <EventHandler EventName="OnCreated"	ScriptFunctionName="MetaCreditShopSelectTabMenu" DebugSingleStep="false"/>
	</EventList>
	
	<EventList Name="ControlPointEvent">
		<EventHandler EventName="OnCreated" ScriptFunctionName="ControlPointXCreated" DebugSingleStep="false"/>
		<EventHandler EventName="EnemyNear"	ScriptFunctionName="ControlPointEnemyNear" DebugSingleStep="false"/>
		<EventHandler EventName="EnemyAway"	ScriptFunctionName="ControlPointEnemyAway" DebugSingleStep="false"/>
		<EventHandler EventName="CAPTURED" ScriptFunctionName="ControlPointCAPTURED" DebugSingleStep="false"/>
		<EventHandler EventName="CAPTURE_100" ScriptFunctionName="ControlPointCAPTURE_100" DebugSingleStep="false"/>
		<EventHandler EventName="CAPTURE_75" ScriptFunctionName="ControlPointCAPTURE_75" DebugSingleStep="false"/>
		<EventHandler EventName="CAPTURE_50" ScriptFunctionName="ControlPointCAPTURE_50" DebugSingleStep="false"/>
		<EventHandler EventName="CAPTURE_25" ScriptFunctionName="ControlPointCAPTURE_25" DebugSingleStep="false"/>
		<EventHandler EventName="CAPTURE_0"	ScriptFunctionName="ControlPointCAPTURE_0" DebugSingleStep="false"/>
		<EventHandler EventName="CAPTURING"	ScriptFunctionName="ControlPointCAPTURING" DebugSingleStep="false"/>
	</EventList>
	
	<EventList Name="DiplomacyMenuToggleEvent">
            <EventHandler EventName="OnCreated"	ScriptFunctionName="DiplomacyMenuToggle" DebugSingleStep="false"/>
	</EventList>
	
	<EventList Name="MetaCreditShopMenuToggleEvent">
            <EventHandler EventName="OnCreated"	ScriptFunctionName="MetaCreditShopMenuToggle" DebugSingleStep="false"/>
	</EventList>
	
	<EventList Name="MetaControlDummyFreezeGameEvent">
            <EventHandler EventName="OnCreated"	ScriptFunctionName="MetaControlDummyFreezeGame" DebugSingleStep="false"/>
	</EventList>
	
	<EventList Name="MetaCreditShopSlowDownEnemyEvent">
            <EventHandler EventName="OnCreated"	ScriptFunctionName="MetaCreditShopSlowDownEnemy" DebugSingleStep="false"/>
	</EventList>
	
	<EventList Name="Diplomacy_SendMoneyEvent">
            <EventHandler EventName="OnCreated"	ScriptFunctionName="Diplomacy_SendMoney" DebugSingleStep="false"/>
	</EventList>
	
	<EventList Name="Diplomacy_MoveAttackCommandEvent">
            <EventHandler EventName="OnCreated"	ScriptFunctionName="Diplomacy_MoveAttackCommand" DebugSingleStep="false"/>
	</EventList>
	
	<EventList Name="Diplomacy_ApplyForTeamCommanderEvent">
            <EventHandler EventName="OnCreated"	ScriptFunctionName="Diplomacy_ApplyForTeamCommander" DebugSingleStep="false"/>
	</EventList>
	
	<EventList Name="VictoryConditionHelperEvent">
            <EventHandler EventName="OnCreated"	ScriptFunctionName="VictoryConditionHelperCreated" DebugSingleStep="false"/>
	</EventList>
	
	<EventList Name="MetaControlDummyAIBoostAlliesPREActivatorEvent">
            <EventHandler EventName="OnCreated"	ScriptFunctionName="AlliedAIBoostActivation" DebugSingleStep="false"/>
	</EventList>
	
	<EventList Name="MetaControlDummyAIBoostPREActivatorEvent">
            <EventHandler EventName="OnCreated"	ScriptFunctionName="EnemyAIBoostActivation" DebugSingleStep="false"/>
	</EventList>
	
	<EventList Name="MetaControlDummyCameraSetupEvent">
		<EventHandler EventName="OnCreated"	ScriptFunctionName="ToggleCameraZoomSetupMode" DebugSingleStep="false"/>
	</EventList>
	
	<EventList Name="MetaMenuHideMetaControlMenuEvent">
		<EventHandler EventName="OnCreated"	ScriptFunctionName="MetaMenuHideMetaControlMenu" DebugSingleStep="false"/>
	</EventList>
	
	<EventList Name="MetaControlFirstAndThirdPersonModeEvent">
		<EventHandler EventName="OnCreated"	ScriptFunctionName="MetaControlFirstAndThirdPersonMode" DebugSingleStep="false"/>
	</EventList>

	<EventList Name="WallGateFunctions">
		<EventHandler EventName="OnDamaged"	ScriptFunctionName="OnGateCheck" DebugSingleStep="false"/>
    </EventList>
	
	<EventList Name="MenuSelectionRightEvent">
		<EventHandler EventName="OnCreated"	ScriptFunctionName="MenuSelectionRight" DebugSingleStep="false"/>
	</EventList>
	
	<EventList Name="MetaMenuSelectionLeftEvent">
		<EventHandler EventName="OnCreated"	ScriptFunctionName="MetaMenuSelectionLeft" DebugSingleStep="false"/>
	</EventList>
	
    <EventList Name="NoOp">
		<EventHandler EventName="OnCreated" ScriptFunctionName="NoOpFunction" DebugSingleStep="false"/>
    </EventList>
	
</SageLuaScriptSection>
