<?xml version="1.0" encoding="us-ascii"?>
<AssetDeclaration xmlns="uri:ea.com:eala:asset" xmlns:xsi="http://www.w3.org/2001/XMLSchema-instance" xmlns:xi="http://www.w3.org/2001/XInclude" xmlns:xai="uri:ea.com:eala:asset:instance">
	<Tags></Tags>
	<Includes>
	</Includes>

	<GameObject
		id="MetaControlDummyTakeMoney"
		Side="Neutral"
		EditorSorting="UNIT"
		CommandSet="EmptyCommandSet"
		KindOf="UNSELECTABLE NO_COLLIDE IGNORE_FOR_VICTORY CANNOT_BE_DETECTED RESIST_EMP NOT_ON_RADAR AIRCRAFT"
		RadarPriority="NOT_ON_RADAR"
		EditorName="GenericCrateSpawner">
		<LocomotorSet
			Locomotor="MetaControlDummyLocomotor"
			Condition="NORMAL"
			Speed="1" />
		<DisplayName>GenericCrateSpawner</DisplayName>
		<ArmorSet
			Armor="NoArmor" />
		<Draws>
		</Draws>
		<Behaviors>	
			<SlowDeath
				id="ModuleTag_Death"
				DestructionDelay="0s">
				<DieMuxData
					DeathTypes="ALL"/>
			</SlowDeath>
			<SpecialPower
				id="ModuleTag_SpecialPowerTakeMoney5000"
				SpecialPowerTemplate="SpecialPowerTakeMoney5000">
			</SpecialPower>
			<SpecialPower
				id="ModuleTag_SpecialPowerTakeMoney10000"
				SpecialPowerTemplate="SpecialPowerTakeMoney10000">
			</SpecialPower>
			<SpecialPower
				id="ModuleTag_SpecialPowerTakeMoney15000"
				SpecialPowerTemplate="SpecialPowerTakeMoney15000">
			</SpecialPower>
			<SpecialPower
				id="ModuleTag_SpecialPowerTakeMoney20000"
				SpecialPowerTemplate="SpecialPowerTakeMoney20000">
			</SpecialPower>
			<SpecialPower
				id="ModuleTag_SpecialPowerTakeMoney25000"
				SpecialPowerTemplate="SpecialPowerTakeMoney25000">
			</SpecialPower>
			<SpecialPower
				id="ModuleTag_SpecialPowerTakeMoney30000"
				SpecialPowerTemplate="SpecialPowerTakeMoney30000">
			</SpecialPower>
			<SpecialPower
				id="ModuleTag_SpecialPowerTakeMoney35000"
				SpecialPowerTemplate="SpecialPowerTakeMoney35000">
			</SpecialPower>
			<SpecialPower
				id="ModuleTag_SpecialPowerTakeMoney40000"
				SpecialPowerTemplate="SpecialPowerTakeMoney40000">
			</SpecialPower>
			<SpecialPower
				id="ModuleTag_SpecialPowerTakeMoney45000"
				SpecialPowerTemplate="SpecialPowerTakeMoney45000">
			</SpecialPower>
			<SpecialPower
				id="ModuleTag_SpecialPowerTakeMoney50000"
				SpecialPowerTemplate="SpecialPowerTakeMoney50000">
			</SpecialPower>
<!-- 			<FireWeaponUpdate
				id="ModuleTag_FireWeaponUpdate">
				<FireWeaponNugget
					WeaponName="TakeMoneyWeapon"
					FireDelay="0s"
					OneShot="false" />
			</FireWeaponUpdate>	 -->
			<LifetimeUpdate
				id="ModuleTag_Lifetime"
				DeathType="FADED"
				MinLifetime="1.0s"
				MaxLifetime="1.0s" />			
			<InvisibilityUpdate
				id="ModuleTag_Invisibility"
				UpdatePeriod="1s"
				Options="STARTS_ACTIVE">
			</InvisibilityUpdate>
		</Behaviors>
		<AI>
			<AIUpdate
				id="ModuleTag_AI"
				AutoAcquireEnemiesWhenIdle="NO"
				AILuaEventsList="SpecialPowerTakeMoneyEvent"/>
		</AI>
		<Body>
			<ActiveBody
				id="ModuleTag_Body"
				MaxHealth="999999.0" />
		</Body>
		<Geometry
			IsSmall="true">
			<Shape
				Type="CYLINDER"
				MajorRadius="1.0"
				Height="1.0"/>
		</Geometry>
		<VisionInfo
			VisionRange="0"
			ShroudClearingRange="0" />
	</GameObject>
	
</AssetDeclaration>