<?xml version="1.0" encoding="us-ascii"?>
<AssetDeclaration xmlns="uri:ea.com:eala:asset" xmlns:xsi="http://www.w3.org/2001/XMLSchema-instance" xmlns:xi="http://www.w3.org/2001/XInclude" xmlns:xai="uri:ea.com:eala:asset:instance">
	<Tags></Tags>
	<Includes>
	</Includes>
	
	<GameObject
		id="CoordinateAnchor"
		Side="Neutral"
		EditorSorting="SYSTEM"
		CommandSet="EmptyCommandSet"
		KindOf="NO_COLLIDE"
		RadarPriority="NOT_ON_RADAR"
		EditorName="GenericCrateSpawner">
		<DisplayName>GenericCrateSpawner</DisplayName>
		<ArmorSet
			Armor="InvulnerableArmor" />
		<Draws>
		</Draws>
		<Behaviors>	
 			<LifetimeUpdate
				id="ModuleTag_Lifetime"
				DeathType="FADED"
				MinLifetime="0.00s"
				MaxLifetime="0.00s" /> 
			<CreateObjectDie
				id="ModuleTag_CoordinateAddAll"
				CreationList="OCL_CoordinateAddAll"
				UpgradeForbidden="">
				<DieMuxData
					DeathTypes="FADED"/>
			</CreateObjectDie>
		</Behaviors>
		<AI>
			<AIUpdate
				id="ModuleTag_AI"
				AutoAcquireEnemiesWhenIdle="NO"
				AILuaEventsList="CoordinateSpawnEvent"/>
		</AI>
		<Body>
			<ActiveBody
				id="ModuleTag_Body"
				MaxHealth="1.0" />
		</Body>
	</GameObject>	
	
	<GameObject
		id="PositionTester"
		Side="Neutral"
		EditorSorting="UNIT"
		CommandSet="EmptyCommandSet"
		KindOf="NO_COLLIDE"
		RadarPriority="NOT_ON_RADAR"
		EditorName="GenericCrateSpawner">
		<DisplayName>GenericCrateSpawner</DisplayName>
		<ArmorSet
			Armor="InvulnerableArmor" />
		<Draws>
		</Draws>
		<Behaviors>	
			<SlowDeath
				id="ModuleTag_Death"
				DestructionDelay="0s">
				<DieMuxData
					DeathTypes="ALL" />
			</SlowDeath>
 			<LifetimeUpdate
				id="ModuleTag_Lifetime"
				DeathType="FADED"
				MinLifetime="0.0s"
				MaxLifetime="0.0s" /> 
		</Behaviors>
		<AI>
			<AIUpdate
				id="ModuleTag_AI"
				AutoAcquireEnemiesWhenIdle="NO"/>
		</AI>
		<Body>
			<ActiveBody
				id="ModuleTag_Body"
				MaxHealth="999999.0" />
		</Body>
		<Geometry
			IsSmall="true">
			<Shape
				Type="CYLINDER"
				MajorRadius="1.0"
				Height="1.0"/>
		</Geometry>
		<VisionInfo
			VisionRange="0"
			ShroudClearingRange="0" />
	</GameObject>	
	
	<GameObject
		id="CoordinateAdd1XOLD"
		Side="Neutral"
		EditorSorting="UNIT"
		CommandSet="EmptyCommandSet"
		KindOf="NO_COLLIDE"
		RadarPriority="NOT_ON_RADAR"
		EditorName="GenericCrateSpawner">
		<DisplayName>GenericCrateSpawner</DisplayName>
		<ArmorSet
			Armor="InvulnerableArmor" />
		<Draws>
		</Draws>
		<Behaviors>	
			<SlowDeath
				id="ModuleTag_Death"
				DestructionDelay="0s">
				<DieMuxData
					DeathTypes="ALL" />
			</SlowDeath>
			<CreateObjectDie
				id="ModuleTag_CoordinateAdd1X"
				CreationList="OCL_PermanentMapRevealer"
				UpgradeForbidden="">
				<DieMuxData
					DeathTypes="FADED"/>
			</CreateObjectDie>
 			<LifetimeUpdate
				id="ModuleTag_Lifetime"
				DeathType="FADED"
				MinLifetime="0.01s"
				MaxLifetime="0.01s" /> 
		</Behaviors>
		<AI>
			<AIUpdate
				id="ModuleTag_AI"
				AutoAcquireEnemiesWhenIdle="NO"
				AILuaEventsList="CoordinateSpawnEvent"/>
		</AI>
		<Body>
			<ActiveBody
				id="ModuleTag_Body"
				MaxHealth="999999.0" />
		</Body>
		<Geometry
			IsSmall="true">
			<Shape
				Type="BOX"
				MajorRadius="1.0"
				MinorRadius="1.0"
				Height="1.0">
				<Offset
					x="0.0"
					y="0.0"
					z="0.0" />
			</Shape>
		</Geometry>
		<VisionInfo
			VisionRange="0"
			ShroudClearingRange="0" />
	</GameObject>
	
	<GameObject
		id="CoordinateAdd1X"
		Side="Neutral"
		EditorSorting="SYSTEM"
		CommandSet="EmptyCommandSet"
		KindOf="NO_COLLIDE"
		RadarPriority="NOT_ON_RADAR"
		EditorName="GenericCrateSpawner">
		<DisplayName>GenericCrateSpawner</DisplayName>
		<ArmorSet
			Armor="InvulnerableArmor" />
		<Draws>
		</Draws>
		<Behaviors>	
 			<LifetimeUpdate
				id="ModuleTag_Lifetime"
				DeathType="FADED"
				MinLifetime="0.00s"
				MaxLifetime="0.00s" /> 
			<CreateObjectDie
				id="ModuleTag_CoordinateAddAll"
				CreationList="OCL_CoordinateAddAll"
				UpgradeForbidden="">
				<DieMuxData
					DeathTypes="FADED"/>
			</CreateObjectDie>
		</Behaviors>
		<AI>
			<AIUpdate
				id="ModuleTag_AI"
				AutoAcquireEnemiesWhenIdle="NO"
				AILuaEventsList="CoordinateSpawnEvent"/>
		</AI>
		<Body>
			<ActiveBody
				id="ModuleTag_Body"
				MaxHealth="1.0" />
		</Body>
	</GameObject>
	
	<GameObject
		id="CoordinateAdd10X"
		Side="Neutral"
		EditorSorting="SYSTEM"
		CommandSet="EmptyCommandSet"
		KindOf="NO_COLLIDE"
		RadarPriority="NOT_ON_RADAR"
		EditorName="GenericCrateSpawner">
		<DisplayName>GenericCrateSpawner</DisplayName>
		<ArmorSet
			Armor="InvulnerableArmor" />
		<Draws>
		</Draws>
		<Behaviors>	
 			<LifetimeUpdate
				id="ModuleTag_Lifetime"
				DeathType="FADED"
				MinLifetime="0.00s"
				MaxLifetime="0.00s" /> 
			<CreateObjectDie
				id="ModuleTag_CoordinateAddAll"
				CreationList="OCL_CoordinateAddAll"
				UpgradeForbidden="">
				<DieMuxData
					DeathTypes="FADED"/>
			</CreateObjectDie>
		</Behaviors>
		<AI>
			<AIUpdate
				id="ModuleTag_AI"
				AutoAcquireEnemiesWhenIdle="NO"
				AILuaEventsList="CoordinateSpawnEvent"/>
		</AI>
		<Body>
			<ActiveBody
				id="ModuleTag_Body"
				MaxHealth="1.0" />
		</Body>
	</GameObject>

	<GameObject
		id="CoordinateAdd100X"
		Side="Neutral"
		EditorSorting="SYSTEM"
		CommandSet="EmptyCommandSet"
		KindOf="NO_COLLIDE"
		RadarPriority="NOT_ON_RADAR"
		EditorName="GenericCrateSpawner">
		<DisplayName>GenericCrateSpawner</DisplayName>
		<ArmorSet
			Armor="InvulnerableArmor" />
		<Draws>
		</Draws>
		<Behaviors>	
 			<LifetimeUpdate
				id="ModuleTag_Lifetime"
				DeathType="FADED"
				MinLifetime="0.00s"
				MaxLifetime="0.00s" /> 
			<CreateObjectDie
				id="ModuleTag_CoordinateAddAll"
				CreationList="OCL_CoordinateAddAll"
				UpgradeForbidden="">
				<DieMuxData
					DeathTypes="FADED"/>
			</CreateObjectDie>
		</Behaviors>
		<AI>
			<AIUpdate
				id="ModuleTag_AI"
				AutoAcquireEnemiesWhenIdle="NO"
				AILuaEventsList="CoordinateSpawnEvent"/>
		</AI>
		<Body>
			<ActiveBody
				id="ModuleTag_Body"
				MaxHealth="1.0" />
		</Body>
	</GameObject>
	
	<GameObject
		id="CoordinateAdd1000X"
		Side="Neutral"
		EditorSorting="SYSTEM"
		CommandSet="EmptyCommandSet"
		KindOf="NO_COLLIDE"
		RadarPriority="NOT_ON_RADAR"
		EditorName="GenericCrateSpawner">
		<DisplayName>GenericCrateSpawner</DisplayName>
		<ArmorSet
			Armor="InvulnerableArmor" />
		<Draws>
		</Draws>
		<Behaviors>	
 			<LifetimeUpdate
				id="ModuleTag_Lifetime"
				DeathType="FADED"
				MinLifetime="0.00s"
				MaxLifetime="0.00s" /> 
			<CreateObjectDie
				id="ModuleTag_CoordinateAddAll"
				CreationList="OCL_CoordinateAddAll"
				UpgradeForbidden="">
				<DieMuxData
					DeathTypes="FADED"/>
			</CreateObjectDie>
		</Behaviors>
		<AI>
			<AIUpdate
				id="ModuleTag_AI"
				AutoAcquireEnemiesWhenIdle="NO"
				AILuaEventsList="CoordinateSpawnEvent"/>
		</AI>
		<Body>
			<ActiveBody
				id="ModuleTag_Body"
				MaxHealth="1.0" />
		</Body>
	</GameObject>
	
	<GameObject
		id="CoordinateAdd1YOLD"
		Side="Neutral"
		EditorSorting="UNIT"
		CommandSet="EmptyCommandSet"
		KindOf="CRATE"
		RadarPriority="NOT_ON_RADAR"
		EditorName="GenericCrateSpawner">
		<DisplayName>GenericCrateSpawner</DisplayName>
		<ArmorSet
			Armor="InvulnerableArmor" />
		<Draws>
		</Draws>
		<Behaviors>	
			<SlowDeath
				id="ModuleTag_Death"
				DestructionDelay="0s">
				<DieMuxData
					DeathTypes="ALL" />
			</SlowDeath> 
 			<LifetimeUpdate
				id="ModuleTag_Lifetime"
				DeathType="FADED"
				MinLifetime="0.02s"
				MaxLifetime="0.02s" /> 
		</Behaviors>
		<AI>
			<AIUpdate
				id="ModuleTag_AI"
				AutoAcquireEnemiesWhenIdle="NO"
				AILuaEventsList="CoordinateSpawnEvent"/>
		</AI>
		<Body>
			<ActiveBody
				id="ModuleTag_Body"
				MaxHealth="999999.0" />
		</Body>
		<Geometry
			IsSmall="true">
			<Shape
				Type="CYLINDER"
				MajorRadius="1.0"
				Height="1.0"/>
		</Geometry>
		<VisionInfo
			VisionRange="0"
			ShroudClearingRange="0" />
	</GameObject>
	
	<GameObject
		id="CoordinateAdd1Y"
		Side="Neutral"
		EditorSorting="SYSTEM"
		CommandSet="EmptyCommandSet"
		KindOf="NO_COLLIDE"
		RadarPriority="NOT_ON_RADAR"
		EditorName="GenericCrateSpawner">
		<DisplayName>GenericCrateSpawner</DisplayName>
		<ArmorSet
			Armor="InvulnerableArmor" />
		<Draws>
		</Draws>
		<Behaviors>	
 			<LifetimeUpdate
				id="ModuleTag_Lifetime"
				DeathType="FADED"
				MinLifetime="0.00s"
				MaxLifetime="0.00s" /> 
			<CreateObjectDie
				id="ModuleTag_CoordinateAddAll"
				CreationList="OCL_CoordinateAddAll"
				UpgradeForbidden="">
				<DieMuxData
					DeathTypes="FADED"/>
			</CreateObjectDie>
		</Behaviors>
		<AI>
			<AIUpdate
				id="ModuleTag_AI"
				AutoAcquireEnemiesWhenIdle="NO"
				AILuaEventsList="CoordinateSpawnEvent"/>
		</AI>
		<Body>
			<ActiveBody
				id="ModuleTag_Body"
				MaxHealth="1.0" />
		</Body>
	</GameObject>	
	
	<GameObject
		id="CoordinateAdd10Y"
		Side="Neutral"
		EditorSorting="SYSTEM"
		CommandSet="EmptyCommandSet"
		KindOf="NO_COLLIDE"
		RadarPriority="NOT_ON_RADAR"
		EditorName="GenericCrateSpawner">
		<DisplayName>GenericCrateSpawner</DisplayName>
		<ArmorSet
			Armor="InvulnerableArmor" />
		<Draws>
		</Draws>
		<Behaviors>	
 			<LifetimeUpdate
				id="ModuleTag_Lifetime"
				DeathType="FADED"
				MinLifetime="0.00s"
				MaxLifetime="0.00s" /> 
			<CreateObjectDie
				id="ModuleTag_CoordinateAddAll"
				CreationList="OCL_CoordinateAddAll"
				UpgradeForbidden="">
				<DieMuxData
					DeathTypes="FADED"/>
			</CreateObjectDie>
		</Behaviors>
		<AI>
			<AIUpdate
				id="ModuleTag_AI"
				AutoAcquireEnemiesWhenIdle="NO"
				AILuaEventsList="CoordinateSpawnEvent"/>
		</AI>
		<Body>
			<ActiveBody
				id="ModuleTag_Body"
				MaxHealth="1.0" />
		</Body>
	</GameObject>	
	
	<GameObject
		id="CoordinateAdd100Y"
		Side="Neutral"
		EditorSorting="SYSTEM"
		CommandSet="EmptyCommandSet"
		KindOf="NO_COLLIDE"
		RadarPriority="NOT_ON_RADAR"
		EditorName="GenericCrateSpawner">
		<DisplayName>GenericCrateSpawner</DisplayName>
		<ArmorSet
			Armor="InvulnerableArmor" />
		<Draws>
		</Draws>
		<Behaviors>	
 			<LifetimeUpdate
				id="ModuleTag_Lifetime"
				DeathType="FADED"
				MinLifetime="0.00s"
				MaxLifetime="0.00s" /> 
			<CreateObjectDie
				id="ModuleTag_CoordinateAddAll"
				CreationList="OCL_CoordinateAddAll"
				UpgradeForbidden="">
				<DieMuxData
					DeathTypes="FADED"/>
			</CreateObjectDie>
		</Behaviors>
		<AI>
			<AIUpdate
				id="ModuleTag_AI"
				AutoAcquireEnemiesWhenIdle="NO"
				AILuaEventsList="CoordinateSpawnEvent"/>
		</AI>
		<Body>
			<ActiveBody
				id="ModuleTag_Body"
				MaxHealth="1.0" />
		</Body>
	</GameObject>
	
	<GameObject
		id="CoordinateAdd1000Y"
		Side="Neutral"
		EditorSorting="SYSTEM"
		CommandSet="EmptyCommandSet"
		KindOf="NO_COLLIDE"
		RadarPriority="NOT_ON_RADAR"
		EditorName="GenericCrateSpawner">
		<DisplayName>GenericCrateSpawner</DisplayName>
		<ArmorSet
			Armor="InvulnerableArmor" />
		<Draws>
		</Draws>
		<Behaviors>	
 			<LifetimeUpdate
				id="ModuleTag_Lifetime"
				DeathType="FADED"
				MinLifetime="0.00s"
				MaxLifetime="0.00s" /> 
			<CreateObjectDie
				id="ModuleTag_CoordinateAddAll"
				CreationList="OCL_CoordinateAddAll"
				UpgradeForbidden="">
				<DieMuxData
					DeathTypes="FADED"/>
			</CreateObjectDie>
		</Behaviors>
		<AI>
			<AIUpdate
				id="ModuleTag_AI"
				AutoAcquireEnemiesWhenIdle="NO"
				AILuaEventsList="CoordinateSpawnEvent"/>
		</AI>
		<Body>
			<ActiveBody
				id="ModuleTag_Body"
				MaxHealth="1.0" />
		</Body>
	</GameObject>
	
	<GameObject
		id="FinalCoordinateAnchorSpawner"
		Side="Neutral"
		EditorSorting="SYSTEM"
		CommandSet="EmptyCommandSet"
		KindOf="NO_COLLIDE"
		RadarPriority="NOT_ON_RADAR"
		EditorName="GenericCrateSpawner">
		<DisplayName>GenericCrateSpawner</DisplayName>
		<ArmorSet
			Armor="InvulnerableArmor" />
		<Draws>
		</Draws>
		<Behaviors>	
 			<LifetimeUpdate
				id="ModuleTag_Lifetime"
				DeathType="FADED"
				MinLifetime="0.00s"
				MaxLifetime="0.00s" /> 
			<CreateObjectDie
				id="ModuleTag_FinalCoordinateAnchor"
				CreationList="OCL_FinalCoordinateAnchor"
				UpgradeForbidden="">
				<DieMuxData
					DeathTypes="FADED"/>
			</CreateObjectDie>
		</Behaviors>
		<AI>
			<AIUpdate
				id="ModuleTag_AI"
				AutoAcquireEnemiesWhenIdle="NO"
				AILuaEventsList="CoordinateSpawnEvent"/>
		</AI>
		<Body>
			<ActiveBody
				id="ModuleTag_Body"
				MaxHealth="1.0" />
		</Body>
	</GameObject>	

	<GameObject
		id="FinalCoordinateAnchor"
		Side="Neutral"
		EditorSorting="SYSTEM"
		CommandSet="EmptyCommandSet"
		KindOf="NO_COLLIDE"
		RadarPriority="NOT_ON_RADAR"
		EditorName="GenericCrateSpawner">
		<DisplayName>GenericCrateSpawner</DisplayName>
		<ArmorSet
			Armor="InvulnerableArmor" />
		<Draws>
		</Draws>
		<Behaviors>	
 			<LifetimeUpdate
				id="ModuleTag_Lifetime"
				DeathType="FADED"
				MinLifetime="0.00s"
				MaxLifetime="0.00s" /> 
		</Behaviors>
		<AI>
			<AIUpdate
				id="ModuleTag_AI"
				AutoAcquireEnemiesWhenIdle="NO"
				AILuaEventsList="CoordinateSpawnEvent"/>
		</AI>
		<Body>
			<ActiveBody
				id="ModuleTag_Body"
				MaxHealth="1.0" />
		</Body>
	</GameObject>		

	<ObjectCreationList
		id="OCL_CoordinateAddOLD">
		 <CreateObject
			Options="IGNORE_ALL_OBJECTS OFFSET_IN_LOCAL_SPACE"
			Disposition="RELATIVE_ANGLE ON_GROUND_ALIGNED SPAWN_AROUND"
			DispositionIntensity="1.0"
			OrientationOffset="0.0d"
			Count="1">
			<Offset
				x="1"
				y="0"
				z="0" />
		 <CreateObject>CoordinateAdd1X</CreateObject>
		</CreateObject>
	</ObjectCreationList>		

	<ObjectCreationList
		id="OCL_CoordinateAdd1X">
		 <CreateObject
			Options="IGNORE_ALL_OBJECTS"
			Disposition="LIKE_EXISTING ABSOLUTE_ANGLE"
			Count="1">
			<Offset
				x="1"
				y="0"
				z="0" />
		 <CreateObject>CoordinateAdd1X</CreateObject>
		</CreateObject>
	</ObjectCreationList>	
	
	<ObjectCreationList
		id="OCL_CoordinateAdd10X">
		 <CreateObject
			Options="IGNORE_ALL_OBJECTS"
			Disposition="LIKE_EXISTING ABSOLUTE_ANGLE"
			Count="1">
			<Offset
				x="10"
				y="0"
				z="0" />
		 <CreateObject>CoordinateAdd10X</CreateObject>
		</CreateObject>
	</ObjectCreationList>	
	
	<ObjectCreationList
		id="OCL_FinalCoordinateAnchor">
		 <CreateObject
			Options="IGNORE_ALL_OBJECTS"
			Disposition="LIKE_EXISTING ABSOLUTE_ANGLE"
			Count="1">
			<Offset
				x="0"
				y="0"
				z="0" />
		 <CreateObject>FinalCoordinateAnchor</CreateObject>
		</CreateObject>
	</ObjectCreationList>	
	
	<ObjectCreationList
		id="OCL_CoordinateAdd100X">
		 <CreateObject
			Options="IGNORE_ALL_OBJECTS"
			Disposition="LIKE_EXISTING ABSOLUTE_ANGLE"
			Count="1">
			<Offset
				x="100"
				y="0"
				z="0" />
		 <CreateObject>CoordinateAdd100X</CreateObject>
		</CreateObject>
	</ObjectCreationList>	
	
	<ObjectCreationList
		id="OCL_CoordinateAdd1Y">
		<CreateObject
			Options="IGNORE_ALL_OBJECTS"
			Disposition="LIKE_EXISTING ABSOLUTE_ANGLE"
			Count="1">
			<Offset
				x="0"
				y="1"
				z="0" />
			<CreateObject>CoordinateAdd1Y</CreateObject>
		</CreateObject>
	</ObjectCreationList>	
	
	<ObjectCreationList
		id="OCL_CoordinateAdd10Y">
		<CreateObject
			Options="IGNORE_ALL_OBJECTS"
			Disposition="LIKE_EXISTING ABSOLUTE_ANGLE"
			Count="1">
			<Offset
				x="0"
				y="10"
				z="0" />
			<CreateObject>CoordinateAdd10Y</CreateObject>
		</CreateObject>
	</ObjectCreationList>	
	
	<ObjectCreationList
		id="OCL_CoordinateAdd100Y">
		<CreateObject
			Options="IGNORE_ALL_OBJECTS"
			Disposition="LIKE_EXISTING ABSOLUTE_ANGLE"
			Count="1">
			<Offset
				x="0"
				y="100"
				z="0" />
			<CreateObject>CoordinateAdd1X</CreateObject>
		</CreateObject>
	</ObjectCreationList>	
	
	<ObjectCreationList
		id="OCL_CoordinateAddAll">
		<CreateObject
			Options="IGNORE_ALL_OBJECTS"
			Disposition="LIKE_EXISTING ABSOLUTE_ANGLE"
			Count="1">
			<Offset
				x="1"
				y="0"
				z="0" />
			<CreateObject>CoordinateAdd1X</CreateObject>
		</CreateObject>
		<CreateObject
			Options="IGNORE_ALL_OBJECTS"
			Disposition="LIKE_EXISTING ABSOLUTE_ANGLE"
			Count="1">
			<Offset
				x="10"
				y="0"
				z="0" />
			<CreateObject>CoordinateAdd10X</CreateObject>
		</CreateObject>			
		<CreateObject
			Options="IGNORE_ALL_OBJECTS"
			Disposition="LIKE_EXISTING ABSOLUTE_ANGLE"
			Count="1">
			<Offset
				x="100"
				y="0"
				z="0" />
			<CreateObject>CoordinateAdd100X</CreateObject>
		</CreateObject>
		<CreateObject
			Options="IGNORE_ALL_OBJECTS"
			Disposition="LIKE_EXISTING ABSOLUTE_ANGLE"
			Count="1">
			<Offset
				x="1000"
				y="0"
				z="0" />
			<CreateObject>CoordinateAdd1000X</CreateObject>
		</CreateObject>
		<CreateObject
			Options="IGNORE_ALL_OBJECTS"
			Disposition="LIKE_EXISTING ABSOLUTE_ANGLE"
			Count="1">
			<Offset
				x="0"
				y="1"
				z="0" />
			<CreateObject>CoordinateAdd1Y</CreateObject>
		</CreateObject>
		<CreateObject
			Options="IGNORE_ALL_OBJECTS"
			Disposition="LIKE_EXISTING ABSOLUTE_ANGLE"
			Count="1">
			<Offset
				x="0"
				y="10"
				z="0" />
			<CreateObject>CoordinateAdd10Y</CreateObject>
		</CreateObject>
		<CreateObject
			Options="IGNORE_ALL_OBJECTS FADE_OUT"
			FadeTime="0.00s" 
			MinLifetime="0.00s"
			MaxLifetime="0.00s"
			Disposition="LIKE_EXISTING ABSOLUTE_ANGLE"
			Count="1">
			<Offset
				x="0"
				y="100"
				z="0" />
			<CreateObject>CoordinateAdd100Y</CreateObject>
		</CreateObject>
		<CreateObject
			Options="IGNORE_ALL_OBJECTS"
			Disposition="LIKE_EXISTING ABSOLUTE_ANGLE"
			Count="1">
			<Offset
				x="0"
				y="1000"
				z="0" />
			<CreateObject>CoordinateAdd1000Y</CreateObject>
		</CreateObject>	
	</ObjectCreationList>	
	
</AssetDeclaration>