<?xml version="1.0" encoding="us-ascii"?>
<AssetDeclaration xmlns="uri:ea.com:eala:asset" xmlns:xsi="http://www.w3.org/2001/XMLSchema-instance" xmlns:xi="http://www.w3.org/2001/XInclude" xmlns:xai="uri:ea.com:eala:asset:instance">
	<Tags></Tags>
	<Includes>
	</Includes>
	
	<GameObject
		id="CounterBaseDummy"
		Side="Neutral"
		EditorSorting="UNIT"
		CommandSet="EmptyCommandSet"
		KindOf="UNSELECTABLE UNATTACKABLE NO_COLLIDE IGNORE_FOR_VICTORY CANNOT_BE_DETECTED RESIST_EMP NOT_ON_RADAR IGNORES_SELECT_ALL"		   
		RadarPriority="NOT_ON_RADAR"
		IsTrainable="True"
		CommandPoints="100"
		EditorName="GenericCrateSpawner">
		<DisplayName>GenericCrateSpawner</DisplayName>
		<ArmorSet
			Armor="InvulnerableArmor" />
		<Draws>
		</Draws>
		<Behaviors>	
			<SlowDeath
				id="ModuleTag_Death"
				DestructionDelay="0s">
				<DieMuxData
					DeathTypes="ALL" />
			</SlowDeath>
			<AttributeModifierUpgrade
				id="ModuleTag_AttributeModifier_EXPERIENCE1"
				AttributeModifier="AttributeModifier_EXPERIENCE1">
				<TriggeredBy>Upgrade_CounterBaseDummy</TriggeredBy>
			</AttributeModifierUpgrade>
 			<LevelUpUpgrade
				id="ModuleTag_LevelUpUpgrade_Veteran"
				LevelCap="4"
				LevelsToGain="1">
				<TriggeredBy>Upgrade_CounterBaseDummy</TriggeredBy>
			</LevelUpUpgrade> 
			<GrantUpgradeCreate
				id="ModuleTag_AddCounterBaseDummyUpgrade"
				UpgradeToGrant="Upgrade_CounterBaseDummy" />			
		</Behaviors>
		<AI>
			<AIUpdate
				id="ModuleTag_AI"
				AutoAcquireEnemiesWhenIdle="NO"/>
		</AI>
		<Body>
			<ActiveBody
				id="ModuleTag_Body"
				MaxHealth="999999.0" />
		</Body>
		<Geometry
			IsSmall="true">
			<Shape
				Type="BOX"
				MajorRadius="1.0"
				MinorRadius="1.0"
				Height="1.0">
				<Offset
					x="0.0"
					y="0.0"
					z="0.0" />
			</Shape>
		</Geometry>
		<VisionInfo
			VisionRange="0"
			ShroudClearingRange="0" />
	</GameObject>	
	
	<AttributeModifier
		id="AttributeModifier_EXPERIENCE1"
		Category="LEVEL" >
		<Modifier Type="EXPERIENCE" Value="1"/>
	</AttributeModifier>
	
	<UpgradeTemplate id="Upgrade_CounterBaseDummy"
		Type="OBJECT"
	/>
	
</AssetDeclaration>