<?xml version="1.0" encoding="us-ascii"?>
<AssetDeclaration xmlns="uri:ea.com:eala:asset" xmlns:xsi="http://www.w3.org/2001/XMLSchema-instance" xmlns:xi="http://www.w3.org/2001/XInclude" xmlns:xai="uri:ea.com:eala:asset:instance">
	<Tags></Tags>
	<Includes>
	</Includes>

	<GameObject
		id="VictoryConditionHelper"
		Side="Neutral"
		EditorSorting="UNIT"
		CommandSet="EmptyCommandSet"
		KindOf="MP_COUNT_FOR_VICTORY UNSELECTABLE IGNORES_SELECT_ALL INNERT NO_COLLIDE STRUCTURE CANNOT_BE_DETECTED RESIST_EMP NOT_ON_RADAR"
		RadarPriority="NOT_ON_RADAR"
		ForceLuaRegistration="True"
		EditorName="GenericCrateSpawner">
		<DisplayName>GenericCrateSpawner</DisplayName>
		<ArmorSet
			Armor="InvulnerableArmor" />
		<LocomotorSet
			Locomotor="MetaControlDummyLocomotor"
			Condition="NORMAL"
			Speed="1" />
		<Draws>
		</Draws>
		<Behaviors>	
		</Behaviors>
		<AI>
			<AIUpdate
				id="ModuleTag_AI"
				AutoAcquireEnemiesWhenIdle="NO"
				AILuaEventsList="VictoryConditionHelperEvent"/>
		</AI>
		<Body>
			<ActiveBody
				id="ModuleTag_Body"
				MaxHealth="999999.0" />
		</Body>
		<VisionInfo
			VisionRange="0"
			ShroudClearingRange="0" />
	</GameObject>
	
</AssetDeclaration>