<?xml version="1.0" encoding="UTF-8"?>
<AssetDeclaration
	xmlns="uri:ea.com:eala:asset"
	xmlns:xsi="http://www.w3.org/2001/XMLSchema-instance">
	<Tags/>
	<Includes>
		<Include
			source="DATA:static.xml"
			type="reference"/>
		<Include
			source="DATA:global.xml"
			type="reference"/>
		<Include
			source="ART:CM15_cloud.xml"
			type="instance"/>
		<Include
			source="ART:EVDefault.xml"
			type="instance"/>
		<Include
			source="ART:TSCloudMed.xml"
			type="instance"/>
		<Include
			source="DATA:GlobalData/roads.xml"
			type="instance"/>
		<Include
			source="DATA:sounds/musicscript_unknownzone.xml"
			type="instance"/>
		<Include
			source="overrides.xml"
			type="all"/>
	</Includes>
	<GameMap
		id="lib_mg_tacticalplay_skirmish">
		<MapMetaData
			BorderSize="20"
			CRC="0"
			Description="Map:lib_mg_tacticalplay_skirmish/Desc"
			DisplayName="lib_mg_tacticalplay_skirmish"
			FileName="Data"
			Height="140"
			IsMultiplayer="false"
			IsOfficial="false"
			NumPlayers="1"
			Width="140">
			<StartPosition
				Name="InitialCameraPosition">
				<Position
					x="4.46751e-037"
					y="4.46807e-037"
					z="4.46807e-037"/>
			</StartPosition>
			<StartPosition
				Name="Player_1_Start">
				<Position
					x="0"
					y="0"
					z="0"/>
			</StartPosition>
		</MapMetaData>
		<EnvironmentData
			Cloud="CM15_cloud"
			Environment="EVDefault"
			Macro="TSCloudMed"/>
		<WorldDict>
			<BoolProperty
				Key="isLivingWorldScriptHolder"
				Value="false"/>
			<AssetIdProperty
				Key="musicZone"
				Value="MusicPalette_NotSet"/>
			<IntProperty
				Key="weather"
				Value="0"/>
		</WorldDict>
	</GameMap>
	<TerrainTextureAtlas
		AllowLossyCompression="true"
		AtlasSize="2048"
		id="lib_mg_tacticalplay_skirmish">
		<Tile
			BaseTexture="ART:Terrain/CnC3Default.tga"
			NormalTexture="ART:Terrain/CnC3Default_nrm.tga"
			TextureID="2793349879"/>
	</TerrainTextureAtlas>
	<GameScriptList
		id="_neutral_">
		<ScriptSet/>
	</GameScriptList>
	<GameScriptList
		id="PlyrCivilian">
		<ScriptSet>
			<Script
				id="METAMOD_MODSTATUS_RECEIVER">
				<Action
					Type="ENABLE_SCRIPT">
					<ParameterList/>
				</Action>
				<Action
					Type="ENABLE_SCRIPT">
					<ParameterList/>
				</Action>
				<Action
					Type="ENABLE_SCRIPT">
					<ParameterList/>
				</Action>
				<Action
					Type="DISABLE_SCRIPT">
					<ParameterList/>
				</Action>
			</Script>
			<Script
				id="SR - Activate">
				<Action
					Type="ENABLE_SCRIPT">
					<ParameterList/>
				</Action>
			</Script>
			<ScriptGroup
				id="METAMOD_SCRIPTS">
				<ScriptGroup
					id="METAMOD">
					<Script
						id="METAMOD_CLICK_HERE_FOR_INFO">
						<Action
							Type="NO_OP">
							<ParameterList/>
						</Action>
					</Script>
					<Script
						id="METAMOD_MAPSCRIPT_ACTIVE">
						<Action
							Type="SET_COUNTER">
							<ParameterList/>
						</Action>
					</Script>
					<Script
						id="METAMOD_MAPSCRIPT_ACTIVE_VERSION_2">
						<Action
							Type="SET_COUNTER">
							<ParameterList/>
						</Action>
					</Script>
					<ScriptGroup
						id="METAMOD_MISC">
						<Script
							id="RENEGADE_WARS_ACTIVE">
							<Action
								Type="SET_COUNTER">
								<ParameterList/>
							</Action>
						</Script>
					</ScriptGroup>
					<ScriptGroup
						id="METAMOD_ARTOFDEFENSE/TOWERDEFENSE">
						<Script
							id="METAMOD_ARTOFDEFENSE_ACTIVE">
							<Action
								Type="SET_COUNTER">
								<ParameterList/>
							</Action>
						</Script>
						<Script
							id="METAMOD_ARTOFDEFENSE_WAYPOINT_DISTANCE">
							<Action
								Type="SET_COUNTER">
								<ParameterList/>
							</Action>
						</Script>
						<Script
							id="METAMOD_TOWERDEFENSE_ACTIVE">
							<Action
								Type="SET_COUNTER">
								<ParameterList/>
							</Action>
						</Script>
						<Script
							id="METAMOD_TOWERDEFENSE_OBJECT_NAME">
							<Action
								Type="SET_UNIT_REFERENCE">
								<ParameterList/>
							</Action>
						</Script>
					</ScriptGroup>
				</ScriptGroup>
				<ScriptGroup
					id="ACTION_SCRIPTS"/>
				<ScriptGroup
					id="CONDITION_TEST_SCRIPTS">
					<Script
						id="CONDITION_EVERYTHING_DESTROYED">
						<Action
							Type="SET_COUNTER">
							<ParameterList/>
						</Action>
					</Script>
				</ScriptGroup>
				<ScriptGroup
					id="MONEY_RELATED_SCRIPTS">
					<Script
						id="ADD_MONEY_1">
						<Action
							Type="PLAYER_GIVE_MONEY">
							<ParameterList/>
						</Action>
					</Script>
					<Script
						id="ADD_MONEY_10">
						<Action
							Type="PLAYER_GIVE_MONEY">
							<ParameterList/>
						</Action>
					</Script>
					<Script
						id="ADD_MONEY_100">
						<Action
							Type="PLAYER_GIVE_MONEY">
							<ParameterList/>
						</Action>
					</Script>
					<Script
						id="ADD_MONEY_1000">
						<Action
							Type="PLAYER_GIVE_MONEY">
							<ParameterList/>
						</Action>
					</Script>
					<Script
						id="SET_MONEY_0">
						<Action
							Type="PLAYER_SET_MONEY">
							<ParameterList/>
						</Action>
					</Script>
				</ScriptGroup>
				<ScriptGroup
					id="FPS">
					<Script
						id="METAMOD_FPS_60">
						<Action
							Type="SET_FPS_LIMIT">
							<ParameterList/>
						</Action>
					</Script>
					<Script
						id="METAMOD_FPS_45">
						<Action
							Type="SET_FPS_LIMIT">
							<ParameterList/>
						</Action>
					</Script>
					<Script
						id="METAMOD_FPS_30">
						<Action
							Type="SET_FPS_LIMIT">
							<ParameterList/>
						</Action>
					</Script>
				</ScriptGroup>
				<ScriptGroup
					id="EXTENDED_DIPLOMACY">
					<Script
						id="METAMOD_DIPLOMACY_PLAYER_1_FRIEND">
						<Action
							Type="PLAYER_RELATES_PLAYER">
							<ParameterList/>
						</Action>
					</Script>
					<Script
						id="METAMOD_DIPLOMACY_PLAYER_2_FRIEND">
						<Action
							Type="PLAYER_RELATES_PLAYER">
							<ParameterList/>
						</Action>
					</Script>
					<Script
						id="METAMOD_DIPLOMACY_PLAYER_3_FRIEND">
						<Action
							Type="PLAYER_RELATES_PLAYER">
							<ParameterList/>
						</Action>
					</Script>
					<Script
						id="METAMOD_DIPLOMACY_PLAYER_4_FRIEND">
						<Action
							Type="PLAYER_RELATES_PLAYER">
							<ParameterList/>
						</Action>
					</Script>
					<Script
						id="METAMOD_DIPLOMACY_PLAYER_5_FRIEND">
						<Action
							Type="PLAYER_RELATES_PLAYER">
							<ParameterList/>
						</Action>
					</Script>
					<Script
						id="METAMOD_DIPLOMACY_PLAYER_6_FRIEND">
						<Action
							Type="PLAYER_RELATES_PLAYER">
							<ParameterList/>
						</Action>
					</Script>
					<Script
						id="METAMOD_DIPLOMACY_PLAYER_7_FRIEND">
						<Action
							Type="PLAYER_RELATES_PLAYER">
							<ParameterList/>
						</Action>
					</Script>
					<Script
						id="METAMOD_DIPLOMACY_PLAYER_8_FRIEND">
						<Action
							Type="PLAYER_RELATES_PLAYER">
							<ParameterList/>
						</Action>
					</Script>
					<Script
						id="METAMOD_DIPLOMACY_PLAYER_1_ENEMY">
						<Action
							Type="PLAYER_RELATES_PLAYER">
							<ParameterList/>
						</Action>
					</Script>
					<Script
						id="METAMOD_DIPLOMACY_PLAYER_2_ENEMY">
						<Action
							Type="PLAYER_RELATES_PLAYER">
							<ParameterList/>
						</Action>
					</Script>
					<Script
						id="METAMOD_DIPLOMACY_PLAYER_3_ENEMY">
						<Action
							Type="PLAYER_RELATES_PLAYER">
							<ParameterList/>
						</Action>
					</Script>
					<Script
						id="METAMOD_DIPLOMACY_PLAYER_4_ENEMY">
						<Action
							Type="PLAYER_RELATES_PLAYER">
							<ParameterList/>
						</Action>
					</Script>
					<Script
						id="METAMOD_DIPLOMACY_PLAYER_5_ENEMY">
						<Action
							Type="PLAYER_RELATES_PLAYER">
							<ParameterList/>
						</Action>
					</Script>
					<Script
						id="METAMOD_DIPLOMACY_PLAYER_6_ENEMY">
						<Action
							Type="PLAYER_RELATES_PLAYER">
							<ParameterList/>
						</Action>
					</Script>
					<Script
						id="METAMOD_DIPLOMACY_PLAYER_7_ENEMY">
						<Action
							Type="PLAYER_RELATES_PLAYER">
							<ParameterList/>
						</Action>
					</Script>
					<Script
						id="METAMOD_DIPLOMACY_PLAYER_8_ENEMY">
						<Action
							Type="PLAYER_RELATES_PLAYER">
							<ParameterList/>
						</Action>
					</Script>
				</ScriptGroup>
				<ScriptGroup
					id="INFORMATION_COUNTERS">
					<Script
						id="METAMOD_REFRESH_PLAYER_MONEY_COUNTERS">
						<Action
							Type="SET_PLAYER_MONEY_TO_COUNTER">
							<ParameterList/>
						</Action>
						<Action
							Type="SET_PLAYER_MONEY_TO_COUNTER">
							<ParameterList/>
						</Action>
						<Action
							Type="SET_PLAYER_MONEY_TO_COUNTER">
							<ParameterList/>
						</Action>
						<Action
							Type="SET_PLAYER_MONEY_TO_COUNTER">
							<ParameterList/>
						</Action>
						<Action
							Type="SET_PLAYER_MONEY_TO_COUNTER">
							<ParameterList/>
						</Action>
						<Action
							Type="SET_PLAYER_MONEY_TO_COUNTER">
							<ParameterList/>
						</Action>
						<Action
							Type="SET_PLAYER_MONEY_TO_COUNTER">
							<ParameterList/>
						</Action>
						<Action
							Type="SET_PLAYER_MONEY_TO_COUNTER">
							<ParameterList/>
						</Action>
					</Script>
					<Script
						id="METAMOD_REFRESH_PLAYER_KILL_COUNTERS">
						<Action
							Type="SET_PLAYER_KILLS_OF_KINDOF_TO_COUNTER">
							<ParameterList/>
						</Action>
						<Action
							Type="SET_PLAYER_KILLS_OF_KINDOF_TO_COUNTER">
							<ParameterList/>
						</Action>
						<Action
							Type="SET_PLAYER_KILLS_OF_KINDOF_TO_COUNTER">
							<ParameterList/>
						</Action>
						<Action
							Type="SET_PLAYER_KILLS_OF_KINDOF_TO_COUNTER">
							<ParameterList/>
						</Action>
						<Action
							Type="SET_PLAYER_KILLS_OF_KINDOF_TO_COUNTER">
							<ParameterList/>
						</Action>
						<Action
							Type="SET_PLAYER_KILLS_OF_KINDOF_TO_COUNTER">
							<ParameterList/>
						</Action>
						<Action
							Type="SET_PLAYER_KILLS_OF_KINDOF_TO_COUNTER">
							<ParameterList/>
						</Action>
						<Action
							Type="SET_PLAYER_KILLS_OF_KINDOF_TO_COUNTER">
							<ParameterList/>
						</Action>
						<Action
							Type="SET_PLAYER_KILLS_OF_KINDOF_TO_COUNTER">
							<ParameterList/>
						</Action>
						<Action
							Type="SET_PLAYER_KILLS_OF_KINDOF_TO_COUNTER">
							<ParameterList/>
						</Action>
						<Action
							Type="SET_PLAYER_KILLS_OF_KINDOF_TO_COUNTER">
							<ParameterList/>
						</Action>
						<Action
							Type="SET_PLAYER_KILLS_OF_KINDOF_TO_COUNTER">
							<ParameterList/>
						</Action>
						<Action
							Type="SET_PLAYER_KILLS_OF_KINDOF_TO_COUNTER">
							<ParameterList/>
						</Action>
						<Action
							Type="SET_PLAYER_KILLS_OF_KINDOF_TO_COUNTER">
							<ParameterList/>
						</Action>
						<Action
							Type="SET_PLAYER_KILLS_OF_KINDOF_TO_COUNTER">
							<ParameterList/>
						</Action>
						<Action
							Type="SET_PLAYER_KILLS_OF_KINDOF_TO_COUNTER">
							<ParameterList/>
						</Action>
						<Action
							Type="SET_PLAYER_KILLS_OF_KINDOF_TO_COUNTER">
							<ParameterList/>
						</Action>
						<Action
							Type="SET_PLAYER_KILLS_OF_KINDOF_TO_COUNTER">
							<ParameterList/>
						</Action>
						<Action
							Type="SET_PLAYER_KILLS_OF_KINDOF_TO_COUNTER">
							<ParameterList/>
						</Action>
						<Action
							Type="SET_PLAYER_KILLS_OF_KINDOF_TO_COUNTER">
							<ParameterList/>
						</Action>
						<Action
							Type="SET_PLAYER_KILLS_OF_KINDOF_TO_COUNTER">
							<ParameterList/>
						</Action>
						<Action
							Type="SET_PLAYER_KILLS_OF_KINDOF_TO_COUNTER">
							<ParameterList/>
						</Action>
						<Action
							Type="SET_PLAYER_KILLS_OF_KINDOF_TO_COUNTER">
							<ParameterList/>
						</Action>
						<Action
							Type="SET_PLAYER_KILLS_OF_KINDOF_TO_COUNTER">
							<ParameterList/>
						</Action>
					</Script>
				</ScriptGroup>
			</ScriptGroup>
			<ScriptGroup
				id="SR - SkirmishRules">
				<Script
					id="SR -  Setup - Declare Flags">
					<Action
						Type="SET_FLAG">
						<ParameterList/>
					</Action>
					<Action
						Type="SET_FLAG">
						<ParameterList/>
					</Action>
				</Script>
				<ScriptGroup
					id="SR - Radar">
					<Script
						id="SR - Setup - Radar - Setup">
						<Action
							Type="SET_MILLISECOND_TIMER">
							<ParameterList/>
						</Action>
					</Script>
					<Script
						id="SR - Setup - Radar - Activate">
						<Action
							Type="CREATE_OBJECT">
							<ParameterList>
								<ObjectType
									Object="GenericRadarSupplier"/>
							</ParameterList>
						</Action>
						<Action
							Type="CREATE_OBJECT">
							<ParameterList>
								<ObjectType
									Object="GenericRadarSupplier"/>
							</ParameterList>
						</Action>
						<Action
							Type="CREATE_OBJECT">
							<ParameterList>
								<ObjectType
									Object="GenericRadarSupplier"/>
							</ParameterList>
						</Action>
						<Action
							Type="CREATE_OBJECT">
							<ParameterList>
								<ObjectType
									Object="GenericRadarSupplier"/>
							</ParameterList>
						</Action>
					</Script>
				</ScriptGroup>
				<ScriptGroup
					id="SR - Map Reveal">
					<Script
						id="SR - Map Reveal - Set Timer">
						<Action
							Type="SET_MILLISECOND_TIMER">
							<ParameterList/>
						</Action>
						<Action
							Type="ENABLE_SCRIPT">
							<ParameterList/>
						</Action>
						<Action
							Type="ENABLE_SCRIPT">
							<ParameterList/>
						</Action>
					</Script>
					<Script
						id="SR - Map Reveal - Display Timer">
						<Action
							Type="DISPLAY_COUNTDOWN_TIMER">
							<ParameterList/>
						</Action>
					</Script>
					<Script
						id="SR - Map Reveal - Timer Expired">
						<Action
							Type="MAP_REVEAL_ALL_PERM">
							<ParameterList/>
						</Action>
						<Action
							Type="SET_FLAG">
							<ParameterList/>
						</Action>
						<Action
							Type="HIDE_COUNTDOWN_TIMER">
							<ParameterList/>
						</Action>
						<Action
							Type="DISABLE_SCRIPT">
							<ParameterList/>
						</Action>
					</Script>
				</ScriptGroup>
				<ScriptGroup
					id="SR - Stealth Reveal">
					<Script
						id="SR - Stealth Reveal - Init Timer">
						<Action
							Type="SET_MILLISECOND_TIMER">
							<ParameterList/>
						</Action>
						<Action
							Type="ENABLE_SCRIPT">
							<ParameterList/>
						</Action>
						<Action
							Type="ENABLE_SCRIPT">
							<ParameterList/>
						</Action>
					</Script>
					<Script
						id="SR - Stealth Reveal - Display Timer">
						<Action
							Type="DISPLAY_COUNTDOWN_TIMER">
							<ParameterList/>
						</Action>
					</Script>
					<Script
						id="SR - Stealth Reveal - Timer Expired">
						<Action
							Type="SET_FLAG">
							<ParameterList/>
						</Action>
						<Action
							Type="HIDE_COUNTDOWN_TIMER">
							<ParameterList/>
						</Action>
						<Action
							Type="ENABLE_SCRIPT">
							<ParameterList/>
						</Action>
						<Action
							Type="DISABLE_SCRIPT">
							<ParameterList/>
						</Action>
					</Script>
				</ScriptGroup>
				<ScriptGroup
					id="Periodic Stealth Reveal folder">
					<Script
						id="Periodic Stealth Reveal">
						<Action
							Type="GLOBAL_SET_STEALTH_ENABLED">
							<ParameterList/>
						</Action>
					</Script>
				</ScriptGroup>
			</ScriptGroup>
		</ScriptSet>
	</GameScriptList>
</AssetDeclaration>