﻿<?xml version="1.0" encoding="utf-8"?>
<AssetDeclaration xmlns="uri:ea.com:eala:asset">

<MapMetaData id="MetaMod_Map1" >
		<MapMetaData
			BorderSize="10"
			CRC="0"
			Description="Map:MetaMod-SimpleTestMap1/Desc"
			DisplayName="MetaMod-SimpleTestMap1"
			FileName="Data\maps\unofficial\MetaMod-SimpleTestMap1\MetaMod-SimpleTestMap1.map"
			Height="70"
			IsMultiplayer="true"
			IsOfficial="false"
			NumPlayers="2"
			Width="70">
			<StartPosition
				Name="InitialCameraPosition">
				<Position
					x="0"
					y="0"
					z="0"/>
			</StartPosition>
			<StartPosition
				Name="Player_1_Start">
				<Position
					x="185.529"
					y="296.87"
					z="0"/>
			</StartPosition>
			<StartPosition
				Name="Player_2_Start">
				<Position
					x="282.785"
					y="199.851"
					z="0"/>
			</StartPosition>
		</MapMetaData>
</MapMetaData>	

<MapMetaData id="MetaMod_Map2" >
		<MapMetaData
			BorderSize="0"
			CRC="0"
			Description="Map:MetaMod-SimpleTestMap2/Desc"
			DisplayName="MetaMod-SimpleTestMap2"
			FileName="Data\maps\unofficial\MetaMod-SimpleTestMap2\MetaMod-SimpleTestMap2.map"
			Height="140"
			IsMultiplayer="true"
			IsOfficial="false"
			NumPlayers="3"
			Width="140">
			<StartPosition
				Name="InitialCameraPosition">
				<Position
					x="0"
					y="0"
					z="0"/>
			</StartPosition>
			<StartPosition
				Name="Player_1_Start">
				<Position
					x="700"
					y="700"
					z="0"/>
			</StartPosition>
			<StartPosition
				Name="Player_2_Start">
				<Position
					x="250"
					y="250"
					z="0"/>
			</StartPosition>
			<StartPosition
				Name="Player_3_Start">
				<Position
					x="1150"
					y="1150"
					z="0"/>
			</StartPosition>
		</MapMetaData>
</MapMetaData>	

<MapMetaData id="MetaMod_Map3" >
		<MapMetaData
			BorderSize="8"
			CRC="0"
			Description="Map:MetaMod-FastWar/Desc"
			DisplayName="MetaMod-FastWar"
			FileName="Data\maps\unofficial\MetaMod-FastWar\MetaMod-FastWar.map"
			Height="168"
			IsMultiplayer="true"
			IsOfficial="false"
			NumPlayers="4"
			Width="168">
			<StartPosition
				Name="InitialCameraPosition">
				<Position
					x="0"
					y="0"
					z="0"/>
			</StartPosition>
			<StartPosition
				Name="Player_1_Start">
				<Position
					x="360"
					y="1160"
					z="0"/>
			</StartPosition>
			<StartPosition
				Name="Player_2_Start">
				<Position
					x="360"
					y="360"
					z="0"/>
			</StartPosition>
			<StartPosition
				Name="Player_3_Start">
				<Position
					x="1160"
					y="1160"
					z="0"/>
			</StartPosition>
			<StartPosition
				Name="Player_4_Start">
				<Position
					x="1160"
					y="360"
					z="0"/>
			</StartPosition>
		</MapMetaData>
</MapMetaData>	

<MapMetaData id="MetaMod_Map4" >
		<MapMetaData
			BorderSize="8"
			CRC="0"
			Description="Map:MetaMod-FastWar2/Desc"
			DisplayName="MetaMod-FastWar2"
			FileName="Data\maps\unofficial\MetaMod-FastWar2\MetaMod-FastWar2.map"
			Height="168"
			IsMultiplayer="true"
			IsOfficial="false"
			NumPlayers="4"
			Width="168">
			<StartPosition
				Name="InitialCameraPosition">
				<Position
					x="0"
					y="0"
					z="0"/>
			</StartPosition>
			<StartPosition
				Name="Player_1_Start">
				<Position
					x="360"
					y="1160"
					z="0"/>
			</StartPosition>
			<StartPosition
				Name="Player_2_Start">
				<Position
					x="360"
					y="360"
					z="0"/>
			</StartPosition>
			<StartPosition
				Name="Player_3_Start">
				<Position
					x="1160"
					y="1160"
					z="0"/>
			</StartPosition>
			<StartPosition
				Name="Player_4_Start">
				<Position
					x="1160"
					y="360"
					z="0"/>
			</StartPosition>
		</MapMetaData>
</MapMetaData>	

<MapMetaData id="MetaMod_Map5" > 
		<MapMetaData
			BorderSize="8"
			CRC="0"
			Description="Map:MetaMod-FastWar2/Desc"
			DisplayName="MetaMod-FastWar2"
			FileName="Data\maps\unofficial\MetaMod-FastWar2\MetaMod-FastWar2.map"
			Height="168"
			IsMultiplayer="true"
			IsOfficial="false"
			NumPlayers="4"
			Width="168">
			<StartPosition
				Name="InitialCameraPosition">
				<Position
					x="0"
					y="0"
					z="0"/>
			</StartPosition>
			<StartPosition
				Name="Player_1_Start">
				<Position
					x="360"
					y="1160"
					z="0"/>
			</StartPosition>
			<StartPosition
				Name="Player_2_Start">
				<Position
					x="360"
					y="360"
					z="0"/>
			</StartPosition>
			<StartPosition
				Name="Player_3_Start">
				<Position
					x="1160"
					y="1160"
					z="0"/>
			</StartPosition>
			<StartPosition
				Name="Player_4_Start">
				<Position
					x="1160"
					y="360"
					z="0"/>
			</StartPosition>
		</MapMetaData>
</MapMetaData>	

<MapMetaData id="MetaMod_Map6" > 
		<MapMetaData
			BorderSize="10"
			CRC="0"
			Description="Map:MetaMod-TowerDefense1/Desc"
			DisplayName="MetaMod-TowerDefense1"
			FileName="Data\maps\unofficial\MetaMod-TowerDefense1\MetaMod-TowerDefense1.map"
			Height="420"
			IsMultiplayer="true"
			IsOfficial="false"
			NumPlayers="2"
			Width="160">
			<StartPosition
				Name="InitialCameraPosition">
				<Position
					x="0"
					y="0"
					z="0"/>
			</StartPosition>
			<StartPosition
				Name="Player_1_Start">
				<Position
					x="1180.31"
					y="2539.51"
					z="0"/>
			</StartPosition>
			<StartPosition
				Name="Player_2_Start">
				<Position
					x="1180.35"
					y="1180.11"
					z="0"/>
			</StartPosition>
		</MapMetaData>
</MapMetaData>	

<MapMetaData id="MetaMod_Map7" > 
		<MapMetaData
			BorderSize="10"
			CRC="0"
			Description="Map:MetaMod-TowerDefense2/Desc"
			DisplayName="MetaMod-TowerDefense2"
			FileName="Data\maps\unofficial\MetaMod-TowerDefense2\MetaMod-TowerDefense2.map"
			Height="420"
			IsMultiplayer="true"
			IsOfficial="false"
			NumPlayers="2"
			Width="160">
			<StartPosition
				Name="InitialCameraPosition">
				<Position
					x="0"
					y="0"
					z="0"/>
			</StartPosition>
			<StartPosition
				Name="Player_1_Start">
				<Position
					x="1180.31"
					y="2539.51"
					z="0"/>
			</StartPosition>
			<StartPosition
				Name="Player_2_Start">
				<Position
					x="1180.35"
					y="1180.11"
					z="0"/>
			</StartPosition>
		</MapMetaData>
</MapMetaData>	

<MapMetaData id="MetaMod_Map8" >
		<MapMetaData
			BorderSize="10"
			CRC="0"
			Description="Map:MetaMod-ArtOfDefense1/Desc"
			DisplayName="MetaMod-ArtOfDefense1"
			FileName="Data\maps\unofficial\MetaMod-ArtOfDefense1\MetaMod-ArtOfDefense1.map"
			Height="320"
			IsMultiplayer="true"
			IsOfficial="false"
			NumPlayers="3"
			Width="160">
			<StartPosition
				Name="InitialCameraPosition">
				<Position
					x="0"
					y="0"
					z="0"/>
			</StartPosition>
			<StartPosition
				Name="Player_1_Start">
				<Position
					x="300"
					y="550"
					z="0"/>
			</StartPosition>
			<StartPosition
				Name="Player_2_Start">
				<Position
					x="700"
					y="550"
					z="0"/>
			</StartPosition>
			<StartPosition
				Name="Player_3_Start">
				<Position
					x="1100"
					y="550"
					z="0"/>
			</StartPosition>
		</MapMetaData>
</MapMetaData>	

<MapMetaData id="MetaMod_Map9" >  
		<MapMetaData
			BorderSize="8"
			CRC="0"
			Description="Map:MetaMod-Arena1/Desc"
			DisplayName="MetaMod-Arena1"
			FileName="Data\maps\unofficial\MetaMod-Arena1\MetaMod-Arena1.map"
			Height="168"
			IsMultiplayer="true"
			IsOfficial="false"
			NumPlayers="8"
			Width="168">
			<StartPosition
				Name="InitialCameraPosition">
				<Position
					x="0"
					y="0"
					z="0"/>
			</StartPosition>
			<StartPosition
				Name="Player_1_Start">
				<Position
					x="760"
					y="160"
					z="0"/>
			</StartPosition>
			<StartPosition
				Name="Player_2_Start">
				<Position
					x="1360"
					y="160"
					z="0"/>
			</StartPosition>
			<StartPosition
				Name="Player_3_Start">
				<Position
					x="1360"
					y="760"
					z="0"/>
			</StartPosition>
			<StartPosition
				Name="Player_4_Start">
				<Position
					x="1360"
					y="1360"
					z="0"/>
			</StartPosition>
			<StartPosition
				Name="Player_5_Start">
				<Position
					x="760"
					y="1360"
					z="0"/>
			</StartPosition>
			<StartPosition
				Name="Player_6_Start">
				<Position
					x="160"
					y="1360"
					z="0"/>
			</StartPosition>
			<StartPosition
				Name="Player_7_Start">
				<Position
					x="160"
					y="760"
					z="0"/>
			</StartPosition>
			<StartPosition
				Name="Player_8_Start">
				<Position
					x="160"
					y="160"
					z="0"/>
			</StartPosition>
		</MapMetaData>
</MapMetaData>	

<MapMetaData id="MetaMod_Map10" >  
		<MapMetaData
			BorderSize="5"
			CRC="0"
			Description="Map:MetaMod-Widefield/Desc"
			DisplayName="MetaMod-Widefield"
			FileName="Data\maps\unofficial\MetaMod-Widefield\MetaMod-Widefield.map"
			Height="760"
			IsMultiplayer="true"
			IsOfficial="false"
			NumPlayers="8"
			Width="760">
			<StartPosition
				Name="InitialCameraPosition">
				<Position
					x="0"
					y="0"
					z="0"/>
			</StartPosition>
			<StartPosition
				Name="Player_1_Start">
				<Position
					x="1498"
					y="505"
					z="0"/>
			</StartPosition>
			<StartPosition
				Name="Player_2_Start">
				<Position
					x="2996"
					y="505"
					z="0"/>
			</StartPosition>
			<StartPosition
				Name="Player_3_Start">
				<Position
					x="4494"
					y="505"
					z="0"/>
			</StartPosition>
			<StartPosition
				Name="Player_4_Start">
				<Position
					x="5992"
					y="505"
					z="0"/>
			</StartPosition>
			<StartPosition
				Name="Player_5_Start">
				<Position
					x="1498"
					y="6995"
					z="0"/>
			</StartPosition>
			<StartPosition
				Name="Player_6_Start">
				<Position
					x="2996"
					y="6995"
					z="0"/>
			</StartPosition>
			<StartPosition
				Name="Player_7_Start">
				<Position
					x="4494"
					y="6995"
					z="0"/>
			</StartPosition>
			<StartPosition
				Name="Player_8_Start">
				<Position
					x="5992"
					y="6995"
					z="0"/>
			</StartPosition>
		</MapMetaData>
</MapMetaData>	

<MapMetaData id="MetaMod_Map11" >  
		<MapMetaData
			BorderSize="5"
			CRC="0"
			Description="Map:MetaMod-Widefield2/Desc"
			DisplayName="MetaMod-Widefield2"
			FileName="Data\maps\unofficial\MetaMod-Widefield2\MetaMod-Widefield2.map"
			Height="760"
			IsMultiplayer="true"
			IsOfficial="false"
			NumPlayers="8"
			Width="260">
			<StartPosition
				Name="InitialCameraPosition">
				<Position
					x="0"
					y="0"
					z="0"/>
			</StartPosition>
			<StartPosition
				Name="Player_1_Start">
				<Position
					x="476.247"
					y="1423.83"
					z="0"/>
			</StartPosition>
			<StartPosition
				Name="Player_2_Start">
				<Position
					x="496"
					y="505"
					z="0"/>
			</StartPosition>
			<StartPosition
				Name="Player_3_Start">
				<Position
					x="1994"
					y="505"
					z="0"/>
			</StartPosition>
			<StartPosition
				Name="Player_4_Start">
				<Position
					x="1996.29"
					y="1445.04"
					z="0"/>
			</StartPosition>
			<StartPosition
				Name="Player_5_Start">
				<Position
					x="469.112"
					y="6045.57"
					z="0"/>
			</StartPosition>
			<StartPosition
				Name="Player_6_Start">
				<Position
					x="496"
					y="6995"
					z="0"/>
			</StartPosition>
			<StartPosition
				Name="Player_7_Start">
				<Position
					x="1994"
					y="6995"
					z="0"/>
			</StartPosition>
			<StartPosition
				Name="Player_8_Start">
				<Position
					x="2007.88"
					y="6054.5"
					z="0"/>
			</StartPosition>
		</MapMetaData>
</MapMetaData>	

<MapMetaData id="MetaMod_Map12" >
		<MapMetaData
			BorderSize="5"
			CRC="0"
			Description="Map:MetaMod-Widefield3/Desc"
			DisplayName="MetaMod-Widefield3"
			FileName="Data\maps\unofficial\MetaMod-Widefield3\MetaMod-Widefield3.map"
			Height="760"
			IsMultiplayer="true"
			IsOfficial="false"
			NumPlayers="8"
			Width="110">
			<StartPosition
				Name="InitialCameraPosition">
				<Position
					x="0"
					y="0"
					z="0"/>
			</StartPosition>
			<StartPosition
				Name="Player_1_Start">
				<Position
					x="518.574"
					y="527.408"
					z="0"/>
			</StartPosition>
			<StartPosition
				Name="Player_2_Start">
				<Position
					x="529.776"
					y="1024.41"
					z="0"/>
			</StartPosition>
			<StartPosition
				Name="Player_3_Start">
				<Position
					x="533.818"
					y="1484.6"
					z="0"/>
			</StartPosition>
			<StartPosition
				Name="Player_4_Start">
				<Position
					x="529.561"
					y="1925.25"
					z="0"/>
			</StartPosition>
			<StartPosition
				Name="Player_5_Start">
				<Position
					x="521.538"
					y="5676.15"
					z="0"/>
			</StartPosition>
			<StartPosition
				Name="Player_6_Start">
				<Position
					x="516.101"
					y="6068.63"
					z="0"/>
			</StartPosition>
			<StartPosition
				Name="Player_7_Start">
				<Position
					x="512.774"
					y="6453.31"
					z="0"/>
			</StartPosition>
			<StartPosition
				Name="Player_8_Start">
				<Position
					x="496.601"
					y="6895.75"
					z="0"/>
			</StartPosition>
		</MapMetaData>
</MapMetaData>	

<MapMetaData id="MetaMod_Map13" >
		<MapMetaData
			BorderSize="30"
			CRC="0"
			Description="Map:MetaModAdaption-MungovinsWorldDominationV2/Desc"
			DisplayName="MetaModAdaption-MungovinsWorldDominationV2"
			FileName="Data\maps\unofficial\MetaModAdaption-MungovinsWorldDominationV2\MetaModAdaption-MungovinsWorldDominationV2.map"
			Height="492"
			IsMultiplayer="true"
			IsOfficial="false"
			NumPlayers="8"
			Width="810">
			<StartPosition
				Name="InitialCameraPosition">
				<Position
					x="0"
					y="0"
					z="0"/>
			</StartPosition>
			<StartPosition
				Name="Player_1_Start">
				<Position
					x="932.742"
					y="3057.07"
					z="0"/>
			</StartPosition>
			<StartPosition
				Name="Player_2_Start">
				<Position
					x="4002.03"
					y="3123.26"
					z="0"/>
			</StartPosition>
			<StartPosition
				Name="Player_3_Start">
				<Position
					x="6763.55"
					y="3395.09"
					z="0"/>
			</StartPosition>
			<StartPosition
				Name="Player_4_Start">
				<Position
					x="5169.23"
					y="2704.34"
					z="0"/>
			</StartPosition>
			<StartPosition
				Name="Player_5_Start">
				<Position
					x="6926.17"
					y="764.573"
					z="0"/>
			</StartPosition>
			<StartPosition
				Name="Player_6_Start">
				<Position
					x="3856.65"
					y="876.367"
					z="0"/>
			</StartPosition>
			<StartPosition
				Name="Player_7_Start">
				<Position
					x="1389.67"
					y="363.271"
					z="0"/>
			</StartPosition>
			<StartPosition
				Name="Player_8_Start">
				<Position
					x="2948.76"
					y="1831.37"
					z="0"/>
			</StartPosition>
		</MapMetaData>
</MapMetaData>	

<MapMetaData id="MetaMod_Map14" >
		<MapMetaData
			BorderSize="30"
			CRC="0"
			Description="Map:MetaModAdaption-SimpleBrutalTower1/Desc"
			DisplayName="MetaModAdaption-SimpleBrutalTower1.9"
			FileName="Data\maps\unofficial\MetaModAdaption-SimpleBrutalTower1.9\MetaModAdaption-SimpleBrutalTower1.9.map"
			Height="560"
			IsMultiplayer="true"
			IsOfficial="false"
			NumPlayers="4"
			Width="560">
			<StartPosition
				Name="InitialCameraPosition">
				<Position
					x="0"
					y="0"
					z="0"/>
			</StartPosition>
			<StartPosition
				Name="Player_1_Start">
				<Position
					x="731.831"
					y="2755.59"
					z="0"/>
			</StartPosition>
			<StartPosition
				Name="Player_2_Start">
				<Position
					x="2231.09"
					y="4264.23"
					z="0"/>
			</StartPosition>
			<StartPosition
				Name="Player_3_Start">
				<Position
					x="3747.59"
					y="3261.96"
					z="0"/>
			</StartPosition>
			<StartPosition
				Name="Player_4_Start">
				<Position
					x="2254.36"
					y="760.381"
					z="0"/>
			</StartPosition>
		</MapMetaData>
</MapMetaData>	

<MapMetaData id="MetaMod_Map15" >  
		<MapMetaData
			BorderSize="10"
			CRC="0"
			Description="Map:MetaMod-RemoveZoomLimitation/Desc"
			DisplayName="MetaMod-RemoveZoomLimitation"
			FileName="Data\maps\unofficial\MetaMod-RemoveZoomLimitation\MetaMod-RemoveZoomLimitation.map"
			Height="70"
			IsMultiplayer="true"
			IsOfficial="false"
			NumPlayers="2"
			Width="70">
			<StartPosition
				Name="InitialCameraPosition">
				<Position
					x="0"
					y="0"
					z="0"/>
			</StartPosition>
			<StartPosition
				Name="Player_1_Start">
				<Position
					x="185.529"
					y="296.87"
					z="0"/>
			</StartPosition>
			<StartPosition
				Name="Player_2_Start">
				<Position
					x="282.785"
					y="199.851"
					z="0"/>
			</StartPosition>
		</MapMetaData>
</MapMetaData>	

</AssetDeclaration>