﻿<?xml version="1.0" encoding="utf-8"?>
<AssetDeclaration xmlns="uri:ea.com:eala:asset">

	<!-- Slot 0 -->
	<MultiplayerColor id="ColorGold">
		<RGBColor				R="252" G="233" B="83" A="255" />
		<RGBNightColor			R="252" G="233" B="83" A="255" />
		<LivingWorldColor		R="252" G="233" B="83" A="255" />
		<LivingWorldBannerColor R="252" G="233" B="83" A="255" />
		<TooltipName>Color:Gold</TooltipName>
		<AvailableInMetaGame>true</AvailableInMetaGame>
	</MultiplayerColor>

	<!-- Slot 1 -->
	<MultiplayerColor id="ColorRed">
		<RGBColor				R="213" G="0" B="0" A="255" />
		<RGBNightColor			R="213" G="0" B="0" A="255" />
		<LivingWorldColor		R="213" G="0" B="0" A="255" />
		<LivingWorldBannerColor R="213" G="0" B="0" A="255" />
		<TooltipName>Color:Red</TooltipName>
		<AvailableInMetaGame>true</AvailableInMetaGame>
	</MultiplayerColor>

	<!-- Slot 2 -->
	<MultiplayerColor id="ColorBlue">
		<RGBColor				R="43" G="43" B="179" A="255" />
		<RGBNightColor			R="43" G="43" B="179" A="255" />
		<LivingWorldColor		R="43" G="43" B="179" A="255" />
		<LivingWorldBannerColor R="43" G="43" B="179" A="255" />
		<TooltipName>Color:Blue</TooltipName>
		<AvailableInMetaGame>true</AvailableInMetaGame>
	</MultiplayerColor>

	<!-- Slot 3 -->
	<MultiplayerColor id="ColorGreen">
		<RGBColor				R="0" G="167" B="68" A="255" />
		<RGBNightColor			R="0" G="167" B="68" A="255" />
		<LivingWorldColor		R="0" G="167" B="68" A="255" />
		<LivingWorldBannerColor R="0" G="167" B="68" A="255" />
		<TooltipName>Color:Green</TooltipName>
		<AvailableInMetaGame>true</AvailableInMetaGame>
	</MultiplayerColor>

	<!-- Slot 4 -->
	<MultiplayerColor id="ColorOrange">
		<RGBColor				R="253" G="118" B="2" A="255" />
		<RGBNightColor			R="253" G="118" B="2" A="255" />
		<LivingWorldColor		R="253" G="118" B="2" A="255" />
		<LivingWorldBannerColor R="253" G="118" B="2" A="255" />
		<TooltipName>Color:Orange</TooltipName>
		<AvailableInMetaGame>true</AvailableInMetaGame>
	</MultiplayerColor>

	<!-- Slot 5 -->
	<MultiplayerColor id="ColorSkyBlue">
		<RGBColor				R="4" G="218" B="250" A="255" />
		<RGBNightColor			R="4" G="218" B="250" A="255" />
		<LivingWorldColor		R="4" G="218" B="250" A="255" />
		<LivingWorldBannerColor R="4" G="218" B="250" A="255" />
		<TooltipName>Color:SkyBlue</TooltipName>
		<AvailableInMetaGame>false</AvailableInMetaGame>
	</MultiplayerColor>

	<!-- Slot 6 -->
	<MultiplayerColor id="ColorPurple">
		<RGBColor				R="131" G="1" B="252" A="255" />
		<RGBNightColor			R="131" G="1" B="252" A="255" />
		<LivingWorldColor		R="131" G="1" B="252" A="255" />
		<LivingWorldBannerColor R="131" G="1" B="252" A="255" />
		<TooltipName>Color:Purple</TooltipName>
		<AvailableInMetaGame>true</AvailableInMetaGame>
	</MultiplayerColor>

	<!-- Slot 7 -->
	<MultiplayerColor id="ColorPink">
		<RGBColor				R="251" G="127" B="211" A="255" />
		<RGBNightColor			R="251" G="127" B="211" A="255" />
		<LivingWorldColor		R="251" G="127" B="211" A="255" />
		<LivingWorldBannerColor R="251" G="127" B="211" A="255" />
		<TooltipName>Color:Pink</TooltipName>
		<AvailableInMetaGame>false</AvailableInMetaGame>
	</MultiplayerColor>

	<!-- Slot 8 -->
<!--
	<MultiplayerColor id="ColorBurgundy">
		<RGBColor				R="125" G="1" B="1" A="255" />
		<RGBNightColor			R="125" G="1" B="1" A="255" />
		<LivingWorldColor		R="125" G="1" B="1" A="255" />
		<LivingWorldBannerColor R="125" G="1" B="1" A="255" />
		<TooltipName>Color:Burgundy</TooltipName>
		<AvailableInMetaGame>false</AvailableInMetaGame>
	</MultiplayerColor>
-->

	<!-- Slot 9 -->
<!--
	<MultiplayerColor id="ColorYellow">
		<RGBColor				R="166" G="208" B="13" A="255" />
		<RGBNightColor			R="166" G="208" B="13" A="255" />
		<LivingWorldColor		R="166" G="208" B="13" A="255" />
		<LivingWorldBannerColor R="166" G="208" B="13" A="255" />
		<TooltipName>Color:Yellow</TooltipName>
		<AvailableInMetaGame>false</AvailableInMetaGame>
	</MultiplayerColor>
-->

	<!-- Slot 10 -->
<!--
	<MultiplayerColor id="ColorDarkGreen">
		<RGBColor				R="16" G="76" B="41" A="255" />
		<RGBNightColor			R="16" G="76" B="41" A="255" />
		<LivingWorldColor		R="16" G="76" B="41" A="255" />
		<LivingWorldBannerColor R="16" G="76" B="41" A="255" />
		<TooltipName>Color:DarkGreen</TooltipName>
		<AvailableInMetaGame>false</AvailableInMetaGame>
	</MultiplayerColor>
-->

	<!-- Slot 8 -->
	<MultiplayerColor id="ColorPureGreen">
		<RGBColor				R="0" G="150" B="0" A="255" />
		<RGBNightColor			R="0" G="150" B="0" A="255" />
		<LivingWorldColor		R="0" G="150" B="0" A="255" />
		<LivingWorldBannerColor R="0" G="150" B="0" A="255" />
		<TooltipName>Color:puregreen</TooltipName>
		<AvailableInMetaGame>true</AvailableInMetaGame>
	</MultiplayerColor>
	
		<!-- Slot 9 -->
	<MultiplayerColor id="ColorPurePurple">
		<RGBColor				R="64" G="0" B="128" A="255" />
		<RGBNightColor			R="64" G="0" B="128" A="255" />
		<LivingWorldColor		R="64" G="0" B="128" A="255" />
		<LivingWorldBannerColor R="64" G="0" B="128" A="255" />
		<TooltipName>Color:purepurple</TooltipName>
		<AvailableInMetaGame>true</AvailableInMetaGame>
	</MultiplayerColor>

	<!-- Slot 10 -->
	<MultiplayerColor id="ColorBlack">
		<RGBColor				R="1" G="0" B="0" A="255" />
		<RGBNightColor			R="1" G="0" B="0" A="255" />
		<LivingWorldColor		R="1" G="0" B="0" A="255" />
		<LivingWorldBannerColor R="1" G="0" B="0" A="255" />
		<TooltipName>Color:Schwarz</TooltipName>
		<AvailableInMetaGame>true</AvailableInMetaGame>
	</MultiplayerColor>

	<!-- Slot 11 -->
	<MultiplayerColor id="Colorwhite">
		<RGBColor				R="255" G="255" B="255" A="255" />
		<RGBNightColor			R="255" G="255" B="255" A="255" />
		<LivingWorldColor		R="255" G="255" B="255" A="255" />
		<LivingWorldBannerColor R="255" G="255" B="255" A="255" />
		<TooltipName>Color:Weis</TooltipName>
		<AvailableInMetaGame>true</AvailableInMetaGame>
	</MultiplayerColor>


</AssetDeclaration>
