<?xml version="1.0" encoding="us-ascii"?>
<AssetDeclaration xmlns="uri:ea.com:eala:asset" xmlns:xsi="http://www.w3.org/2001/XMLSchema-instance" xmlns:xi="http://www.w3.org/2001/XInclude" xmlns:xai="uri:ea.com:eala:asset:instance">
	<Tags></Tags>
	<Includes>
	</Includes>

	<GameObject
		id="MetaControlDummyAIBoostTogglerByForce"
		Side="Neutral"
		EditorSorting="UNIT"
		CommandSet="MetaControlDummyAIBoostTogglerCommandSet"
		KindOf="UNSELECTABLE UNATTACKABLE NO_COLLIDE IGNORE_FOR_VICTORY CANNOT_BE_DETECTED RESIST_EMP NOT_ON_RADAR"
		RadarPriority="NOT_ON_RADAR"
		EditorName="GenericCrateSpawner">
		<LocomotorSet
			Locomotor="MetaControlDummyLocomotor"
			Condition="NORMAL"
			Speed="1" />
		<DisplayName>GenericCrateSpawner</DisplayName>
		<ArmorSet
			Armor="InvulnerableArmor" />
		<Draws>
		</Draws>
		<Behaviors>	
			<SlowDeath
				id="ModuleTag_Death"
				DestructionDelay="0s">
				<DieMuxData
					DeathTypes="ALL" />
			</SlowDeath>
			<OCLSpecialPower
				id="ModuleTag_AIBoostToggle"
				SpecialPowerTemplate="SpecialPower_AIBoostToggle"
				OCL="OCL_AIBoost"
				CreateLocation="CREATE_AT_LOCATION" 
			/>
			<InvisibilityUpdate
				id="ModuleTag_Invisibility"
				UpdatePeriod="5s"
				Options="STARTS_ACTIVE">
			</InvisibilityUpdate>
		</Behaviors>
		<AI>
			<AIUpdate
				id="ModuleTag_AI"
				AutoAcquireEnemiesWhenIdle="NO"/>
		</AI>
		<Body>
			<ActiveBody
				id="ModuleTag_Body"
				MaxHealth="999999.0" />
		</Body>
		<Geometry
			IsSmall="true">
			<Shape
				Type="CYLINDER"
				MajorRadius="1.0"
				Height="1.0"/>
		</Geometry>
		<VisionInfo
			VisionRange="0"
			ShroudClearingRange="0" />
	</GameObject>
	
</AssetDeclaration>