<?xml version="1.0" encoding="us-ascii"?>
<AssetDeclaration xmlns="uri:ea.com:eala:asset" xmlns:xsi="http://www.w3.org/2001/XMLSchema-instance" xmlns:xi="http://www.w3.org/2001/XInclude" xmlns:xai="uri:ea.com:eala:asset:instance">
	<Tags></Tags>
	<Includes>
	</Includes>

	<GameObject
		id="MetaControlDummyAIBoostMoney"
		Side="Neutral"
		EditorSorting="UNIT"
		CommandSet="EmptyCommandSet"
		KindOf="UNSELECTABLE NO_COLLIDE IGNORE_FOR_VICTORY CANNOT_BE_DETECTED RESIST_EMP NOT_ON_RADAR"
		RadarPriority="NOT_ON_RADAR"
		EditorName="GenericCrateSpawner">
		<DisplayName>GenericCrateSpawner</DisplayName>
		<ArmorSet
			Armor="NoArmor" />
		<Draws>
		</Draws>
		<Behaviors>	
			<SlowDeath
				id="ModuleTag_Death"
				DestructionDelay="0.25s">
				<DieMuxData
					DeathTypes="ALL" />
				<OCL
					Type="FINAL">
					<OCL>OCL_AIBoostPreMoney</OCL>
				</OCL>
			</SlowDeath>
<!-- 			<LifetimeUpdate
				id="ModuleTag_Lifetime"
				DeathType="FADED"
				MinLifetime="1.1s"
				MaxLifetime="1.1s" /> -->
			<InvisibilityUpdate
				id="ModuleTag_Invisibility"
				UpdatePeriod="1s"
				Options="STARTS_ACTIVE">
			</InvisibilityUpdate>
            <AutoDepositUpdate
				id="ModuleTag_GiveMeMoney"
				InitialCaptureBonus="0"
				DepositInterval="1s"
				DepositAmount="100"
				GiveNoXP="true"
				Flags="ACTIVE_WHEN_REPAIRING"/>
<!-- 			<CreateObjectDie
				id="ModuleTag_MetaControlAIBoostPreMoney"
				CreationList="OCL_AIBoostPreMoney"
				UpgradeForbidden="">
				<DieMuxData
					DeathTypes="FADED"/>
			</CreateObjectDie> -->
		</Behaviors>
		<AI>
			<AIUpdate
				id="ModuleTag_AI"
				AutoAcquireEnemiesWhenIdle="NO"
				AILuaEventsList="AIBoostOnDisplayEvent"/>
		</AI>
		<Body>
			<ActiveBody
				id="ModuleTag_Body"
				MaxHealth="999999.0" />
		</Body>
		<Geometry
			IsSmall="true">
			<Shape
				Type="CYLINDER"
				MajorRadius="1.0"
				Height="1.0"/>
		</Geometry>
		<VisionInfo
			VisionRange="0"
			ShroudClearingRange="0" />
	</GameObject>
	
</AssetDeclaration>