<?xml version="1.0" encoding="UTF-8"?>
<AssetDeclaration
	xmlns="uri:ea.com:eala:asset"
	xmlns:xsi="http://www.w3.org/2001/XMLSchema-instance">
	<Tags/>
	<Includes>
		<Include
			source="DATA:static.xml"
			type="reference"/>
		<Include
			source="DATA:global.xml"
			type="reference"/>
		<Include
			source="ART:CM15_cloud.xml"
			type="instance"/>
		<Include
			source="ART:EVDefault.xml"
			type="instance"/>
		<Include
			source="ART:TSCloudMed.xml"
			type="instance"/>
		<Include
			source="DATA:GlobalData/roads.xml"
			type="instance"/>
		<Include
			source="DATA:sounds/musicscript_unknownzone.xml"
			type="instance"/>
		<Include
			source="overrides.xml"
			type="all"/>
	</Includes>
	<GameMap
		id="lib_mg_tacticalplay_skirmish">
		<MapMetaData
			BorderSize="20"
			CRC="0"
			Description="Map:lib_mg_tacticalplay_skirmish/Desc"
			DisplayName="lib_mg_tacticalplay_skirmish"
			FileName="Data"
			Height="140"
			IsMultiplayer="false"
			IsOfficial="false"
			NumPlayers="1"
			Width="140">
			<StartPosition
				Name="InitialCameraPosition">
				<Position
					x="4.0267e-037"
					y="4.02726e-037"
					z="4.02726e-037"/>
			</StartPosition>
			<StartPosition
				Name="Player_1_Start">
				<Position
					x="0"
					y="0"
					z="0"/>
			</StartPosition>
		</MapMetaData>
		<EnvironmentData
			Cloud="CM15_cloud"
			Environment="EVDefault"
			Macro="TSCloudMed"/>
		<WorldDict>
			<BoolProperty
				Key="isLivingWorldScriptHolder"
				Value="false"/>
			<AssetIdProperty
				Key="musicZone"
				Value="MusicPalette_NotSet"/>
			<IntProperty
				Key="weather"
				Value="0"/>
		</WorldDict>
	</GameMap>
	<TerrainTextureAtlas
		AllowLossyCompression="true"
		AtlasSize="2048"
		id="lib_mg_tacticalplay_skirmish">
		<Tile
			BaseTexture="ART:Terrain/CnC3Default.tga"
			NormalTexture="ART:Terrain/CnC3Default_nrm.tga"
			TextureID="2793349879"/>
	</TerrainTextureAtlas>
	<GameScriptList
		id="_neutral_">
		<ScriptSet/>
	</GameScriptList>
	<GameScriptList
		id="PlyrCivilian">
		<ScriptSet>
			<Script
				id="SR - Activate">
				<Action
					Type="ENABLE_SCRIPT">
					<ParameterList/>
				</Action>
			</Script>
			<ScriptGroup
				id="METAMOD_SCRIPTS">
				<Script
					id="SetFPS40">
					<Action
						Type="SET_FPS_LIMIT">
						<ParameterList/>
					</Action>
				</Script>
				<Script
					id="METAMOD_MODSTATUS_RECEIVER">
					<Action
						Type="ENABLE_SCRIPT">
						<ParameterList/>
					</Action>
					<Action
						Type="DISABLE_SCRIPT">
						<ParameterList/>
					</Action>
				</Script>
				<Script
					id="METAMOD_MODSTATUS_RECEIVER_ALL(OLD)">
					<Action
						Type="ENABLE_SCRIPT">
						<ParameterList/>
					</Action>
					<Action
						Type="ENABLE_SCRIPT">
						<ParameterList/>
					</Action>
					<Action
						Type="ENABLE_SCRIPT">
						<ParameterList/>
					</Action>
					<Action
						Type="ENABLE_SCRIPT">
						<ParameterList/>
					</Action>
					<Action
						Type="DISABLE_SCRIPT">
						<ParameterList/>
					</Action>
				</Script>
				<Script
					id="METAMOD_MAPSCRIPT_ACTIVE">
					<Action
						Type="SET_COUNTER">
						<ParameterList/>
					</Action>
					<Action
						Type="UNIT_SPAWN_NAMED_LOCATION_ORIENTATION">
						<ParameterList>
							<ObjectType
								Object="GDIHarvester"/>
						</ParameterList>
					</Action>
					<Action
						Type="NAMED_SET_HELD">
						<ParameterList/>
					</Action>
				</Script>
				<Script
					id="METAMOD_CLICK_HERE_FOR_INFO">
					<Action
						Type="NO_OP">
						<ParameterList/>
					</Action>
				</Script>
				<ScriptGroup
					id="METAMOD_EXTENDED_DIPLOMACY">
					<Script
						id="ClientServerCommunicationBridge">
						<Action
							Type="SET_UNIT_EXPERIENCE_TO_COUNTER">
							<ParameterList/>
						</Action>
					</Script>
					<Script
						id="METAMOD_EXTENDED_DIPLOMACY_ACTIVE">
						<Action
							Type="SET_COUNTER">
							<ParameterList/>
						</Action>
						<Action
							Type="SET_FLAG">
							<ParameterList/>
						</Action>
					</Script>
					<Script
						id="METAMOD_DIPLOMACY_COMMAND_COUNTER">
						<Action
							Type="SET_COUNTER">
							<ParameterList/>
						</Action>
					</Script>
					<Script
						id="METAMOD_DIPLOMACY_COMMANDCOUNTER_LISTENER">
						<Action
							Type="ENABLE_SCRIPT">
							<ParameterList/>
						</Action>
						<Action
							Type="ENABLE_SCRIPT">
							<ParameterList/>
						</Action>
						<Action
							Type="DISABLE_SCRIPT">
							<ParameterList/>
						</Action>
						<Action
							Type="DISABLE_SCRIPT">
							<ParameterList/>
						</Action>
					</Script>
					<ScriptGroup
						id="METAMOD_DIPLOMACY_RELATION_ENEMY">
						<Script
							id="METAMOD_DIPLOMACY_p1_p2_enemy">
							<Action
								Type="PLAYER_RELATES_PLAYER">
								<ParameterList/>
							</Action>
							<Action
								Type="PLAYER_RELATES_PLAYER">
								<ParameterList/>
							</Action>
							<Action
								Type="SET_COUNTER">
								<ParameterList/>
							</Action>
							<Action
								Type="UNIT_SET_EXPERIENCE_POINTS">
								<ParameterList/>
							</Action>
						</Script>
						<Script
							id="METAMOD_DIPLOMACY_p1_p3_enemy">
							<Action
								Type="PLAYER_RELATES_PLAYER">
								<ParameterList/>
							</Action>
							<Action
								Type="PLAYER_RELATES_PLAYER">
								<ParameterList/>
							</Action>
							<Action
								Type="SET_COUNTER">
								<ParameterList/>
							</Action>
							<Action
								Type="UNIT_SET_EXPERIENCE_POINTS">
								<ParameterList/>
							</Action>
						</Script>
						<Script
							id="METAMOD_DIPLOMACY_p1_p4_enemy">
							<Action
								Type="PLAYER_RELATES_PLAYER">
								<ParameterList/>
							</Action>
							<Action
								Type="PLAYER_RELATES_PLAYER">
								<ParameterList/>
							</Action>
							<Action
								Type="SET_COUNTER">
								<ParameterList/>
							</Action>
							<Action
								Type="UNIT_SET_EXPERIENCE_POINTS">
								<ParameterList/>
							</Action>
						</Script>
						<Script
							id="METAMOD_DIPLOMACY_p1_p5_enemy">
							<Action
								Type="PLAYER_RELATES_PLAYER">
								<ParameterList/>
							</Action>
							<Action
								Type="PLAYER_RELATES_PLAYER">
								<ParameterList/>
							</Action>
							<Action
								Type="SET_COUNTER">
								<ParameterList/>
							</Action>
							<Action
								Type="UNIT_SET_EXPERIENCE_POINTS">
								<ParameterList/>
							</Action>
						</Script>
						<Script
							id="METAMOD_DIPLOMACY_p1_p6_enemy">
							<Action
								Type="PLAYER_RELATES_PLAYER">
								<ParameterList/>
							</Action>
							<Action
								Type="PLAYER_RELATES_PLAYER">
								<ParameterList/>
							</Action>
							<Action
								Type="SET_COUNTER">
								<ParameterList/>
							</Action>
							<Action
								Type="UNIT_SET_EXPERIENCE_POINTS">
								<ParameterList/>
							</Action>
						</Script>
						<Script
							id="METAMOD_DIPLOMACY_p1_p7_enemy">
							<Action
								Type="PLAYER_RELATES_PLAYER">
								<ParameterList/>
							</Action>
							<Action
								Type="PLAYER_RELATES_PLAYER">
								<ParameterList/>
							</Action>
							<Action
								Type="SET_COUNTER">
								<ParameterList/>
							</Action>
							<Action
								Type="UNIT_SET_EXPERIENCE_POINTS">
								<ParameterList/>
							</Action>
						</Script>
						<Script
							id="METAMOD_DIPLOMACY_p1_p8_enemy">
							<Action
								Type="PLAYER_RELATES_PLAYER">
								<ParameterList/>
							</Action>
							<Action
								Type="PLAYER_RELATES_PLAYER">
								<ParameterList/>
							</Action>
							<Action
								Type="SET_COUNTER">
								<ParameterList/>
							</Action>
							<Action
								Type="UNIT_SET_EXPERIENCE_POINTS">
								<ParameterList/>
							</Action>
						</Script>
						<Script
							id="METAMOD_DIPLOMACY_p2_p3_enemy">
							<Action
								Type="PLAYER_RELATES_PLAYER">
								<ParameterList/>
							</Action>
							<Action
								Type="PLAYER_RELATES_PLAYER">
								<ParameterList/>
							</Action>
							<Action
								Type="SET_COUNTER">
								<ParameterList/>
							</Action>
							<Action
								Type="UNIT_SET_EXPERIENCE_POINTS">
								<ParameterList/>
							</Action>
						</Script>
						<Script
							id="METAMOD_DIPLOMACY_p2_p4_enemy">
							<Action
								Type="PLAYER_RELATES_PLAYER">
								<ParameterList/>
							</Action>
							<Action
								Type="PLAYER_RELATES_PLAYER">
								<ParameterList/>
							</Action>
							<Action
								Type="SET_COUNTER">
								<ParameterList/>
							</Action>
							<Action
								Type="UNIT_SET_EXPERIENCE_POINTS">
								<ParameterList/>
							</Action>
						</Script>
						<Script
							id="METAMOD_DIPLOMACY_p2_p5_enemy">
							<Action
								Type="PLAYER_RELATES_PLAYER">
								<ParameterList/>
							</Action>
							<Action
								Type="PLAYER_RELATES_PLAYER">
								<ParameterList/>
							</Action>
							<Action
								Type="SET_COUNTER">
								<ParameterList/>
							</Action>
							<Action
								Type="UNIT_SET_EXPERIENCE_POINTS">
								<ParameterList/>
							</Action>
						</Script>
						<Script
							id="METAMOD_DIPLOMACY_p2_p6_enemy">
							<Action
								Type="PLAYER_RELATES_PLAYER">
								<ParameterList/>
							</Action>
							<Action
								Type="PLAYER_RELATES_PLAYER">
								<ParameterList/>
							</Action>
							<Action
								Type="SET_COUNTER">
								<ParameterList/>
							</Action>
							<Action
								Type="UNIT_SET_EXPERIENCE_POINTS">
								<ParameterList/>
							</Action>
						</Script>
						<Script
							id="METAMOD_DIPLOMACY_p2_p7_enemy">
							<Action
								Type="PLAYER_RELATES_PLAYER">
								<ParameterList/>
							</Action>
							<Action
								Type="PLAYER_RELATES_PLAYER">
								<ParameterList/>
							</Action>
							<Action
								Type="SET_COUNTER">
								<ParameterList/>
							</Action>
							<Action
								Type="UNIT_SET_EXPERIENCE_POINTS">
								<ParameterList/>
							</Action>
						</Script>
						<Script
							id="METAMOD_DIPLOMACY_p2_p8_enemy">
							<Action
								Type="PLAYER_RELATES_PLAYER">
								<ParameterList/>
							</Action>
							<Action
								Type="PLAYER_RELATES_PLAYER">
								<ParameterList/>
							</Action>
							<Action
								Type="SET_COUNTER">
								<ParameterList/>
							</Action>
							<Action
								Type="UNIT_SET_EXPERIENCE_POINTS">
								<ParameterList/>
							</Action>
						</Script>
						<Script
							id="METAMOD_DIPLOMACY_p3_p4_enemy">
							<Action
								Type="PLAYER_RELATES_PLAYER">
								<ParameterList/>
							</Action>
							<Action
								Type="PLAYER_RELATES_PLAYER">
								<ParameterList/>
							</Action>
							<Action
								Type="SET_COUNTER">
								<ParameterList/>
							</Action>
							<Action
								Type="UNIT_SET_EXPERIENCE_POINTS">
								<ParameterList/>
							</Action>
						</Script>
						<Script
							id="METAMOD_DIPLOMACY_p3_p5_enemy">
							<Action
								Type="PLAYER_RELATES_PLAYER">
								<ParameterList/>
							</Action>
							<Action
								Type="PLAYER_RELATES_PLAYER">
								<ParameterList/>
							</Action>
							<Action
								Type="SET_COUNTER">
								<ParameterList/>
							</Action>
							<Action
								Type="UNIT_SET_EXPERIENCE_POINTS">
								<ParameterList/>
							</Action>
						</Script>
						<Script
							id="METAMOD_DIPLOMACY_p3_p6_enemy">
							<Action
								Type="PLAYER_RELATES_PLAYER">
								<ParameterList/>
							</Action>
							<Action
								Type="PLAYER_RELATES_PLAYER">
								<ParameterList/>
							</Action>
							<Action
								Type="SET_COUNTER">
								<ParameterList/>
							</Action>
							<Action
								Type="UNIT_SET_EXPERIENCE_POINTS">
								<ParameterList/>
							</Action>
						</Script>
						<Script
							id="METAMOD_DIPLOMACY_p3_p7_enemy">
							<Action
								Type="PLAYER_RELATES_PLAYER">
								<ParameterList/>
							</Action>
							<Action
								Type="PLAYER_RELATES_PLAYER">
								<ParameterList/>
							</Action>
							<Action
								Type="SET_COUNTER">
								<ParameterList/>
							</Action>
							<Action
								Type="UNIT_SET_EXPERIENCE_POINTS">
								<ParameterList/>
							</Action>
						</Script>
						<Script
							id="METAMOD_DIPLOMACY_p3_p8_enemy">
							<Action
								Type="PLAYER_RELATES_PLAYER">
								<ParameterList/>
							</Action>
							<Action
								Type="PLAYER_RELATES_PLAYER">
								<ParameterList/>
							</Action>
							<Action
								Type="SET_COUNTER">
								<ParameterList/>
							</Action>
							<Action
								Type="UNIT_SET_EXPERIENCE_POINTS">
								<ParameterList/>
							</Action>
						</Script>
						<Script
							id="METAMOD_DIPLOMACY_p4_p5_enemy">
							<Action
								Type="PLAYER_RELATES_PLAYER">
								<ParameterList/>
							</Action>
							<Action
								Type="PLAYER_RELATES_PLAYER">
								<ParameterList/>
							</Action>
							<Action
								Type="SET_COUNTER">
								<ParameterList/>
							</Action>
							<Action
								Type="UNIT_SET_EXPERIENCE_POINTS">
								<ParameterList/>
							</Action>
						</Script>
						<Script
							id="METAMOD_DIPLOMACY_p4_p6_enemy">
							<Action
								Type="PLAYER_RELATES_PLAYER">
								<ParameterList/>
							</Action>
							<Action
								Type="PLAYER_RELATES_PLAYER">
								<ParameterList/>
							</Action>
							<Action
								Type="SET_COUNTER">
								<ParameterList/>
							</Action>
							<Action
								Type="UNIT_SET_EXPERIENCE_POINTS">
								<ParameterList/>
							</Action>
						</Script>
						<Script
							id="METAMOD_DIPLOMACY_p4_p7_enemy">
							<Action
								Type="PLAYER_RELATES_PLAYER">
								<ParameterList/>
							</Action>
							<Action
								Type="PLAYER_RELATES_PLAYER">
								<ParameterList/>
							</Action>
							<Action
								Type="SET_COUNTER">
								<ParameterList/>
							</Action>
							<Action
								Type="UNIT_SET_EXPERIENCE_POINTS">
								<ParameterList/>
							</Action>
						</Script>
						<Script
							id="METAMOD_DIPLOMACY_p4_p8_enemy">
							<Action
								Type="PLAYER_RELATES_PLAYER">
								<ParameterList/>
							</Action>
							<Action
								Type="PLAYER_RELATES_PLAYER">
								<ParameterList/>
							</Action>
							<Action
								Type="SET_COUNTER">
								<ParameterList/>
							</Action>
							<Action
								Type="UNIT_SET_EXPERIENCE_POINTS">
								<ParameterList/>
							</Action>
						</Script>
						<Script
							id="METAMOD_DIPLOMACY_p5_p6_enemy">
							<Action
								Type="PLAYER_RELATES_PLAYER">
								<ParameterList/>
							</Action>
							<Action
								Type="PLAYER_RELATES_PLAYER">
								<ParameterList/>
							</Action>
							<Action
								Type="SET_COUNTER">
								<ParameterList/>
							</Action>
							<Action
								Type="UNIT_SET_EXPERIENCE_POINTS">
								<ParameterList/>
							</Action>
						</Script>
						<Script
							id="METAMOD_DIPLOMACY_p5_p7_enemy">
							<Action
								Type="PLAYER_RELATES_PLAYER">
								<ParameterList/>
							</Action>
							<Action
								Type="PLAYER_RELATES_PLAYER">
								<ParameterList/>
							</Action>
							<Action
								Type="SET_COUNTER">
								<ParameterList/>
							</Action>
							<Action
								Type="UNIT_SET_EXPERIENCE_POINTS">
								<ParameterList/>
							</Action>
						</Script>
						<Script
							id="METAMOD_DIPLOMACY_p5_p8_enemy">
							<Action
								Type="PLAYER_RELATES_PLAYER">
								<ParameterList/>
							</Action>
							<Action
								Type="PLAYER_RELATES_PLAYER">
								<ParameterList/>
							</Action>
							<Action
								Type="SET_COUNTER">
								<ParameterList/>
							</Action>
							<Action
								Type="UNIT_SET_EXPERIENCE_POINTS">
								<ParameterList/>
							</Action>
						</Script>
						<Script
							id="METAMOD_DIPLOMACY_p6_p7_enemy">
							<Action
								Type="PLAYER_RELATES_PLAYER">
								<ParameterList/>
							</Action>
							<Action
								Type="PLAYER_RELATES_PLAYER">
								<ParameterList/>
							</Action>
							<Action
								Type="SET_COUNTER">
								<ParameterList/>
							</Action>
							<Action
								Type="UNIT_SET_EXPERIENCE_POINTS">
								<ParameterList/>
							</Action>
						</Script>
						<Script
							id="METAMOD_DIPLOMACY_p6_p8_enemy">
							<Action
								Type="PLAYER_RELATES_PLAYER">
								<ParameterList/>
							</Action>
							<Action
								Type="PLAYER_RELATES_PLAYER">
								<ParameterList/>
							</Action>
							<Action
								Type="SET_COUNTER">
								<ParameterList/>
							</Action>
							<Action
								Type="UNIT_SET_EXPERIENCE_POINTS">
								<ParameterList/>
							</Action>
						</Script>
						<Script
							id="METAMOD_DIPLOMACY_p7_p8_enemy">
							<Action
								Type="PLAYER_RELATES_PLAYER">
								<ParameterList/>
							</Action>
							<Action
								Type="PLAYER_RELATES_PLAYER">
								<ParameterList/>
							</Action>
							<Action
								Type="SET_COUNTER">
								<ParameterList/>
							</Action>
							<Action
								Type="UNIT_SET_EXPERIENCE_POINTS">
								<ParameterList/>
							</Action>
						</Script>
					</ScriptGroup>
					<ScriptGroup
						id="METAMOD_DIPLOMACY_RELATION_NEUTRAL"/>
					<ScriptGroup
						id="METAMOD_DIPLOMACY_RELATION_FRIEND">
						<Script
							id="METAMOD_DIPLOMACY_p1_p2_friend">
							<Action
								Type="PLAYER_RELATES_PLAYER">
								<ParameterList/>
							</Action>
							<Action
								Type="PLAYER_RELATES_PLAYER">
								<ParameterList/>
							</Action>
							<Action
								Type="SET_COUNTER">
								<ParameterList/>
							</Action>
							<Action
								Type="UNIT_SET_EXPERIENCE_POINTS">
								<ParameterList/>
							</Action>
						</Script>
						<Script
							id="METAMOD_DIPLOMACY_p1_p3_friend">
							<Action
								Type="PLAYER_RELATES_PLAYER">
								<ParameterList/>
							</Action>
							<Action
								Type="PLAYER_RELATES_PLAYER">
								<ParameterList/>
							</Action>
							<Action
								Type="SET_COUNTER">
								<ParameterList/>
							</Action>
							<Action
								Type="UNIT_SET_EXPERIENCE_POINTS">
								<ParameterList/>
							</Action>
						</Script>
						<Script
							id="METAMOD_DIPLOMACY_p1_p4_friend">
							<Action
								Type="PLAYER_RELATES_PLAYER">
								<ParameterList/>
							</Action>
							<Action
								Type="PLAYER_RELATES_PLAYER">
								<ParameterList/>
							</Action>
							<Action
								Type="SET_COUNTER">
								<ParameterList/>
							</Action>
							<Action
								Type="UNIT_SET_EXPERIENCE_POINTS">
								<ParameterList/>
							</Action>
						</Script>
						<Script
							id="METAMOD_DIPLOMACY_p1_p5_friend">
							<Action
								Type="PLAYER_RELATES_PLAYER">
								<ParameterList/>
							</Action>
							<Action
								Type="PLAYER_RELATES_PLAYER">
								<ParameterList/>
							</Action>
							<Action
								Type="SET_COUNTER">
								<ParameterList/>
							</Action>
							<Action
								Type="UNIT_SET_EXPERIENCE_POINTS">
								<ParameterList/>
							</Action>
						</Script>
						<Script
							id="METAMOD_DIPLOMACY_p1_p6_friend">
							<Action
								Type="PLAYER_RELATES_PLAYER">
								<ParameterList/>
							</Action>
							<Action
								Type="PLAYER_RELATES_PLAYER">
								<ParameterList/>
							</Action>
							<Action
								Type="SET_COUNTER">
								<ParameterList/>
							</Action>
							<Action
								Type="UNIT_SET_EXPERIENCE_POINTS">
								<ParameterList/>
							</Action>
						</Script>
						<Script
							id="METAMOD_DIPLOMACY_p1_p7_friend">
							<Action
								Type="PLAYER_RELATES_PLAYER">
								<ParameterList/>
							</Action>
							<Action
								Type="PLAYER_RELATES_PLAYER">
								<ParameterList/>
							</Action>
							<Action
								Type="SET_COUNTER">
								<ParameterList/>
							</Action>
							<Action
								Type="UNIT_SET_EXPERIENCE_POINTS">
								<ParameterList/>
							</Action>
						</Script>
						<Script
							id="METAMOD_DIPLOMACY_p1_p8_friend">
							<Action
								Type="PLAYER_RELATES_PLAYER">
								<ParameterList/>
							</Action>
							<Action
								Type="PLAYER_RELATES_PLAYER">
								<ParameterList/>
							</Action>
							<Action
								Type="SET_COUNTER">
								<ParameterList/>
							</Action>
							<Action
								Type="UNIT_SET_EXPERIENCE_POINTS">
								<ParameterList/>
							</Action>
						</Script>
						<Script
							id="METAMOD_DIPLOMACY_p2_p3_friend">
							<Action
								Type="PLAYER_RELATES_PLAYER">
								<ParameterList/>
							</Action>
							<Action
								Type="PLAYER_RELATES_PLAYER">
								<ParameterList/>
							</Action>
							<Action
								Type="SET_COUNTER">
								<ParameterList/>
							</Action>
							<Action
								Type="UNIT_SET_EXPERIENCE_POINTS">
								<ParameterList/>
							</Action>
						</Script>
						<Script
							id="METAMOD_DIPLOMACY_p2_p4_friend">
							<Action
								Type="PLAYER_RELATES_PLAYER">
								<ParameterList/>
							</Action>
							<Action
								Type="PLAYER_RELATES_PLAYER">
								<ParameterList/>
							</Action>
							<Action
								Type="SET_COUNTER">
								<ParameterList/>
							</Action>
							<Action
								Type="UNIT_SET_EXPERIENCE_POINTS">
								<ParameterList/>
							</Action>
						</Script>
						<Script
							id="METAMOD_DIPLOMACY_p2_p5_friend">
							<Action
								Type="PLAYER_RELATES_PLAYER">
								<ParameterList/>
							</Action>
							<Action
								Type="PLAYER_RELATES_PLAYER">
								<ParameterList/>
							</Action>
							<Action
								Type="SET_COUNTER">
								<ParameterList/>
							</Action>
							<Action
								Type="UNIT_SET_EXPERIENCE_POINTS">
								<ParameterList/>
							</Action>
						</Script>
						<Script
							id="METAMOD_DIPLOMACY_p2_p6_friend">
							<Action
								Type="PLAYER_RELATES_PLAYER">
								<ParameterList/>
							</Action>
							<Action
								Type="PLAYER_RELATES_PLAYER">
								<ParameterList/>
							</Action>
							<Action
								Type="SET_COUNTER">
								<ParameterList/>
							</Action>
							<Action
								Type="UNIT_SET_EXPERIENCE_POINTS">
								<ParameterList/>
							</Action>
						</Script>
						<Script
							id="METAMOD_DIPLOMACY_p2_p7_friend">
							<Action
								Type="PLAYER_RELATES_PLAYER">
								<ParameterList/>
							</Action>
							<Action
								Type="PLAYER_RELATES_PLAYER">
								<ParameterList/>
							</Action>
							<Action
								Type="SET_COUNTER">
								<ParameterList/>
							</Action>
							<Action
								Type="UNIT_SET_EXPERIENCE_POINTS">
								<ParameterList/>
							</Action>
						</Script>
						<Script
							id="METAMOD_DIPLOMACY_p2_p8_friend">
							<Action
								Type="PLAYER_RELATES_PLAYER">
								<ParameterList/>
							</Action>
							<Action
								Type="PLAYER_RELATES_PLAYER">
								<ParameterList/>
							</Action>
							<Action
								Type="SET_COUNTER">
								<ParameterList/>
							</Action>
							<Action
								Type="UNIT_SET_EXPERIENCE_POINTS">
								<ParameterList/>
							</Action>
						</Script>
						<Script
							id="METAMOD_DIPLOMACY_p3_p4_friend">
							<Action
								Type="PLAYER_RELATES_PLAYER">
								<ParameterList/>
							</Action>
							<Action
								Type="PLAYER_RELATES_PLAYER">
								<ParameterList/>
							</Action>
							<Action
								Type="SET_COUNTER">
								<ParameterList/>
							</Action>
							<Action
								Type="UNIT_SET_EXPERIENCE_POINTS">
								<ParameterList/>
							</Action>
						</Script>
						<Script
							id="METAMOD_DIPLOMACY_p3_p5_friend">
							<Action
								Type="PLAYER_RELATES_PLAYER">
								<ParameterList/>
							</Action>
							<Action
								Type="PLAYER_RELATES_PLAYER">
								<ParameterList/>
							</Action>
							<Action
								Type="SET_COUNTER">
								<ParameterList/>
							</Action>
							<Action
								Type="UNIT_SET_EXPERIENCE_POINTS">
								<ParameterList/>
							</Action>
						</Script>
						<Script
							id="METAMOD_DIPLOMACY_p3_p6_friend">
							<Action
								Type="PLAYER_RELATES_PLAYER">
								<ParameterList/>
							</Action>
							<Action
								Type="PLAYER_RELATES_PLAYER">
								<ParameterList/>
							</Action>
							<Action
								Type="SET_COUNTER">
								<ParameterList/>
							</Action>
							<Action
								Type="UNIT_SET_EXPERIENCE_POINTS">
								<ParameterList/>
							</Action>
						</Script>
						<Script
							id="METAMOD_DIPLOMACY_p3_p7_friend">
							<Action
								Type="PLAYER_RELATES_PLAYER">
								<ParameterList/>
							</Action>
							<Action
								Type="PLAYER_RELATES_PLAYER">
								<ParameterList/>
							</Action>
							<Action
								Type="SET_COUNTER">
								<ParameterList/>
							</Action>
							<Action
								Type="UNIT_SET_EXPERIENCE_POINTS">
								<ParameterList/>
							</Action>
						</Script>
						<Script
							id="METAMOD_DIPLOMACY_p3_p8_friend">
							<Action
								Type="PLAYER_RELATES_PLAYER">
								<ParameterList/>
							</Action>
							<Action
								Type="PLAYER_RELATES_PLAYER">
								<ParameterList/>
							</Action>
							<Action
								Type="SET_COUNTER">
								<ParameterList/>
							</Action>
							<Action
								Type="UNIT_SET_EXPERIENCE_POINTS">
								<ParameterList/>
							</Action>
						</Script>
						<Script
							id="METAMOD_DIPLOMACY_p4_p5_friend">
							<Action
								Type="PLAYER_RELATES_PLAYER">
								<ParameterList/>
							</Action>
							<Action
								Type="PLAYER_RELATES_PLAYER">
								<ParameterList/>
							</Action>
							<Action
								Type="SET_COUNTER">
								<ParameterList/>
							</Action>
							<Action
								Type="UNIT_SET_EXPERIENCE_POINTS">
								<ParameterList/>
							</Action>
						</Script>
						<Script
							id="METAMOD_DIPLOMACY_p4_p6_friend">
							<Action
								Type="PLAYER_RELATES_PLAYER">
								<ParameterList/>
							</Action>
							<Action
								Type="PLAYER_RELATES_PLAYER">
								<ParameterList/>
							</Action>
							<Action
								Type="SET_COUNTER">
								<ParameterList/>
							</Action>
							<Action
								Type="UNIT_SET_EXPERIENCE_POINTS">
								<ParameterList/>
							</Action>
						</Script>
						<Script
							id="METAMOD_DIPLOMACY_p4_p7_friend">
							<Action
								Type="PLAYER_RELATES_PLAYER">
								<ParameterList/>
							</Action>
							<Action
								Type="PLAYER_RELATES_PLAYER">
								<ParameterList/>
							</Action>
							<Action
								Type="SET_COUNTER">
								<ParameterList/>
							</Action>
							<Action
								Type="UNIT_SET_EXPERIENCE_POINTS">
								<ParameterList/>
							</Action>
						</Script>
						<Script
							id="METAMOD_DIPLOMACY_p4_p8_friend">
							<Action
								Type="PLAYER_RELATES_PLAYER">
								<ParameterList/>
							</Action>
							<Action
								Type="PLAYER_RELATES_PLAYER">
								<ParameterList/>
							</Action>
							<Action
								Type="SET_COUNTER">
								<ParameterList/>
							</Action>
							<Action
								Type="UNIT_SET_EXPERIENCE_POINTS">
								<ParameterList/>
							</Action>
						</Script>
						<Script
							id="METAMOD_DIPLOMACY_p5_p6_friend">
							<Action
								Type="PLAYER_RELATES_PLAYER">
								<ParameterList/>
							</Action>
							<Action
								Type="PLAYER_RELATES_PLAYER">
								<ParameterList/>
							</Action>
							<Action
								Type="SET_COUNTER">
								<ParameterList/>
							</Action>
							<Action
								Type="UNIT_SET_EXPERIENCE_POINTS">
								<ParameterList/>
							</Action>
						</Script>
						<Script
							id="METAMOD_DIPLOMACY_p5_p7_friend">
							<Action
								Type="PLAYER_RELATES_PLAYER">
								<ParameterList/>
							</Action>
							<Action
								Type="PLAYER_RELATES_PLAYER">
								<ParameterList/>
							</Action>
							<Action
								Type="SET_COUNTER">
								<ParameterList/>
							</Action>
							<Action
								Type="UNIT_SET_EXPERIENCE_POINTS">
								<ParameterList/>
							</Action>
						</Script>
						<Script
							id="METAMOD_DIPLOMACY_p5_p8_friend">
							<Action
								Type="PLAYER_RELATES_PLAYER">
								<ParameterList/>
							</Action>
							<Action
								Type="PLAYER_RELATES_PLAYER">
								<ParameterList/>
							</Action>
							<Action
								Type="SET_COUNTER">
								<ParameterList/>
							</Action>
							<Action
								Type="UNIT_SET_EXPERIENCE_POINTS">
								<ParameterList/>
							</Action>
						</Script>
						<Script
							id="METAMOD_DIPLOMACY_p6_p7_friend">
							<Action
								Type="PLAYER_RELATES_PLAYER">
								<ParameterList/>
							</Action>
							<Action
								Type="PLAYER_RELATES_PLAYER">
								<ParameterList/>
							</Action>
							<Action
								Type="SET_COUNTER">
								<ParameterList/>
							</Action>
							<Action
								Type="UNIT_SET_EXPERIENCE_POINTS">
								<ParameterList/>
							</Action>
						</Script>
						<Script
							id="METAMOD_DIPLOMACY_p6_p8_friend">
							<Action
								Type="PLAYER_RELATES_PLAYER">
								<ParameterList/>
							</Action>
							<Action
								Type="PLAYER_RELATES_PLAYER">
								<ParameterList/>
							</Action>
							<Action
								Type="SET_COUNTER">
								<ParameterList/>
							</Action>
							<Action
								Type="UNIT_SET_EXPERIENCE_POINTS">
								<ParameterList/>
							</Action>
						</Script>
						<Script
							id="METAMOD_DIPLOMACY_p7_p8_friend">
							<Action
								Type="PLAYER_RELATES_PLAYER">
								<ParameterList/>
							</Action>
							<Action
								Type="PLAYER_RELATES_PLAYER">
								<ParameterList/>
							</Action>
							<Action
								Type="SET_COUNTER">
								<ParameterList/>
							</Action>
							<Action
								Type="UNIT_SET_EXPERIENCE_POINTS">
								<ParameterList/>
							</Action>
						</Script>
					</ScriptGroup>
				</ScriptGroup>
				<ScriptGroup
					id="METAMOD_ARTOFDEFENSE/TOWERDEFENSE">
					<Script
						id="METAMOD_ARTOFDEFENSE_ACTIVE">
						<Action
							Type="SET_COUNTER">
							<ParameterList/>
						</Action>
					</Script>
					<Script
						id="METAMOD_ARTOFDEFENSE_WAYPOINT_DISTANCE">
						<Action
							Type="SET_COUNTER">
							<ParameterList/>
						</Action>
					</Script>
					<Script
						id="METAMOD_TOWERDEFENSE_ACTIVE">
						<Action
							Type="SET_COUNTER">
							<ParameterList/>
						</Action>
					</Script>
					<Script
						id="METAMOD_TOWERDEFENSE_OBJECT_NAME">
						<Action
							Type="SET_UNIT_REFERENCE">
							<ParameterList/>
						</Action>
					</Script>
				</ScriptGroup>
				<ScriptGroup
					id="METAMOD_INFORMATION_COUNTERS">
					<Script
						id="METAMOD_INFORMATION_COUNTERS_REFRESH_COUNTER">
						<Action
							Type="SET_COUNTER">
							<ParameterList/>
						</Action>
					</Script>
					<Script
						id="METAMOD_INFORMATION_COUNTER_ACTIVATION_LISTENER">
						<Action
							Type="ENABLE_SCRIPT">
							<ParameterList/>
						</Action>
						<Action
							Type="ENABLE_SCRIPT">
							<ParameterList/>
						</Action>
						<Action
							Type="DISABLE_SCRIPT">
							<ParameterList/>
						</Action>
						<Action
							Type="DISABLE_SCRIPT">
							<ParameterList/>
						</Action>
					</Script>
					<Script
						id="METAMOD_REFRESH_PLAYER_MONEY_COUNTERS">
						<Action
							Type="SET_PLAYER_MONEY_TO_COUNTER">
							<ParameterList/>
						</Action>
						<Action
							Type="SET_PLAYER_MONEY_TO_COUNTER">
							<ParameterList/>
						</Action>
						<Action
							Type="SET_PLAYER_MONEY_TO_COUNTER">
							<ParameterList/>
						</Action>
						<Action
							Type="SET_PLAYER_MONEY_TO_COUNTER">
							<ParameterList/>
						</Action>
						<Action
							Type="SET_PLAYER_MONEY_TO_COUNTER">
							<ParameterList/>
						</Action>
						<Action
							Type="SET_PLAYER_MONEY_TO_COUNTER">
							<ParameterList/>
						</Action>
						<Action
							Type="SET_PLAYER_MONEY_TO_COUNTER">
							<ParameterList/>
						</Action>
						<Action
							Type="SET_PLAYER_MONEY_TO_COUNTER">
							<ParameterList/>
						</Action>
						<Action
							Type="SET_COUNTER">
							<ParameterList/>
						</Action>
					</Script>
					<Script
						id="METAMOD_REFRESH_PLAYER_KILL_COUNTERS">
						<Action
							Type="SET_PLAYER_KILLS_OF_KINDOF_TO_COUNTER">
							<ParameterList/>
						</Action>
						<Action
							Type="SET_PLAYER_KILLS_OF_KINDOF_TO_COUNTER">
							<ParameterList/>
						</Action>
						<Action
							Type="SET_PLAYER_KILLS_OF_KINDOF_TO_COUNTER">
							<ParameterList/>
						</Action>
						<Action
							Type="SET_PLAYER_KILLS_OF_KINDOF_TO_COUNTER">
							<ParameterList/>
						</Action>
						<Action
							Type="SET_PLAYER_KILLS_OF_KINDOF_TO_COUNTER">
							<ParameterList/>
						</Action>
						<Action
							Type="SET_PLAYER_KILLS_OF_KINDOF_TO_COUNTER">
							<ParameterList/>
						</Action>
						<Action
							Type="SET_PLAYER_KILLS_OF_KINDOF_TO_COUNTER">
							<ParameterList/>
						</Action>
						<Action
							Type="SET_PLAYER_KILLS_OF_KINDOF_TO_COUNTER">
							<ParameterList/>
						</Action>
						<Action
							Type="SET_PLAYER_KILLS_OF_KINDOF_TO_COUNTER">
							<ParameterList/>
						</Action>
						<Action
							Type="SET_PLAYER_KILLS_OF_KINDOF_TO_COUNTER">
							<ParameterList/>
						</Action>
						<Action
							Type="SET_PLAYER_KILLS_OF_KINDOF_TO_COUNTER">
							<ParameterList/>
						</Action>
						<Action
							Type="SET_PLAYER_KILLS_OF_KINDOF_TO_COUNTER">
							<ParameterList/>
						</Action>
						<Action
							Type="SET_PLAYER_KILLS_OF_KINDOF_TO_COUNTER">
							<ParameterList/>
						</Action>
						<Action
							Type="SET_PLAYER_KILLS_OF_KINDOF_TO_COUNTER">
							<ParameterList/>
						</Action>
						<Action
							Type="SET_PLAYER_KILLS_OF_KINDOF_TO_COUNTER">
							<ParameterList/>
						</Action>
						<Action
							Type="SET_PLAYER_KILLS_OF_KINDOF_TO_COUNTER">
							<ParameterList/>
						</Action>
						<Action
							Type="SET_PLAYER_KILLS_OF_KINDOF_TO_COUNTER">
							<ParameterList/>
						</Action>
						<Action
							Type="SET_PLAYER_KILLS_OF_KINDOF_TO_COUNTER">
							<ParameterList/>
						</Action>
						<Action
							Type="SET_PLAYER_KILLS_OF_KINDOF_TO_COUNTER">
							<ParameterList/>
						</Action>
						<Action
							Type="SET_PLAYER_KILLS_OF_KINDOF_TO_COUNTER">
							<ParameterList/>
						</Action>
						<Action
							Type="SET_PLAYER_KILLS_OF_KINDOF_TO_COUNTER">
							<ParameterList/>
						</Action>
						<Action
							Type="SET_PLAYER_KILLS_OF_KINDOF_TO_COUNTER">
							<ParameterList/>
						</Action>
						<Action
							Type="SET_PLAYER_KILLS_OF_KINDOF_TO_COUNTER">
							<ParameterList/>
						</Action>
						<Action
							Type="SET_PLAYER_KILLS_OF_KINDOF_TO_COUNTER">
							<ParameterList/>
						</Action>
						<Action
							Type="SET_COUNTER">
							<ParameterList/>
						</Action>
					</Script>
				</ScriptGroup>
				<ScriptGroup
					id="METAMOD_MISC">
					<Script
						id="RENEGADE_WARS_ACTIVE">
						<Action
							Type="SET_COUNTER">
							<ParameterList/>
						</Action>
					</Script>
					<ScriptGroup
						id="METAMOD_CHANGE_FPS">
						<Script
							id="METAMOD_FPS_COMMAND_COUNTER">
							<Action
								Type="SET_COUNTER">
								<ParameterList/>
							</Action>
						</Script>
						<Script
							id="METAMOD_CHANGE_FPS_LISTENER">
							<Action
								Type="ENABLE_SCRIPT">
								<ParameterList/>
							</Action>
							<Action
								Type="DISABLE_SCRIPT">
								<ParameterList/>
							</Action>
						</Script>
						<ScriptGroup
							id="METAMOD_FPS_COMMANDS">
							<Script
								id="METAMOD_FPS_30">
								<Action
									Type="SET_FPS_LIMIT">
									<ParameterList/>
								</Action>
								<Action
									Type="SET_COUNTER">
									<ParameterList/>
								</Action>
							</Script>
							<Script
								id="METAMOD_FPS_45">
								<Action
									Type="SET_FPS_LIMIT">
									<ParameterList/>
								</Action>
								<Action
									Type="SET_COUNTER">
									<ParameterList/>
								</Action>
							</Script>
							<Script
								id="METAMOD_FPS_60">
								<Action
									Type="SET_FPS_LIMIT">
									<ParameterList/>
								</Action>
								<Action
									Type="SET_COUNTER">
									<ParameterList/>
								</Action>
							</Script>
						</ScriptGroup>
					</ScriptGroup>
				</ScriptGroup>
			</ScriptGroup>
			<ScriptGroup
				id="SR - SkirmishRules">
				<Script
					id="SR -  Setup - Declare Flags">
					<Action
						Type="SET_FLAG">
						<ParameterList/>
					</Action>
					<Action
						Type="SET_FLAG">
						<ParameterList/>
					</Action>
				</Script>
				<ScriptGroup
					id="SR - Radar">
					<Script
						id="SR - Setup - Radar - Setup">
						<Action
							Type="SET_MILLISECOND_TIMER">
							<ParameterList/>
						</Action>
					</Script>
					<Script
						id="SR - Setup - Radar - Activate">
						<Action
							Type="CREATE_OBJECT">
							<ParameterList>
								<ObjectType
									Object="GenericRadarSupplier"/>
							</ParameterList>
						</Action>
						<Action
							Type="CREATE_OBJECT">
							<ParameterList>
								<ObjectType
									Object="GenericRadarSupplier"/>
							</ParameterList>
						</Action>
						<Action
							Type="CREATE_OBJECT">
							<ParameterList>
								<ObjectType
									Object="GenericRadarSupplier"/>
							</ParameterList>
						</Action>
						<Action
							Type="CREATE_OBJECT">
							<ParameterList>
								<ObjectType
									Object="GenericRadarSupplier"/>
							</ParameterList>
						</Action>
					</Script>
				</ScriptGroup>
				<ScriptGroup
					id="SR - Map Reveal">
					<Script
						id="SR - Map Reveal - Set Timer">
						<Action
							Type="SET_MILLISECOND_TIMER">
							<ParameterList/>
						</Action>
						<Action
							Type="ENABLE_SCRIPT">
							<ParameterList/>
						</Action>
						<Action
							Type="ENABLE_SCRIPT">
							<ParameterList/>
						</Action>
					</Script>
					<Script
						id="SR - Map Reveal - Display Timer">
						<Action
							Type="DISPLAY_COUNTDOWN_TIMER">
							<ParameterList/>
						</Action>
					</Script>
					<Script
						id="SR - Map Reveal - Timer Expired">
						<Action
							Type="MAP_REVEAL_ALL_PERM">
							<ParameterList/>
						</Action>
						<Action
							Type="SET_FLAG">
							<ParameterList/>
						</Action>
						<Action
							Type="HIDE_COUNTDOWN_TIMER">
							<ParameterList/>
						</Action>
						<Action
							Type="DISABLE_SCRIPT">
							<ParameterList/>
						</Action>
					</Script>
				</ScriptGroup>
				<ScriptGroup
					id="SR - Stealth Reveal">
					<Script
						id="SR - Stealth Reveal - Init Timer">
						<Action
							Type="SET_MILLISECOND_TIMER">
							<ParameterList/>
						</Action>
						<Action
							Type="ENABLE_SCRIPT">
							<ParameterList/>
						</Action>
						<Action
							Type="ENABLE_SCRIPT">
							<ParameterList/>
						</Action>
					</Script>
					<Script
						id="SR - Stealth Reveal - Display Timer">
						<Action
							Type="DISPLAY_COUNTDOWN_TIMER">
							<ParameterList/>
						</Action>
					</Script>
					<Script
						id="SR - Stealth Reveal - Timer Expired">
						<Action
							Type="SET_FLAG">
							<ParameterList/>
						</Action>
						<Action
							Type="HIDE_COUNTDOWN_TIMER">
							<ParameterList/>
						</Action>
						<Action
							Type="ENABLE_SCRIPT">
							<ParameterList/>
						</Action>
						<Action
							Type="DISABLE_SCRIPT">
							<ParameterList/>
						</Action>
					</Script>
				</ScriptGroup>
				<ScriptGroup
					id="Periodic Stealth Reveal folder">
					<Script
						id="Periodic Stealth Reveal">
						<Action
							Type="GLOBAL_SET_STEALTH_ENABLED">
							<ParameterList/>
						</Action>
					</Script>
				</ScriptGroup>
			</ScriptGroup>
		</ScriptSet>
	</GameScriptList>
</AssetDeclaration>