<?xml version="1.0" encoding="UTF-8"?>
<AssetDeclaration
	xmlns="uri:ea.com:eala:asset"
	xmlns:xsi="http://www.w3.org/2001/XMLSchema-instance">
	<Tags/>
	<Includes/>
	
	<MissionObjectiveList id="MissionObjectives">

		<MissionObjectiveTag
			IsBonusObjective="true"
			Script="SCRIPT:MM_1_DestroyLab_Objective_Summary"
			Description="SCRIPT:MM_1_DestroyLab_Objective_Details">
		</MissionObjectiveTag>	

		<MissionObjectiveTag
			IsBonusObjective="true"
			Script="SCRIPT:MM_2_DefendLab_Objective_Details"
			Description="SCRIPT:MM_1_DestroyLab_Objective_Details">
		</MissionObjectiveTag>	

		<MissionObjectiveTag
			IsBonusObjective="true"
			Script="SCRIPT:MM_3_CaptureLab_Objective_Summary"
			Description="SCRIPT:MM_3_CaptureLab_Objective_Details">
		</MissionObjectiveTag>	

		<MissionObjectiveTag
			IsBonusObjective="true"
			Script="SCRIPT:MM_4_DefendConvoy_Objective_Summary"
			Description="SCRIPT:MM_4_DefendConvoy_Objective_Details">
		</MissionObjectiveTag>	

		<MissionObjectiveTag
			IsBonusObjective="true"
			Script="SCRIPT:MM_5_DestroyConvoy_Objective_Summary"
			Description="SCRIPT:MM_5_DestroyConvoy_Objective_Details">
		</MissionObjectiveTag>	

		<MissionObjectiveTag
			IsBonusObjective="true"
			Script="SCRIPT:MM_6_PowerDown_Objective_Summary"
			Description="SCRIPT:MM_6_PowerDown_Objective_Details">
		</MissionObjectiveTag>	

		<MissionObjectiveTag
			IsBonusObjective="true"
			Script="SCRIPT:MM_7_BuildLoc_GDI_Objective_Summary"
			Description="SCRIPT:MM_7_BuildLoc_GDI_Objective_Details">
		</MissionObjectiveTag>	

		<MissionObjectiveTag
			IsBonusObjective="true"
			Script="SCRIPT:MM_8_BuildLoc_Nod_Objective_Summary"
			Description="SCRIPT:MM_8_BuildLoc_Nod_Objective_Details">
		</MissionObjectiveTag>	
		
		<MissionObjectiveTag
			IsBonusObjective="true"
			Script="SCRIPT:MM_9_BuildLoc_Scrin_Objective_Summary"
			Description="SCRIPT:MM_9_BuildLoc_Scrin_Objective_Details">
		</MissionObjectiveTag>	
		
		<MissionObjectiveTag
			IsBonusObjective="true"
			Script="SCRIPT:MM_10_MechCap_GDI_Objective_Details"
			Description="SCRIPT:MM_10_MechCap_GDI_Objective_Summary">
		</MissionObjectiveTag>	
				
		<MissionObjectiveTag
			IsBonusObjective="true"
			Script="SCRIPT:MM_11_MechCap_Nod_Objective_Details"
			Description="SCRIPT:MM_11_MechCap_Nod_Objective_Summary">
		</MissionObjectiveTag>	
		
		<MissionObjectiveTag
			IsBonusObjective="true"
			Script="SCRIPT:MM_12_MechCap_Scrin_Objective_Details"
			Description="SCRIPT:MM_12_MechCap_Scrin_Objective_Summary">
		</MissionObjectiveTag>	
		
		<MissionObjectiveTag
			IsBonusObjective="true"
			Script="SCRIPT:MM_13_ConyardCap_GDI_Objective_Details"
			Description="SCRIPT:MM_13_ConyardCap_GDI_Objective_Summary">
		</MissionObjectiveTag>	
		
		<MissionObjectiveTag
			IsBonusObjective="true"
			Script="SCRIPT:MM_14_ConyardCap_Nod_Objective_Details"
			Description="SCRIPT:MM_14_ConyardCap_Nod_Objective_Summary">
		</MissionObjectiveTag>	
		
		<MissionObjectiveTag
			IsBonusObjective="true"
			Script="SCRIPT:MM_15_ConyardCap_Scrin_Objective_Details"
			Description="SCRIPT:MM_15_ConyardCap_Scrin_Objective_Summary">
		</MissionObjectiveTag>	
		
		<MissionObjectiveTag
			IsBonusObjective="true"
			Script="SCRIPT:MM_16_RefineryCap_GDI_Objective_Details"
			Description="SCRIPT:MM_16_RefineryCap_GDI_Objective_Summary">
		</MissionObjectiveTag>	
		
		<MissionObjectiveTag
			IsBonusObjective="true"
			Script="SCRIPT:MM_17_RefineryCap_Nod_Objective_Details"
			Description="SCRIPT:MM_17_RefineryCap_Nod_Objective_Summary">
		</MissionObjectiveTag>	
		
		<MissionObjectiveTag
			IsBonusObjective="true"
			Script="SCRIPT:MM_18_RefineryCap_Scrin_Objective_Details"
			Description="SCRIPT:MM_18_RefineryCap_Scrin_Objective_Summary">
		</MissionObjectiveTag>
		
		<MissionObjectiveTag
			IsBonusObjective="true"
			Script="SCRIPT:MM_19_TibSpike_Objective_Details"
			Description="SCRIPT:MM_19_TibSpike_Objective_Summary">
		</MissionObjectiveTag>
		
		<MissionObjectiveTag
			IsBonusObjective="true"
			Script="SCRIPT:MM_20_Tiberium_Objective_Details"
			Description="SCRIPT:MM_20_Tiberium_Objective_Summary">
		</MissionObjectiveTag>
		
		<MissionObjectiveTag
			IsBonusObjective="true"
			Script="SCRIPT:MM_21_CaptureAndHold_Objective_Details"
			Description="SCRIPT:MM_21_CaptureAndHold_Objective_Summary">
		</MissionObjectiveTag>
		
		<MissionObjectiveTag
			IsBonusObjective="true"
			Script="SCRIPT:MM_22_NoAir_GDI_Objective_Details"
			Description="SCRIPT:MM_22_NoAir_GDI_Objective_Summary">
		</MissionObjectiveTag>		

		<MissionObjectiveTag
			IsBonusObjective="true"
			Script="SCRIPT:MM_23_NoAir_Nod_Objective_Details"
			Description="SCRIPT:MM_23_NoAir_Nod_Objective_Summary">
		</MissionObjectiveTag>
		
		<MissionObjectiveTag
			IsBonusObjective="true"
			Script="SCRIPT:MM_24_NoAir_Scrin_Objective_Details"
			Description="SCRIPT:MM_24_NoAir_Scrin_Objective_Summary">
		</MissionObjectiveTag>
	
		<MissionObjectiveTag
			IsBonusObjective="true"
			Script="SCRIPT:MM_25_NoArmor_GDI_Objective_Details"
			Description="SCRIPT:MM_25_NoArmor_GDI_Objective_Summary">
		</MissionObjectiveTag>
		
		<MissionObjectiveTag
			IsBonusObjective="true"
			Script="SCRIPT:MM_26_NoArmor_Nod_Objective_Details"
			Description="SCRIPT:MM_26_NoArmor_Nod_Objective_Summary">
		</MissionObjectiveTag>
		
		<MissionObjectiveTag
			IsBonusObjective="true"
			Script="SCRIPT:MM_27_NoArmor_Scrin_Objective_Details"
			Description="SCRIPT:MM_27_NoArmor_Scrin_Objective_Summary">
		</MissionObjectiveTag>

		<MissionObjectiveTag
			IsBonusObjective="true"
			Script="SCRIPT:MM_28_NoInfantry_GDI_Objective_Details"
			Description="SCRIPT:MM_28_NoInfantry_GDI_Objective_Summary">
		</MissionObjectiveTag>

		<MissionObjectiveTag
			IsBonusObjective="true"
			Script="SCRIPT:MM_29_NoInfantry_Nod_Objective_Details"
			Description="SCRIPT:MM_29_NoInfantry_Nod_Objective_Summary">
		</MissionObjectiveTag>
			
		<MissionObjectiveTag
			IsBonusObjective="true"
			Script="SCRIPT:MM_30_NoInfantry_Scrin_Objective_Details"
			Description="SCRIPT:MM_30_NoInfantry_Scrin_Objective_Summary">
		</MissionObjectiveTag>			
		
		<MissionObjectiveTag
			IsBonusObjective="true"
			Script="SCRIPT:MM_31_SuperWeaponRace_Objective_Details"
			Description="SCRIPT:MM_31_SuperWeaponRace_Scrin_Objective_Summary">
		</MissionObjectiveTag>	
				
	</MissionObjectiveList>
	
</AssetDeclaration>