<?xml version="1.0" encoding="UTF-8"?>
<AssetDeclaration
	xmlns="uri:ea.com:eala:asset"
	xmlns:xsi="http://www.w3.org/2001/XMLSchema-instance">
	<Tags/>
	<Includes>
		<Include
			source="DATA:static.xml"
			type="reference"/>
		<Include
			source="DATA:global.xml"
			type="reference"/>
		<Include
			source="ART:EVDefault.xml"
			type="instance"/>
		<Include
			source="ART:TSCloudMed.xml"
			type="instance"/>
		<Include
			source="ART:TSNoiseUrb.xml"
			type="instance"/>
		<Include
			source="DATA:GlobalData/roads.xml"
			type="instance"/>
		<Include
			source="DATA:neutral/structures/electromagneticpulsecontrolcenter.xml"
			type="instance"/>
		<Include
			source="DATA:neutral/structures/tiberiumspike.xml"
			type="instance"/>
		<Include
			source="DATA:sounds/musicscript_unknownzone.xml"
			type="instance"/>
		<Include
			source="overrides.xml"
			type="all"/>
	</Includes>
	<GameMap
		id="MetaModWidefield2">
		<Waypoint
			id="Player_8_Start">
			<Position
				x="2007.88"
				y="6054.5"
				z="0"/>
		</Waypoint>
		<Waypoint
			id="Player_7_Start">
			<Position
				x="1994"
				y="6995"
				z="0"/>
		</Waypoint>
		<Waypoint
			id="Player_6_Start">
			<Position
				x="496"
				y="6995"
				z="0"/>
		</Waypoint>
		<Waypoint
			id="Player_5_Start">
			<Position
				x="469.112"
				y="6045.57"
				z="0"/>
		</Waypoint>
		<Waypoint
			id="Player_4_Start">
			<Position
				x="1996.29"
				y="1445.04"
				z="0"/>
		</Waypoint>
		<Waypoint
			id="Player_3_Start">
			<Position
				x="1994"
				y="505"
				z="0"/>
		</Waypoint>
		<Waypoint
			id="Player_2_Start">
			<Position
				x="496"
				y="505"
				z="0"/>
		</Waypoint>
		<Waypoint
			id="Player_1_Start">
			<Position
				x="476.247"
				y="1423.83"
				z="0"/>
		</Waypoint>
		<Structure
			Angle="0"
			EventList=""
			Faction="SkirmishNeutral/teamSkirmishNeutral"
			Health="100"
			Team="SkirmishNeutral"
			ThingTemplate="TiberiumSpike"
			id="TiberiumSpike">
			<Position
				x="2449.36"
				y="7418.27"
				z="0"/>
		</Structure>
		<Structure
			Angle="0"
			EventList=""
			Faction="SkirmishNeutral/teamSkirmishNeutral"
			Health="100"
			Team="SkirmishNeutral"
			ThingTemplate="TiberiumSpike"
			id="TiberiumSpike">
			<Position
				x="2452.4"
				y="1020.66"
				z="0"/>
		</Structure>
		<Structure
			Angle="0"
			EventList=""
			Faction="SkirmishNeutral/teamSkirmishNeutral"
			Health="100"
			Team="SkirmishNeutral"
			ThingTemplate="TiberiumSpike"
			id="TiberiumSpike">
			<Position
				x="1522.85"
				y="1020.21"
				z="0"/>
		</Structure>
		<Structure
			Angle="0"
			EventList=""
			Faction="SkirmishNeutral/teamSkirmishNeutral"
			Health="100"
			Team="SkirmishNeutral"
			ThingTemplate="TiberiumSpike"
			id="TiberiumSpike">
			<Position
				x="2449.83"
				y="66.088"
				z="0"/>
		</Structure>
		<Structure
			Angle="0"
			EventList=""
			Faction="SkirmishNeutral/teamSkirmishNeutral"
			Health="100"
			Team="SkirmishNeutral"
			ThingTemplate="TiberiumSpike"
			id="TiberiumSpike">
			<Position
				x="1525.71"
				y="62.4987"
				z="0"/>
		</Structure>
		<Structure
			Angle="0"
			EventList=""
			Faction="SkirmishNeutral/teamSkirmishNeutral"
			Health="100"
			Team="SkirmishNeutral"
			ThingTemplate="TiberiumSpike"
			id="TiberiumSpike">
			<Position
				x="962.444"
				y="75.9098"
				z="0"/>
		</Structure>
		<Structure
			Angle="0"
			EventList=""
			Faction="SkirmishNeutral/teamSkirmishNeutral"
			Health="100"
			Team="SkirmishNeutral"
			ThingTemplate="TiberiumSpike"
			id="TiberiumSpike">
			<Position
				x="53.1639"
				y="92.9994"
				z="0"/>
		</Structure>
		<Structure
			Angle="0"
			EventList=""
			Faction="SkirmishNeutral/teamSkirmishNeutral"
			Health="100"
			Team="SkirmishNeutral"
			ThingTemplate="TiberiumSpike"
			id="TiberiumSpike">
			<Position
				x="961.942"
				y="1018.78"
				z="0"/>
		</Structure>
		<Structure
			Angle="0"
			EventList=""
			Faction="SkirmishNeutral/teamSkirmishNeutral"
			Health="100"
			Team="SkirmishNeutral"
			ThingTemplate="TiberiumSpike"
			id="TiberiumSpike">
			<Position
				x="37.6252"
				y="1021.45"
				z="0"/>
		</Structure>
		<Structure
			Angle="0"
			EventList=""
			Faction="SkirmishNeutral/teamSkirmishNeutral"
			Health="100"
			Team="SkirmishNeutral"
			ThingTemplate="TiberiumSpike"
			id="TiberiumSpike">
			<Position
				x="2454.39"
				y="6455.62"
				z="0"/>
		</Structure>
		<Structure
			Angle="0"
			EventList=""
			Faction="SkirmishNeutral/teamSkirmishNeutral"
			Health="100"
			Team="SkirmishNeutral"
			ThingTemplate="TiberiumSpike"
			id="TiberiumSpike">
			<Position
				x="1538.57"
				y="6458.42"
				z="0"/>
		</Structure>
		<Structure
			Angle="0"
			EventList=""
			Faction="SkirmishNeutral/teamSkirmishNeutral"
			Health="100"
			Team="SkirmishNeutral"
			ThingTemplate="TiberiumSpike"
			id="TiberiumSpike">
			<Position
				x="1533.01"
				y="7431.86"
				z="0"/>
		</Structure>
		<Structure
			Angle="0"
			EventList=""
			Faction="SkirmishNeutral/teamSkirmishNeutral"
			Health="100"
			Team="SkirmishNeutral"
			ThingTemplate="TiberiumSpike"
			id="TiberiumSpike">
			<Position
				x="954.126"
				y="7424.18"
				z="0"/>
		</Structure>
		<Structure
			Angle="0"
			EventList=""
			Faction="SkirmishNeutral/teamSkirmishNeutral"
			Health="100"
			Team="SkirmishNeutral"
			ThingTemplate="TiberiumSpike"
			id="TiberiumSpike">
			<Position
				x="37.7683"
				y="7423.82"
				z="0"/>
		</Structure>
		<Structure
			Angle="0"
			EventList=""
			Faction="SkirmishNeutral/teamSkirmishNeutral"
			Health="100"
			Team="SkirmishNeutral"
			ThingTemplate="TiberiumSpike"
			id="TiberiumSpike">
			<Position
				x="26.3119"
				y="6464.07"
				z="0"/>
		</Structure>
		<Structure
			Angle="0"
			EventList=""
			Faction="SkirmishNeutral/teamSkirmishNeutral"
			Health="100"
			Team="SkirmishNeutral"
			ThingTemplate="TiberiumSpike"
			id="TiberiumSpike">
			<Position
				x="948.161"
				y="6463.65"
				z="0"/>
		</Structure>
		<Structure
			Angle="0"
			EventList=""
			Faction="SkirmishNeutral/teamSkirmishNeutral"
			Health="100"
			Team="SkirmishNeutral"
			ThingTemplate="ElectroMagneticPulseControlCenter"
			id="ElectroMagneticPulseControlCenter">
			<Position
				x="1251.5"
				y="5767.3"
				z="0"/>
		</Structure>
		<Structure
			Angle="1.54779"
			EventList=""
			Faction="SkirmishNeutral/teamSkirmishNeutral"
			Health="100"
			Team="SkirmishNeutral"
			ThingTemplate="ElectroMagneticPulseControlCenter"
			id="ElectroMagneticPulseControlCenter">
			<Position
				x="1231.52"
				y="1763.77"
				z="0"/>
		</Structure>
		<Prop
			Angle="0"
			EventList=""
			Faction="SkirmishNeutral/teamSkirmishNeutral"
			Health="100"
			Team="SkirmishNeutral"
			ThingTemplate="TiberiumField"
			id="TiberiumField">
			<Position
				x="1254.29"
				y="6025.93"
				z="0"/>
		</Prop>
		<Prop
			Angle="0"
			EventList=""
			Faction="SkirmishNeutral/teamSkirmishNeutral"
			Health="100"
			Team="SkirmishNeutral"
			ThingTemplate="TiberiumField"
			id="TiberiumField">
			<Position
				x="1250.59"
				y="6859.08"
				z="0"/>
		</Prop>
		<Prop
			Angle="0"
			EventList=""
			Faction="SkirmishNeutral/teamSkirmishNeutral"
			Health="100"
			Team="SkirmishNeutral"
			ThingTemplate="TiberiumField"
			id="TiberiumField">
			<Position
				x="1245"
				y="7280"
				z="0"/>
		</Prop>
		<Prop
			Angle="0"
			EventList=""
			Faction="SkirmishNeutral/teamSkirmishNeutral"
			Health="100"
			Team="SkirmishNeutral"
			ThingTemplate="TiberiumField"
			id="TiberiumField">
			<Position
				x="1250.5"
				y="6447.25"
				z="0"/>
		</Prop>
		<Prop
			Angle="0"
			EventList=""
			Faction="SkirmishNeutral/teamSkirmishNeutral"
			Health="100"
			Team="SkirmishNeutral"
			ThingTemplate="TiberiumField"
			id="TiberiumField">
			<Position
				x="1233.92"
				y="1489.19"
				z="0"/>
		</Prop>
		<Prop
			Angle="0"
			EventList=""
			Faction="SkirmishNeutral/teamSkirmishNeutral"
			Health="100"
			Team="SkirmishNeutral"
			ThingTemplate="TiberiumField"
			id="TiberiumField">
			<Position
				x="1239.59"
				y="1067.23"
				z="0"/>
		</Prop>
		<Prop
			Angle="0"
			EventList=""
			Faction="SkirmishNeutral/teamSkirmishNeutral"
			Health="100"
			Team="SkirmishNeutral"
			ThingTemplate="TiberiumField"
			id="TiberiumField">
			<Position
				x="1245"
				y="220"
				z="0"/>
		</Prop>
		<Prop
			Angle="0"
			EventList=""
			Faction="SkirmishNeutral/teamSkirmishNeutral"
			Health="100"
			Team="SkirmishNeutral"
			ThingTemplate="TiberiumField"
			id="TiberiumField">
			<Position
				x="1240.44"
				y="638.073"
				z="0"/>
		</Prop>
		<Prop
			Angle="0"
			EventList=""
			Faction="SkirmishNeutral/teamSkirmishNeutral"
			Health="100"
			Team="SkirmishNeutral"
			ThingTemplate="TiberiumFieldRedZone"
			id="TiberiumFieldRedZone">
			<Position
				x="1250"
				y="3750"
				z="0"/>
		</Prop>
		<MapMetaData
			BorderSize="5"
			CRC="0"
			Description="Map:MetaMod-Widefield2/Desc"
			DisplayName="MetaMod-Widefield2"
			FileName="Data"
			Height="760"
			IsMultiplayer="true"
			IsOfficial="false"
			NumPlayers="8"
			Width="260">
			<StartPosition
				Name="InitialCameraPosition">
				<Position
					x="0"
					y="0"
					z="0"/>
			</StartPosition>
			<StartPosition
				Name="Player_1_Start">
				<Position
					x="476.247"
					y="1423.83"
					z="0"/>
			</StartPosition>
			<StartPosition
				Name="Player_2_Start">
				<Position
					x="496"
					y="505"
					z="0"/>
			</StartPosition>
			<StartPosition
				Name="Player_3_Start">
				<Position
					x="1994"
					y="505"
					z="0"/>
			</StartPosition>
			<StartPosition
				Name="Player_4_Start">
				<Position
					x="1996.29"
					y="1445.04"
					z="0"/>
			</StartPosition>
			<StartPosition
				Name="Player_5_Start">
				<Position
					x="469.112"
					y="6045.57"
					z="0"/>
			</StartPosition>
			<StartPosition
				Name="Player_6_Start">
				<Position
					x="496"
					y="6995"
					z="0"/>
			</StartPosition>
			<StartPosition
				Name="Player_7_Start">
				<Position
					x="1994"
					y="6995"
					z="0"/>
			</StartPosition>
			<StartPosition
				Name="Player_8_Start">
				<Position
					x="2007.88"
					y="6054.5"
					z="0"/>
			</StartPosition>
		</MapMetaData>
		<EnvironmentData
			Cloud="TSCloudMed"
			Environment="EVDefault"
			Macro="TSNoiseUrb"/>
		<WorldDict>
			<RealProperty
				Key="cameraMaxHeight"
				Value="700"/>
			<RealProperty
				Key="cameraPitchAngle"
				Value="45.5"/>
			<BoolProperty
				Key="isLivingWorldScriptHolder"
				Value="false"/>
			<AssetIdProperty
				Key="musicZone"
				Value="MusicPalette_NotSet"/>
			<StringProperty
				Key="mapName"
				Value="MetaMod-Widefield2"/>
			<StringProperty
				Key="mapDescription"
				Value=""/>
			<IntProperty
				Key="compression"
				Value="1"/>
			<RealProperty
				Key="cameraGroundMinHeight"
				Value="0"/>
			<RealProperty
				Key="cameraGroundMaxHeight"
				Value="2560"/>
			<BoolProperty
				Key="isScenarioMultiplayer"
				Value="false"/>
			<IntProperty
				Key="weather"
				Value="0"/>
		</WorldDict>
	</GameMap>
	<TerrainTextureAtlas
		AllowLossyCompression="true"
		AtlasSize="2048"
		id="MetaModWidefield2">
		<Tile
			BaseTexture="ART:Terrain/CnC3Grid2.tga"
			NormalTexture="ART:Terrain/CnC3Grid2_nrm.tga"
			TextureID="522410948"/>
		<Tile
			BaseTexture="ART:Terrain/TGrass_China01.tga"
			NormalTexture="ART:Terrain/TGrass_China01_nrm.tga"
			TextureID="559324061"/>
		<Tile
			BaseTexture="ART:Terrain/TPave_Plaza01.tga"
			NormalTexture="ART:Terrain/TPave_Plaza01_nrm.tga"
			TextureID="1271898625"/>
		<Tile
			BaseTexture="ART:Terrain/TMisc_Tiberium01.tga"
			NormalTexture="ART:Terrain/TMisc_Tiberium01_nrm.tga"
			TextureID="1841339624"/>
	</TerrainTextureAtlas>
	<GameScriptList
		id="_neutral_">
		<ScriptSet>
			<Script
				id="BonusAreaTrigger">
				<Action
					Type="PLAYER_GIVE_MONEY">
					<ParameterList/>
				</Action>
				<Action
					Type="UNIT_AI_TRANSFER_ALL">
					<ParameterList/>
				</Action>
			</Script>
			<Script
				id="BonusAreaTrigger__1 1">
				<Action
					Type="UNIT_AI_TRANSFER_ALL">
					<ParameterList/>
				</Action>
			</Script>
			<ScriptGroup
				id="METAMOD_SCRIPTS">
				<Script
					id="METAMOD_MODSTATUS_RECEIVER">
					<Action
						Type="ENABLE_SCRIPT">
						<ParameterList/>
					</Action>
					<Action
						Type="ENABLE_SCRIPT">
						<ParameterList/>
					</Action>
					<Action
						Type="ENABLE_SCRIPT">
						<ParameterList/>
					</Action>
					<Action
						Type="ENABLE_SCRIPT">
						<ParameterList/>
					</Action>
					<Action
						Type="DISABLE_SCRIPT">
						<ParameterList/>
					</Action>
				</Script>
				<Script
					id="METAMOD_MAPSCRIPT_ACTIVE">
					<Action
						Type="SET_COUNTER">
						<ParameterList/>
					</Action>
				</Script>
				<Script
					id="METAMOD_CLICK_HERE_FOR_INFO">
					<Action
						Type="NO_OP">
						<ParameterList/>
					</Action>
				</Script>
				<ScriptGroup
					id="METAMOD_EXTENDED_DIPLOMACY">
					<Script
						id="METAMOD_EXTENDED_DIPLOMACY_ACTIVE">
						<Action
							Type="SET_COUNTER">
							<ParameterList/>
						</Action>
						<Action
							Type="SET_FLAG">
							<ParameterList/>
						</Action>
					</Script>
					<Script
						id="METAMOD_DIPLOMACY_COMMAND_COUNTER">
						<Action
							Type="SET_COUNTER">
							<ParameterList/>
						</Action>
					</Script>
					<Script
						id="METAMOD_DIPLOMACY_COMMANDCOUNTER_LISTENER">
						<Action
							Type="ENABLE_SCRIPT">
							<ParameterList/>
						</Action>
						<Action
							Type="ENABLE_SCRIPT">
							<ParameterList/>
						</Action>
						<Action
							Type="DISABLE_SCRIPT">
							<ParameterList/>
						</Action>
						<Action
							Type="DISABLE_SCRIPT">
							<ParameterList/>
						</Action>
					</Script>
					<ScriptGroup
						id="METAMOD_DIPLOMACY_RELATION_ENEMY">
						<Script
							id="METAMOD_DIPLOMACY_p1_p2_enemy">
							<Action
								Type="PLAYER_RELATES_PLAYER">
								<ParameterList/>
							</Action>
							<Action
								Type="PLAYER_RELATES_PLAYER">
								<ParameterList/>
							</Action>
							<Action
								Type="SET_COUNTER">
								<ParameterList/>
							</Action>
						</Script>
						<Script
							id="METAMOD_DIPLOMACY_p1_p3_enemy">
							<Action
								Type="PLAYER_RELATES_PLAYER">
								<ParameterList/>
							</Action>
							<Action
								Type="PLAYER_RELATES_PLAYER">
								<ParameterList/>
							</Action>
							<Action
								Type="SET_COUNTER">
								<ParameterList/>
							</Action>
						</Script>
						<Script
							id="METAMOD_DIPLOMACY_p1_p4_enemy">
							<Action
								Type="PLAYER_RELATES_PLAYER">
								<ParameterList/>
							</Action>
							<Action
								Type="PLAYER_RELATES_PLAYER">
								<ParameterList/>
							</Action>
							<Action
								Type="SET_COUNTER">
								<ParameterList/>
							</Action>
						</Script>
						<Script
							id="METAMOD_DIPLOMACY_p1_p5_enemy">
							<Action
								Type="PLAYER_RELATES_PLAYER">
								<ParameterList/>
							</Action>
							<Action
								Type="PLAYER_RELATES_PLAYER">
								<ParameterList/>
							</Action>
							<Action
								Type="SET_COUNTER">
								<ParameterList/>
							</Action>
						</Script>
						<Script
							id="METAMOD_DIPLOMACY_p1_p6_enemy">
							<Action
								Type="PLAYER_RELATES_PLAYER">
								<ParameterList/>
							</Action>
							<Action
								Type="PLAYER_RELATES_PLAYER">
								<ParameterList/>
							</Action>
							<Action
								Type="SET_COUNTER">
								<ParameterList/>
							</Action>
						</Script>
						<Script
							id="METAMOD_DIPLOMACY_p1_p7_enemy">
							<Action
								Type="PLAYER_RELATES_PLAYER">
								<ParameterList/>
							</Action>
							<Action
								Type="PLAYER_RELATES_PLAYER">
								<ParameterList/>
							</Action>
							<Action
								Type="SET_COUNTER">
								<ParameterList/>
							</Action>
						</Script>
						<Script
							id="METAMOD_DIPLOMACY_p1_p8_enemy">
							<Action
								Type="PLAYER_RELATES_PLAYER">
								<ParameterList/>
							</Action>
							<Action
								Type="PLAYER_RELATES_PLAYER">
								<ParameterList/>
							</Action>
							<Action
								Type="SET_COUNTER">
								<ParameterList/>
							</Action>
						</Script>
						<Script
							id="METAMOD_DIPLOMACY_p2_p3_enemy">
							<Action
								Type="PLAYER_RELATES_PLAYER">
								<ParameterList/>
							</Action>
							<Action
								Type="PLAYER_RELATES_PLAYER">
								<ParameterList/>
							</Action>
							<Action
								Type="SET_COUNTER">
								<ParameterList/>
							</Action>
						</Script>
						<Script
							id="METAMOD_DIPLOMACY_p2_p4_enemy">
							<Action
								Type="PLAYER_RELATES_PLAYER">
								<ParameterList/>
							</Action>
							<Action
								Type="PLAYER_RELATES_PLAYER">
								<ParameterList/>
							</Action>
							<Action
								Type="SET_COUNTER">
								<ParameterList/>
							</Action>
						</Script>
						<Script
							id="METAMOD_DIPLOMACY_p2_p5_enemy">
							<Action
								Type="PLAYER_RELATES_PLAYER">
								<ParameterList/>
							</Action>
							<Action
								Type="PLAYER_RELATES_PLAYER">
								<ParameterList/>
							</Action>
							<Action
								Type="SET_COUNTER">
								<ParameterList/>
							</Action>
						</Script>
						<Script
							id="METAMOD_DIPLOMACY_p2_p6_enemy">
							<Action
								Type="PLAYER_RELATES_PLAYER">
								<ParameterList/>
							</Action>
							<Action
								Type="PLAYER_RELATES_PLAYER">
								<ParameterList/>
							</Action>
							<Action
								Type="SET_COUNTER">
								<ParameterList/>
							</Action>
						</Script>
						<Script
							id="METAMOD_DIPLOMACY_p2_p7_enemy">
							<Action
								Type="PLAYER_RELATES_PLAYER">
								<ParameterList/>
							</Action>
							<Action
								Type="PLAYER_RELATES_PLAYER">
								<ParameterList/>
							</Action>
							<Action
								Type="SET_COUNTER">
								<ParameterList/>
							</Action>
						</Script>
						<Script
							id="METAMOD_DIPLOMACY_p2_p8_enemy">
							<Action
								Type="PLAYER_RELATES_PLAYER">
								<ParameterList/>
							</Action>
							<Action
								Type="PLAYER_RELATES_PLAYER">
								<ParameterList/>
							</Action>
							<Action
								Type="SET_COUNTER">
								<ParameterList/>
							</Action>
						</Script>
						<Script
							id="METAMOD_DIPLOMACY_p3_p4_enemy">
							<Action
								Type="PLAYER_RELATES_PLAYER">
								<ParameterList/>
							</Action>
							<Action
								Type="PLAYER_RELATES_PLAYER">
								<ParameterList/>
							</Action>
							<Action
								Type="SET_COUNTER">
								<ParameterList/>
							</Action>
						</Script>
						<Script
							id="METAMOD_DIPLOMACY_p3_p5_enemy">
							<Action
								Type="PLAYER_RELATES_PLAYER">
								<ParameterList/>
							</Action>
							<Action
								Type="PLAYER_RELATES_PLAYER">
								<ParameterList/>
							</Action>
							<Action
								Type="SET_COUNTER">
								<ParameterList/>
							</Action>
						</Script>
						<Script
							id="METAMOD_DIPLOMACY_p3_p6_enemy">
							<Action
								Type="PLAYER_RELATES_PLAYER">
								<ParameterList/>
							</Action>
							<Action
								Type="PLAYER_RELATES_PLAYER">
								<ParameterList/>
							</Action>
							<Action
								Type="SET_COUNTER">
								<ParameterList/>
							</Action>
						</Script>
						<Script
							id="METAMOD_DIPLOMACY_p3_p7_enemy">
							<Action
								Type="PLAYER_RELATES_PLAYER">
								<ParameterList/>
							</Action>
							<Action
								Type="PLAYER_RELATES_PLAYER">
								<ParameterList/>
							</Action>
							<Action
								Type="SET_COUNTER">
								<ParameterList/>
							</Action>
						</Script>
						<Script
							id="METAMOD_DIPLOMACY_p3_p8_enemy">
							<Action
								Type="PLAYER_RELATES_PLAYER">
								<ParameterList/>
							</Action>
							<Action
								Type="PLAYER_RELATES_PLAYER">
								<ParameterList/>
							</Action>
							<Action
								Type="SET_COUNTER">
								<ParameterList/>
							</Action>
						</Script>
						<Script
							id="METAMOD_DIPLOMACY_p4_p5_enemy">
							<Action
								Type="PLAYER_RELATES_PLAYER">
								<ParameterList/>
							</Action>
							<Action
								Type="PLAYER_RELATES_PLAYER">
								<ParameterList/>
							</Action>
							<Action
								Type="SET_COUNTER">
								<ParameterList/>
							</Action>
						</Script>
						<Script
							id="METAMOD_DIPLOMACY_p4_p6_enemy">
							<Action
								Type="PLAYER_RELATES_PLAYER">
								<ParameterList/>
							</Action>
							<Action
								Type="PLAYER_RELATES_PLAYER">
								<ParameterList/>
							</Action>
							<Action
								Type="SET_COUNTER">
								<ParameterList/>
							</Action>
						</Script>
						<Script
							id="METAMOD_DIPLOMACY_p4_p7_enemy">
							<Action
								Type="PLAYER_RELATES_PLAYER">
								<ParameterList/>
							</Action>
							<Action
								Type="PLAYER_RELATES_PLAYER">
								<ParameterList/>
							</Action>
							<Action
								Type="SET_COUNTER">
								<ParameterList/>
							</Action>
						</Script>
						<Script
							id="METAMOD_DIPLOMACY_p4_p8_enemy">
							<Action
								Type="PLAYER_RELATES_PLAYER">
								<ParameterList/>
							</Action>
							<Action
								Type="PLAYER_RELATES_PLAYER">
								<ParameterList/>
							</Action>
							<Action
								Type="SET_COUNTER">
								<ParameterList/>
							</Action>
						</Script>
						<Script
							id="METAMOD_DIPLOMACY_p5_p6_enemy">
							<Action
								Type="PLAYER_RELATES_PLAYER">
								<ParameterList/>
							</Action>
							<Action
								Type="PLAYER_RELATES_PLAYER">
								<ParameterList/>
							</Action>
							<Action
								Type="SET_COUNTER">
								<ParameterList/>
							</Action>
						</Script>
						<Script
							id="METAMOD_DIPLOMACY_p5_p7_enemy">
							<Action
								Type="PLAYER_RELATES_PLAYER">
								<ParameterList/>
							</Action>
							<Action
								Type="PLAYER_RELATES_PLAYER">
								<ParameterList/>
							</Action>
							<Action
								Type="SET_COUNTER">
								<ParameterList/>
							</Action>
						</Script>
						<Script
							id="METAMOD_DIPLOMACY_p5_p8_enemy">
							<Action
								Type="PLAYER_RELATES_PLAYER">
								<ParameterList/>
							</Action>
							<Action
								Type="PLAYER_RELATES_PLAYER">
								<ParameterList/>
							</Action>
							<Action
								Type="SET_COUNTER">
								<ParameterList/>
							</Action>
						</Script>
						<Script
							id="METAMOD_DIPLOMACY_p6_p7_enemy">
							<Action
								Type="PLAYER_RELATES_PLAYER">
								<ParameterList/>
							</Action>
							<Action
								Type="PLAYER_RELATES_PLAYER">
								<ParameterList/>
							</Action>
							<Action
								Type="SET_COUNTER">
								<ParameterList/>
							</Action>
						</Script>
						<Script
							id="METAMOD_DIPLOMACY_p6_p8_enemy">
							<Action
								Type="PLAYER_RELATES_PLAYER">
								<ParameterList/>
							</Action>
							<Action
								Type="PLAYER_RELATES_PLAYER">
								<ParameterList/>
							</Action>
							<Action
								Type="SET_COUNTER">
								<ParameterList/>
							</Action>
						</Script>
						<Script
							id="METAMOD_DIPLOMACY_p7_p8_enemy">
							<Action
								Type="PLAYER_RELATES_PLAYER">
								<ParameterList/>
							</Action>
							<Action
								Type="PLAYER_RELATES_PLAYER">
								<ParameterList/>
							</Action>
							<Action
								Type="SET_COUNTER">
								<ParameterList/>
							</Action>
						</Script>
					</ScriptGroup>
					<ScriptGroup
						id="METAMOD_DIPLOMACY_RELATION_NEUTRAL"/>
					<ScriptGroup
						id="METAMOD_DIPLOMACY_RELATION_FRIEND">
						<Script
							id="METAMOD_DIPLOMACY_p1_p2_friend">
							<Action
								Type="PLAYER_RELATES_PLAYER">
								<ParameterList/>
							</Action>
							<Action
								Type="PLAYER_RELATES_PLAYER">
								<ParameterList/>
							</Action>
							<Action
								Type="SET_COUNTER">
								<ParameterList/>
							</Action>
						</Script>
						<Script
							id="METAMOD_DIPLOMACY_p1_p3_friend">
							<Action
								Type="PLAYER_RELATES_PLAYER">
								<ParameterList/>
							</Action>
							<Action
								Type="PLAYER_RELATES_PLAYER">
								<ParameterList/>
							</Action>
							<Action
								Type="SET_COUNTER">
								<ParameterList/>
							</Action>
						</Script>
						<Script
							id="METAMOD_DIPLOMACY_p1_p4_friend">
							<Action
								Type="PLAYER_RELATES_PLAYER">
								<ParameterList/>
							</Action>
							<Action
								Type="PLAYER_RELATES_PLAYER">
								<ParameterList/>
							</Action>
							<Action
								Type="SET_COUNTER">
								<ParameterList/>
							</Action>
						</Script>
						<Script
							id="METAMOD_DIPLOMACY_p1_p5_friend">
							<Action
								Type="PLAYER_RELATES_PLAYER">
								<ParameterList/>
							</Action>
							<Action
								Type="PLAYER_RELATES_PLAYER">
								<ParameterList/>
							</Action>
							<Action
								Type="SET_COUNTER">
								<ParameterList/>
							</Action>
						</Script>
						<Script
							id="METAMOD_DIPLOMACY_p1_p6_friend">
							<Action
								Type="PLAYER_RELATES_PLAYER">
								<ParameterList/>
							</Action>
							<Action
								Type="PLAYER_RELATES_PLAYER">
								<ParameterList/>
							</Action>
							<Action
								Type="SET_COUNTER">
								<ParameterList/>
							</Action>
						</Script>
						<Script
							id="METAMOD_DIPLOMACY_p1_p7_friend">
							<Action
								Type="PLAYER_RELATES_PLAYER">
								<ParameterList/>
							</Action>
							<Action
								Type="PLAYER_RELATES_PLAYER">
								<ParameterList/>
							</Action>
							<Action
								Type="SET_COUNTER">
								<ParameterList/>
							</Action>
						</Script>
						<Script
							id="METAMOD_DIPLOMACY_p1_p8_friend">
							<Action
								Type="PLAYER_RELATES_PLAYER">
								<ParameterList/>
							</Action>
							<Action
								Type="PLAYER_RELATES_PLAYER">
								<ParameterList/>
							</Action>
							<Action
								Type="SET_COUNTER">
								<ParameterList/>
							</Action>
						</Script>
						<Script
							id="METAMOD_DIPLOMACY_p2_p3_friend">
							<Action
								Type="PLAYER_RELATES_PLAYER">
								<ParameterList/>
							</Action>
							<Action
								Type="PLAYER_RELATES_PLAYER">
								<ParameterList/>
							</Action>
							<Action
								Type="SET_COUNTER">
								<ParameterList/>
							</Action>
						</Script>
						<Script
							id="METAMOD_DIPLOMACY_p2_p4_friend">
							<Action
								Type="PLAYER_RELATES_PLAYER">
								<ParameterList/>
							</Action>
							<Action
								Type="PLAYER_RELATES_PLAYER">
								<ParameterList/>
							</Action>
							<Action
								Type="SET_COUNTER">
								<ParameterList/>
							</Action>
						</Script>
						<Script
							id="METAMOD_DIPLOMACY_p2_p5_friend">
							<Action
								Type="PLAYER_RELATES_PLAYER">
								<ParameterList/>
							</Action>
							<Action
								Type="PLAYER_RELATES_PLAYER">
								<ParameterList/>
							</Action>
							<Action
								Type="SET_COUNTER">
								<ParameterList/>
							</Action>
						</Script>
						<Script
							id="METAMOD_DIPLOMACY_p2_p6_friend">
							<Action
								Type="PLAYER_RELATES_PLAYER">
								<ParameterList/>
							</Action>
							<Action
								Type="PLAYER_RELATES_PLAYER">
								<ParameterList/>
							</Action>
							<Action
								Type="SET_COUNTER">
								<ParameterList/>
							</Action>
						</Script>
						<Script
							id="METAMOD_DIPLOMACY_p2_p7_friend">
							<Action
								Type="PLAYER_RELATES_PLAYER">
								<ParameterList/>
							</Action>
							<Action
								Type="PLAYER_RELATES_PLAYER">
								<ParameterList/>
							</Action>
							<Action
								Type="SET_COUNTER">
								<ParameterList/>
							</Action>
						</Script>
						<Script
							id="METAMOD_DIPLOMACY_p2_p8_friend">
							<Action
								Type="PLAYER_RELATES_PLAYER">
								<ParameterList/>
							</Action>
							<Action
								Type="PLAYER_RELATES_PLAYER">
								<ParameterList/>
							</Action>
							<Action
								Type="SET_COUNTER">
								<ParameterList/>
							</Action>
						</Script>
						<Script
							id="METAMOD_DIPLOMACY_p3_p4_friend">
							<Action
								Type="PLAYER_RELATES_PLAYER">
								<ParameterList/>
							</Action>
							<Action
								Type="PLAYER_RELATES_PLAYER">
								<ParameterList/>
							</Action>
							<Action
								Type="SET_COUNTER">
								<ParameterList/>
							</Action>
						</Script>
						<Script
							id="METAMOD_DIPLOMACY_p3_p5_friend">
							<Action
								Type="PLAYER_RELATES_PLAYER">
								<ParameterList/>
							</Action>
							<Action
								Type="PLAYER_RELATES_PLAYER">
								<ParameterList/>
							</Action>
							<Action
								Type="SET_COUNTER">
								<ParameterList/>
							</Action>
						</Script>
						<Script
							id="METAMOD_DIPLOMACY_p3_p6_friend">
							<Action
								Type="PLAYER_RELATES_PLAYER">
								<ParameterList/>
							</Action>
							<Action
								Type="PLAYER_RELATES_PLAYER">
								<ParameterList/>
							</Action>
							<Action
								Type="SET_COUNTER">
								<ParameterList/>
							</Action>
						</Script>
						<Script
							id="METAMOD_DIPLOMACY_p3_p7_friend">
							<Action
								Type="PLAYER_RELATES_PLAYER">
								<ParameterList/>
							</Action>
							<Action
								Type="PLAYER_RELATES_PLAYER">
								<ParameterList/>
							</Action>
							<Action
								Type="SET_COUNTER">
								<ParameterList/>
							</Action>
						</Script>
						<Script
							id="METAMOD_DIPLOMACY_p3_p8_friend">
							<Action
								Type="PLAYER_RELATES_PLAYER">
								<ParameterList/>
							</Action>
							<Action
								Type="PLAYER_RELATES_PLAYER">
								<ParameterList/>
							</Action>
							<Action
								Type="SET_COUNTER">
								<ParameterList/>
							</Action>
						</Script>
						<Script
							id="METAMOD_DIPLOMACY_p4_p5_friend">
							<Action
								Type="PLAYER_RELATES_PLAYER">
								<ParameterList/>
							</Action>
							<Action
								Type="PLAYER_RELATES_PLAYER">
								<ParameterList/>
							</Action>
							<Action
								Type="SET_COUNTER">
								<ParameterList/>
							</Action>
						</Script>
						<Script
							id="METAMOD_DIPLOMACY_p4_p6_friend">
							<Action
								Type="PLAYER_RELATES_PLAYER">
								<ParameterList/>
							</Action>
							<Action
								Type="PLAYER_RELATES_PLAYER">
								<ParameterList/>
							</Action>
							<Action
								Type="SET_COUNTER">
								<ParameterList/>
							</Action>
						</Script>
						<Script
							id="METAMOD_DIPLOMACY_p4_p7_friend">
							<Action
								Type="PLAYER_RELATES_PLAYER">
								<ParameterList/>
							</Action>
							<Action
								Type="PLAYER_RELATES_PLAYER">
								<ParameterList/>
							</Action>
							<Action
								Type="SET_COUNTER">
								<ParameterList/>
							</Action>
						</Script>
						<Script
							id="METAMOD_DIPLOMACY_p4_p8_friend">
							<Action
								Type="PLAYER_RELATES_PLAYER">
								<ParameterList/>
							</Action>
							<Action
								Type="PLAYER_RELATES_PLAYER">
								<ParameterList/>
							</Action>
							<Action
								Type="SET_COUNTER">
								<ParameterList/>
							</Action>
						</Script>
						<Script
							id="METAMOD_DIPLOMACY_p5_p6_friend">
							<Action
								Type="PLAYER_RELATES_PLAYER">
								<ParameterList/>
							</Action>
							<Action
								Type="PLAYER_RELATES_PLAYER">
								<ParameterList/>
							</Action>
							<Action
								Type="SET_COUNTER">
								<ParameterList/>
							</Action>
						</Script>
						<Script
							id="METAMOD_DIPLOMACY_p5_p7_friend">
							<Action
								Type="PLAYER_RELATES_PLAYER">
								<ParameterList/>
							</Action>
							<Action
								Type="PLAYER_RELATES_PLAYER">
								<ParameterList/>
							</Action>
							<Action
								Type="SET_COUNTER">
								<ParameterList/>
							</Action>
						</Script>
						<Script
							id="METAMOD_DIPLOMACY_p5_p8_friend">
							<Action
								Type="PLAYER_RELATES_PLAYER">
								<ParameterList/>
							</Action>
							<Action
								Type="PLAYER_RELATES_PLAYER">
								<ParameterList/>
							</Action>
							<Action
								Type="SET_COUNTER">
								<ParameterList/>
							</Action>
						</Script>
						<Script
							id="METAMOD_DIPLOMACY_p6_p7_friend">
							<Action
								Type="PLAYER_RELATES_PLAYER">
								<ParameterList/>
							</Action>
							<Action
								Type="PLAYER_RELATES_PLAYER">
								<ParameterList/>
							</Action>
							<Action
								Type="SET_COUNTER">
								<ParameterList/>
							</Action>
						</Script>
						<Script
							id="METAMOD_DIPLOMACY_p6_p8_friend">
							<Action
								Type="PLAYER_RELATES_PLAYER">
								<ParameterList/>
							</Action>
							<Action
								Type="PLAYER_RELATES_PLAYER">
								<ParameterList/>
							</Action>
							<Action
								Type="SET_COUNTER">
								<ParameterList/>
							</Action>
						</Script>
						<Script
							id="METAMOD_DIPLOMACY_p7_p8_friend">
							<Action
								Type="PLAYER_RELATES_PLAYER">
								<ParameterList/>
							</Action>
							<Action
								Type="PLAYER_RELATES_PLAYER">
								<ParameterList/>
							</Action>
							<Action
								Type="SET_COUNTER">
								<ParameterList/>
							</Action>
						</Script>
					</ScriptGroup>
				</ScriptGroup>
				<ScriptGroup
					id="METAMOD_ARTOFDEFENSE/TOWERDEFENSE">
					<Script
						id="METAMOD_ARTOFDEFENSE_ACTIVE">
						<Action
							Type="SET_COUNTER">
							<ParameterList/>
						</Action>
					</Script>
					<Script
						id="METAMOD_ARTOFDEFENSE_WAYPOINT_DISTANCE">
						<Action
							Type="SET_COUNTER">
							<ParameterList/>
						</Action>
					</Script>
					<Script
						id="METAMOD_TOWERDEFENSE_ACTIVE">
						<Action
							Type="SET_COUNTER">
							<ParameterList/>
						</Action>
					</Script>
					<Script
						id="METAMOD_TOWERDEFENSE_OBJECT_NAME">
						<Action
							Type="SET_UNIT_REFERENCE">
							<ParameterList/>
						</Action>
					</Script>
				</ScriptGroup>
				<ScriptGroup
					id="METAMOD_INFORMATION_COUNTERS">
					<Script
						id="METAMOD_INFORMATION_COUNTERS_REFRESH_COUNTER">
						<Action
							Type="SET_COUNTER">
							<ParameterList/>
						</Action>
					</Script>
					<Script
						id="METAMOD_INFORMATION_COUNTER_ACTIVATION_LISTENER">
						<Action
							Type="ENABLE_SCRIPT">
							<ParameterList/>
						</Action>
						<Action
							Type="ENABLE_SCRIPT">
							<ParameterList/>
						</Action>
						<Action
							Type="DISABLE_SCRIPT">
							<ParameterList/>
						</Action>
						<Action
							Type="DISABLE_SCRIPT">
							<ParameterList/>
						</Action>
					</Script>
					<Script
						id="METAMOD_REFRESH_PLAYER_MONEY_COUNTERS">
						<Action
							Type="SET_PLAYER_MONEY_TO_COUNTER">
							<ParameterList/>
						</Action>
						<Action
							Type="SET_PLAYER_MONEY_TO_COUNTER">
							<ParameterList/>
						</Action>
						<Action
							Type="SET_PLAYER_MONEY_TO_COUNTER">
							<ParameterList/>
						</Action>
						<Action
							Type="SET_PLAYER_MONEY_TO_COUNTER">
							<ParameterList/>
						</Action>
						<Action
							Type="SET_PLAYER_MONEY_TO_COUNTER">
							<ParameterList/>
						</Action>
						<Action
							Type="SET_PLAYER_MONEY_TO_COUNTER">
							<ParameterList/>
						</Action>
						<Action
							Type="SET_PLAYER_MONEY_TO_COUNTER">
							<ParameterList/>
						</Action>
						<Action
							Type="SET_PLAYER_MONEY_TO_COUNTER">
							<ParameterList/>
						</Action>
						<Action
							Type="SET_COUNTER">
							<ParameterList/>
						</Action>
					</Script>
					<Script
						id="METAMOD_REFRESH_PLAYER_KILL_COUNTERS">
						<Action
							Type="SET_PLAYER_KILLS_OF_KINDOF_TO_COUNTER">
							<ParameterList/>
						</Action>
						<Action
							Type="SET_PLAYER_KILLS_OF_KINDOF_TO_COUNTER">
							<ParameterList/>
						</Action>
						<Action
							Type="SET_PLAYER_KILLS_OF_KINDOF_TO_COUNTER">
							<ParameterList/>
						</Action>
						<Action
							Type="SET_PLAYER_KILLS_OF_KINDOF_TO_COUNTER">
							<ParameterList/>
						</Action>
						<Action
							Type="SET_PLAYER_KILLS_OF_KINDOF_TO_COUNTER">
							<ParameterList/>
						</Action>
						<Action
							Type="SET_PLAYER_KILLS_OF_KINDOF_TO_COUNTER">
							<ParameterList/>
						</Action>
						<Action
							Type="SET_PLAYER_KILLS_OF_KINDOF_TO_COUNTER">
							<ParameterList/>
						</Action>
						<Action
							Type="SET_PLAYER_KILLS_OF_KINDOF_TO_COUNTER">
							<ParameterList/>
						</Action>
						<Action
							Type="SET_PLAYER_KILLS_OF_KINDOF_TO_COUNTER">
							<ParameterList/>
						</Action>
						<Action
							Type="SET_PLAYER_KILLS_OF_KINDOF_TO_COUNTER">
							<ParameterList/>
						</Action>
						<Action
							Type="SET_PLAYER_KILLS_OF_KINDOF_TO_COUNTER">
							<ParameterList/>
						</Action>
						<Action
							Type="SET_PLAYER_KILLS_OF_KINDOF_TO_COUNTER">
							<ParameterList/>
						</Action>
						<Action
							Type="SET_PLAYER_KILLS_OF_KINDOF_TO_COUNTER">
							<ParameterList/>
						</Action>
						<Action
							Type="SET_PLAYER_KILLS_OF_KINDOF_TO_COUNTER">
							<ParameterList/>
						</Action>
						<Action
							Type="SET_PLAYER_KILLS_OF_KINDOF_TO_COUNTER">
							<ParameterList/>
						</Action>
						<Action
							Type="SET_PLAYER_KILLS_OF_KINDOF_TO_COUNTER">
							<ParameterList/>
						</Action>
						<Action
							Type="SET_PLAYER_KILLS_OF_KINDOF_TO_COUNTER">
							<ParameterList/>
						</Action>
						<Action
							Type="SET_PLAYER_KILLS_OF_KINDOF_TO_COUNTER">
							<ParameterList/>
						</Action>
						<Action
							Type="SET_PLAYER_KILLS_OF_KINDOF_TO_COUNTER">
							<ParameterList/>
						</Action>
						<Action
							Type="SET_PLAYER_KILLS_OF_KINDOF_TO_COUNTER">
							<ParameterList/>
						</Action>
						<Action
							Type="SET_PLAYER_KILLS_OF_KINDOF_TO_COUNTER">
							<ParameterList/>
						</Action>
						<Action
							Type="SET_PLAYER_KILLS_OF_KINDOF_TO_COUNTER">
							<ParameterList/>
						</Action>
						<Action
							Type="SET_PLAYER_KILLS_OF_KINDOF_TO_COUNTER">
							<ParameterList/>
						</Action>
						<Action
							Type="SET_PLAYER_KILLS_OF_KINDOF_TO_COUNTER">
							<ParameterList/>
						</Action>
						<Action
							Type="SET_COUNTER">
							<ParameterList/>
						</Action>
					</Script>
				</ScriptGroup>
				<ScriptGroup
					id="METAMOD_MISC">
					<Script
						id="RENEGADE_WARS_ACTIVE">
						<Action
							Type="SET_COUNTER">
							<ParameterList/>
						</Action>
					</Script>
					<ScriptGroup
						id="METAMOD_CHANGE_FPS">
						<Script
							id="METAMOD_FPS_COMMAND_COUNTER">
							<Action
								Type="SET_COUNTER">
								<ParameterList/>
							</Action>
						</Script>
						<Script
							id="METAMOD_CHANGE_FPS_LISTENER">
							<Action
								Type="ENABLE_SCRIPT">
								<ParameterList/>
							</Action>
							<Action
								Type="DISABLE_SCRIPT">
								<ParameterList/>
							</Action>
						</Script>
						<ScriptGroup
							id="METAMOD_FPS_COMMANDS">
							<Script
								id="METAMOD_FPS_30">
								<Action
									Type="SET_FPS_LIMIT">
									<ParameterList/>
								</Action>
								<Action
									Type="SET_COUNTER">
									<ParameterList/>
								</Action>
							</Script>
							<Script
								id="METAMOD_FPS_45">
								<Action
									Type="SET_FPS_LIMIT">
									<ParameterList/>
								</Action>
								<Action
									Type="SET_COUNTER">
									<ParameterList/>
								</Action>
							</Script>
							<Script
								id="METAMOD_FPS_60">
								<Action
									Type="SET_FPS_LIMIT">
									<ParameterList/>
								</Action>
								<Action
									Type="SET_COUNTER">
									<ParameterList/>
								</Action>
							</Script>
						</ScriptGroup>
					</ScriptGroup>
				</ScriptGroup>
			</ScriptGroup>
		</ScriptSet>
	</GameScriptList>
	<GameScriptList
		id="PlyrCivilian">
		<ScriptSet/>
	</GameScriptList>
	<GameScriptList
		id="PlyrCreeps">
		<ScriptSet/>
	</GameScriptList>
	<GameScriptList
		id="Skirmish">
		<ScriptSet/>
	</GameScriptList>
	<GameScriptList
		id="SkirmishNull">
		<ScriptSet/>
	</GameScriptList>
	<GameScriptList
		id="SkirmishCommentator">
		<ScriptSet/>
	</GameScriptList>
	<GameScriptList
		id="SkirmishCivilian">
		<ScriptSet/>
	</GameScriptList>
	<GameScriptList
		id="SkirmishNeutral">
		<ScriptSet/>
	</GameScriptList>
	<GameScriptList
		id="SkirmishGDI">
		<ScriptSet/>
	</GameScriptList>
	<GameScriptList
		id="SkirmishSteelTalons">
		<ScriptSet/>
	</GameScriptList>
	<GameScriptList
		id="SkirmishZOCOM">
		<ScriptSet/>
	</GameScriptList>
	<GameScriptList
		id="SkirmishNod">
		<ScriptSet/>
	</GameScriptList>
	<GameScriptList
		id="SkirmishBlackHand">
		<ScriptSet/>
	</GameScriptList>
	<GameScriptList
		id="SkirmishMarkedOfKane">
		<ScriptSet/>
	</GameScriptList>
	<GameScriptList
		id="SkirmishAlien">
		<ScriptSet/>
	</GameScriptList>
	<GameScriptList
		id="SkirmishReaper17">
		<ScriptSet/>
	</GameScriptList>
	<GameScriptList
		id="SkirmishTraveler59">
		<ScriptSet/>
	</GameScriptList>
	<GameScriptList
		id="Player_1">
		<ScriptSet/>
	</GameScriptList>
	<GameScriptList
		id="Player_2">
		<ScriptSet/>
	</GameScriptList>
	<GameScriptList
		id="Player_3">
		<ScriptSet/>
	</GameScriptList>
	<GameScriptList
		id="Player_4">
		<ScriptSet/>
	</GameScriptList>
	<GameScriptList
		id="Player_5">
		<ScriptSet/>
	</GameScriptList>
	<GameScriptList
		id="Player_6">
		<ScriptSet/>
	</GameScriptList>
	<GameScriptList
		id="Player_7">
		<ScriptSet/>
	</GameScriptList>
	<GameScriptList
		id="Player_8">
		<ScriptSet/>
	</GameScriptList>
</AssetDeclaration>