<?xml version="1.0" encoding="utf-8"?>
<AssetDeclaration xmlns="uri:ea.com:eala:asset">
	<GameObject
		id="MetaTechCommandPost"
		KindOf="SELECTABLE IMMOBILE CAN_CAST_REFLECTIONS STRUCTURE FS_TECHNOLOGY POWERED NOT_AUTOACQUIRABLE COVER FS_RADAR AUTO_ACQUIRABLE_BY_AI"
		Description="Desc:SteelTalonsCommandPost"
		TypeDescription="Type:GDICommandPost"
		RadarPriority="STRUCTURE"
		BuildCompletion="INVALID"
		FenceWidth="0"
		FenceXOffset="0"
		RemoveTerrainRadius="0"
		EmotionRange="0"
		PlacementViewAngle="315d"
		BuildFadeInOnCreateTimeSeconds="0s"
		FactoryExitWidth="0"
		FactoryExtraBibWidth="0"
		Side="MetaTech"
		EditorName="SteelTalonsCommandPost"
		EditorSorting="STRUCTURE"
		BountyValue="0"
		BuildTime="15"
		BuildFadeInOnCreateTime="0"
		EnergyProduction="-9"
		EnergyBonus="0"
		CommandSet="MetaTechCommandPostCommandSet"
		SelectPortrait="Portrait_GDICommandPost"
		ButtonImage="Portrait_GDICommandPost"
		VoicePriority="0"
		MinZIncreaseForVoiceMoveToHigherGround="-1"
		CrowdResponse=""
		CampnessValue="2000"
		CampnessValueRadius="300"
		Scale="1"
		HealthBoxScale="1.5"
		HealthBoxHeightOffset="10"
		OcclusionDelay="0"
		LiveCameraPitch="0"
		FormationWidth="1"
		FormationDepth="1"
		InstanceScaleFuzziness="0"
		ThreatRadius="-1"
		RamPower="0"
		RamZMult="1"
		ShockwaveResistance="0"
		CommandPoints="0"
		CommandPointBonus="0"
		VoiceAttackChargeTimeout="0"
		MaxDistanceForEngaged="0"
		EngagedStateTimeout="0"
		ThreatLevel="1"
		SlopeLimitIndex="0"
		PathfindDiameter="-1"
		SupplyOverride="0"
		DisplayMeleeDamage="-1"
		DisplayRangedDamage="-1"
		HeroSortOrder="2147483647"
		FiringArc="360"
		CamouflageDetectionMultiplier="1"
		SelectionPriority="2147483647"
		ProductionQueueType="MAIN_STRUCTURE"
		BuildPlacementTypeFlag="MAIN_STRUCTURE"
		BuildOnRequiredObjectKindOf=""
		UnitCategory="STRUCTURE"
		WeaponCategory="NONE"
		HasFiredRecentlyTime="2s"
		UnitTypeIcon=""
		ReinvisibilityDelay="4s"
		CaptureTime="0s"
		BuildCost="1500"
		RefundValue="0"
		ThreatValue="0"
		MaxSimultaneousOfType="0"
		TransportSlotCount="1"
		IsTrainable="True"
		IsForbidden="False"
		IsPrerequisite="False"
		IsGrabbable="False"
		IsHarvestable="False"
		StructureRubbleHeight="0"
		ForceLuaRegistration="False"
		ShowHealthInSelectionDecal="False"
		KeepSelectableWhenDead="False"
		IsAutoBuilt="False"
		CanPathThroughGates="True"
		ShouldClearShotsOnIdle="False"
		BuildInProximityToSamePlayerStucture="True">
		<EquivalentTo>SteelTalonsCommandPost</EquivalentTo>
		<EquivalentTo>ZOCOMCommandPost</EquivalentTo>
		<EquivalentTo>NODOperationsCenter</EquivalentTo>
		<EquivalentTo>BlackHandOperationsCenter</EquivalentTo>
		<EquivalentTo>AlienControlCenter</EquivalentTo>	
		<EquivalentTo>MarkedOfKaneOperationsCenter</EquivalentTo>	
		<EquivalentTo>Traveler59ControlCenter</EquivalentTo>		
		<DisplayName>Name:GDICommandPost</DisplayName>
		<GameDependency
			RequiredModelConditionsAny=""
			ForbiddenModelConditions=""
			RequiredObjectStatusAny="">
			<RequiredObject>SteelTalonsPowerPlant</RequiredObject>
			<RequiredObject>SteelTalonsRefinery</RequiredObject>
		</GameDependency>
		<ArmorSet
			Armor="GDICommandPostArmor"
			DamageFX="FactionStructureDamageFX"
			Conditions="" />
		<ArmorSet
			Armor="GDICommandPostSonicRepulsionFieldArmor"
			DamageFX="NormalDamageFX"
			Conditions="PLAYER_UPGRADE" />
		<SkirmishAIInformation
			BaseBuildingLocation="SPREAD"
			ConquerMetricsOverrideDamageType="UNDEFINED"
			ConquerMetricsOverrideAntiMask="ANTI_GROUND"
			UnitBuilderStandardCombatUnit="False" />
		<Draws>
			<ScriptedModelDraw
				id="50DF2C46"
				RecoilDamping="0.4"
				MaxRecoilDistance="3"
				InitialRecoilSpeed="2"
				RecoilSettleSpeed="0.065"
				MinLODRequired="LOW"
				ProjectileBoneFeedbackEnabledSlots=""
				TrackMarks=""
				DependencySharedModelFlags=""
				HighDetailLODThreshold="0"
				LowDetailLODThreshold="0"
				WadingParticleSys=""
				AlphaCameraFadeOuterRadius="0"
				AlphaCameraFadeInnerRadius="0"
				AlphaCameraAtInnerRadius="100%"
				StaticSortLevelWhileFading="-1"
				BirthFadeTime="0"
				OkToChangeModelColor="True"
				AnimationsRequirePower="True"
				UseYAxisForTurretRotation="False"
				TrackMarksOnlyWhenCorneringQuickly="False"
				UseProducerTexture="False"
				NoRotate="False"
				UseFiringArcRotation="False"
				Selectable="True"
				RandomTextureFixedRandomIndex="False"
				ParticlesAttachedToAnimatedBones="False"
				ParticleBonesCheckDrawable="False"
				ShadowForceDisable="False"
				SwitchModelLODMode="False"
				StaticModelLODMode="False"
				ShowShadowWhileContained="False"
				UseStandardModelNames="False"
				UseDefaultAnimation="False"
				BirthFadeAdditive="False"
				ZWriteDisableOverride="False"
				MultiPlayerOnly="False"
				AffectedByStealth="True"
				InvertStealthOpacity="False"
				HighDetailOnly="False"
				SetAnimsToLastFrameOnConstructionComplete="True">
				<ModelConditionState
					ParseCondStateType="PARSE_DEFAULT"
					PortraitImage=""
					ButtonImage=""
					RetainSubObjects="False">
					<Model
						Name="GBCOMPOST"
						ExtraMesh="False" />
				</ModelConditionState>
				<ModelConditionState
					ParseCondStateType="PARSE_NORMAL"
					ConditionsYes="STRUCTURE_UNPACKING"
					PortraitImage=""
					ButtonImage=""
					RetainSubObjects="False">
					<Model
						Name="GBCOMPOST_ASKN"
						ExtraMesh="False" />
				</ModelConditionState>
				<ModelConditionState
					ParseCondStateType="PARSE_NORMAL"
					ConditionsYes="RUBBLE"
					PortraitImage=""
					ButtonImage=""
					RetainSubObjects="False">
					<Model
						Name="GBCOMPOSTD3_SN"
						ExtraMesh="False" />
				</ModelConditionState>
				<ModelConditionState
					ParseCondStateType="PARSE_NORMAL"
					ConditionsYes="REALLYDAMAGED"
					PortraitImage=""
					ButtonImage=""
					RetainSubObjects="False">
					<Model
						Name="GBCOMPOSTD2_SN"
						ExtraMesh="False" />
				</ModelConditionState>
				<ModelConditionState
					ParseCondStateType="PARSE_NORMAL"
					ConditionsYes="DAMAGED"
					PortraitImage=""
					ButtonImage=""
					RetainSubObjects="False">
					<Model
						Name="GBCOMPOST"
						ExtraMesh="False" />
					<Texture
						Original="GBCommandPost"
						New="GBCommandPostD" />
				</ModelConditionState>
				<AnimationState
					ParseCondStateType="PARSE_DEFAULT"
					EnteringStateFX=""
					FrameForPristineBonePositions="0"
					ShareAnimation="False"
					AllowRepeatInRandomPick="False"
					SimilarRestart="False" />
				<AnimationState
					ParseCondStateType="PARSE_NORMAL"
					ConditionsYes="BUILD_PLACEMENT_CURSOR"
					EnteringStateFX=""
					FrameForPristineBonePositions="0"
					ShareAnimation="False"
					AllowRepeatInRandomPick="False"
					SimilarRestart="False">
					<Script>
						CurDrawableHideSubObject("UG_Scan")
						CurDrawableHideSubObject("UG_Scan01")
						CurDrawableHideSubObject("UG_Scan02")
						CurDrawableHideSubObject("UG_StealthDetector")
						CurDrawableHideSubObject("UG_StealthDetector01")
						CurDrawableHideSubObject("UG_StealthDetector02")
						CurDrawableHideSubObject("UG_StealthDetector03")
						CurDrawableHideSubObject("UG_APAmmo")
						CurDrawableHideSubObject("UG_APAmmo01")
						CurDrawableHideSubObject("UG_APAmmo02")
					</Script>
				</AnimationState>
				<AnimationState
					ParseCondStateType="PARSE_NORMAL"
					ConditionsYes="STRUCTURE_UNPACKING"
					EnteringStateFX=""
					FrameForPristineBonePositions="0"
					ShareAnimation="False"
					AllowRepeatInRandomPick="False"
					SimilarRestart="False">
					<Animation
						AnimationName="GBCOMPOST_AAN"
						AnimationMode="ONCE"
						Distance="0"
						AnimationBlendTime="5"
						AnimationSpeedFactorMin="1"
						AnimationSpeedFactorMax="1"
						WeaponTimingOrdering="PRIMARY_WEAPON"
						WeaponTimingSlotID="1"
						AnimationPriority="1"
						FadeBeginFrame="-1"
						FadeEndFrame="-1"
						AnimationMustCompleteBlend="False"
						UseWeaponTiming="False"
						FadingIn="False" />
					<ParticleSysBone
						BoneName="NONE"
						FXParticleSystemTemplate="Con_Medium"
						PersistID="0"
						FollowBone="True"
						OnlyIfOnWater="False"
						OnlyIfOnLand="False" />
				</AnimationState>
				<AnimationState
					ParseCondStateType="PARSE_NORMAL"
					ConditionsYes="RUBBLE"
					StateName="STATE_Rubble"
					Flags="START_FRAME_LAST"
					EnteringStateFX=""
					FrameForPristineBonePositions="0"
					ShareAnimation="False"
					AllowRepeatInRandomPick="False"
					SimilarRestart="False">
					<Animation
						AnimationName="GBCOMPOSTD3_AN"
						AnimationMode="MANUAL"
						Distance="0"
						AnimationBlendTime="5"
						AnimationSpeedFactorMin="1"
						AnimationSpeedFactorMax="1"
						WeaponTimingOrdering="PRIMARY_WEAPON"
						WeaponTimingSlotID="1"
						AnimationPriority="1"
						FadeBeginFrame="-1"
						FadeEndFrame="-1"
						AnimationMustCompleteBlend="False"
						UseWeaponTiming="False"
						FadingIn="False" />
					<Script>
						Prev = CurDrawablePrevAnimationState();
						if Prev ~= "STATE_Rubble" and Prev ~= "TRANS_IntoRubble" then
						CurDrawableSetTransitionAnimState("TRANS_IntoRubble")
						end
					</Script>
					<ParticleSysBone
						BoneName="NONE"
						FXParticleSystemTemplate="Des_Medium"
						PersistID="0"
						FollowBone="False"
						OnlyIfOnWater="False"
						OnlyIfOnLand="False" />
				</AnimationState>
				<AnimationState
					ParseCondStateType="PARSE_NORMAL"
					ConditionsYes="REALLYDAMAGED"
					StateName="STATE_ReallyDamaged"
					Flags="START_FRAME_LAST"
					EnteringStateFX=""
					FrameForPristineBonePositions="0"
					ShareAnimation="False"
					AllowRepeatInRandomPick="False"
					SimilarRestart="False">
					<Animation
						AnimationName="GBCOMPOSTD2_AN"
						AnimationMode="MANUAL"
						Distance="0"
						AnimationBlendTime="5"
						AnimationSpeedFactorMin="1"
						AnimationSpeedFactorMax="1"
						WeaponTimingOrdering="PRIMARY_WEAPON"
						WeaponTimingSlotID="1"
						AnimationPriority="1"
						FadeBeginFrame="-1"
						FadeEndFrame="-1"
						AnimationMustCompleteBlend="False"
						UseWeaponTiming="False"
						FadingIn="False" />
					<Script>
						Prev = CurDrawablePrevAnimationState();
						if Prev ~= "STATE_ReallyDamaged" and Prev ~= "TRANS_IntoReallyDamaged" then
						CurDrawableSetTransitionAnimState("TRANS_IntoReallyDamaged")
						end
					</Script>
				</AnimationState>
				<AnimationState
					ParseCondStateType="PARSE_TRANSITION"
					StateName="TRANS_IntoReallyDamaged"
					EnteringStateFX=""
					FrameForPristineBonePositions="0"
					ShareAnimation="False"
					AllowRepeatInRandomPick="False"
					SimilarRestart="False">
					<Animation
						AnimationName="GBCOMPOSTD2_AN"
						AnimationMode="ONCE"
						Distance="0"
						AnimationBlendTime="0"
						AnimationSpeedFactorMin="1"
						AnimationSpeedFactorMax="1"
						WeaponTimingOrdering="PRIMARY_WEAPON"
						WeaponTimingSlotID="1"
						AnimationPriority="1"
						FadeBeginFrame="-1"
						FadeEndFrame="-1"
						AnimationMustCompleteBlend="False"
						UseWeaponTiming="False"
						FadingIn="False" />
				</AnimationState>
				<AnimationState
					ParseCondStateType="PARSE_TRANSITION"
					StateName="TRANS_IntoRubble"
					EnteringStateFX=""
					FrameForPristineBonePositions="0"
					ShareAnimation="False"
					AllowRepeatInRandomPick="False"
					SimilarRestart="False">
					<Animation
						AnimationName="GBCOMPOSTD3_AN"
						AnimationMode="ONCE"
						Distance="0"
						AnimationBlendTime="0"
						AnimationSpeedFactorMin="1"
						AnimationSpeedFactorMax="1"
						WeaponTimingOrdering="PRIMARY_WEAPON"
						WeaponTimingSlotID="1"
						AnimationPriority="1"
						FadeBeginFrame="-1"
						FadeEndFrame="-1"
						AnimationMustCompleteBlend="False"
						UseWeaponTiming="False"
						FadingIn="False" />
				</AnimationState>
			</ScriptedModelDraw>
			<ScriptedModelDraw
				id="3ADDB6E9"
				RecoilDamping="0.4"
				MaxRecoilDistance="3"
				InitialRecoilSpeed="2"
				RecoilSettleSpeed="0.065"
				MinLODRequired="LOW"
				ProjectileBoneFeedbackEnabledSlots=""
				TrackMarks=""
				DependencySharedModelFlags=""
				HighDetailLODThreshold="0"
				LowDetailLODThreshold="0"
				WadingParticleSys=""
				AlphaCameraFadeOuterRadius="0"
				AlphaCameraFadeInnerRadius="0"
				AlphaCameraAtInnerRadius="100%"
				StaticSortLevelWhileFading="-1"
				BirthFadeTime="0"
				OkToChangeModelColor="True"
				AnimationsRequirePower="True"
				UseYAxisForTurretRotation="False"
				TrackMarksOnlyWhenCorneringQuickly="False"
				UseProducerTexture="False"
				NoRotate="False"
				UseFiringArcRotation="False"
				Selectable="True"
				RandomTextureFixedRandomIndex="False"
				ParticlesAttachedToAnimatedBones="False"
				ParticleBonesCheckDrawable="False"
				ShadowForceDisable="False"
				SwitchModelLODMode="False"
				StaticModelLODMode="False"
				ShowShadowWhileContained="False"
				UseStandardModelNames="False"
				UseDefaultAnimation="False"
				BirthFadeAdditive="False"
				ZWriteDisableOverride="False"
				MultiPlayerOnly="False"
				AffectedByStealth="True"
				InvertStealthOpacity="False"
				HighDetailOnly="False"
				SetAnimsToLastFrameOnConstructionComplete="True">
				<ModelConditionState
					ParseCondStateType="PARSE_DEFAULT"
					PortraitImage=""
					ButtonImage=""
					RetainSubObjects="False">
					<Model
						Name="GBCOMPOST_RDR"
						ExtraMesh="False" />
				</ModelConditionState>
				<ModelConditionState
					ParseCondStateType="PARSE_NORMAL"
					ConditionsYes="STRUCTURE_UNPACKING"
					PortraitImage=""
					ButtonImage=""
					RetainSubObjects="False">
					<Model
						Name="GBCOMPOST_RDRA"
						ExtraMesh="False" />
				</ModelConditionState>
				<ModelConditionState
					ParseCondStateType="PARSE_NORMAL"
					ConditionsYes="DAMAGED"
					PortraitImage=""
					ButtonImage=""
					RetainSubObjects="False">
					<Model
						Name="GBCOMPOST_RDRD"
						ExtraMesh="False" />
				</ModelConditionState>
				<ModelConditionState
					ParseCondStateType="PARSE_NORMAL"
					ConditionsYes="REALLYDAMAGED"
					PortraitImage=""
					ButtonImage=""
					RetainSubObjects="False">
					<Model
						Name="GBCOMPOST_RDRD"
						ExtraMesh="False" />
				</ModelConditionState>
				<ModelConditionState
					ParseCondStateType="PARSE_NORMAL"
					ConditionsYes="DYING"
					PortraitImage=""
					ButtonImage=""
					RetainSubObjects="False">
					<Model
						Name="NBEMPTY_ABLD"
						ExtraMesh="False" />
				</ModelConditionState>
				<AnimationState
					ParseCondStateType="PARSE_DEFAULT"
					Flags="MAINTAIN_FRAME_ACROSS_STATES DO_NOT_PLAY_WHEN_UNPOWERED"
					EnteringStateFX=""
					FrameForPristineBonePositions="0"
					ShareAnimation="False"
					AllowRepeatInRandomPick="False"
					SimilarRestart="False">
					<Animation
						AnimationName="GBCOMPOST_RDR"
						AnimationMode="LOOP"
						Distance="0"
						AnimationBlendTime="5"
						AnimationSpeedFactorMin="1"
						AnimationSpeedFactorMax="1"
						WeaponTimingOrdering="PRIMARY_WEAPON"
						WeaponTimingSlotID="1"
						AnimationPriority="1"
						FadeBeginFrame="-1"
						FadeEndFrame="-1"
						AnimationMustCompleteBlend="False"
						UseWeaponTiming="False"
						FadingIn="False" />
				</AnimationState>
				<AnimationState
					ParseCondStateType="PARSE_NORMAL"
					ConditionsYes="STRUCTURE_UNPACKING"
					EnteringStateFX=""
					FrameForPristineBonePositions="0"
					ShareAnimation="False"
					AllowRepeatInRandomPick="False"
					SimilarRestart="False">
					<Animation
						AnimationName="GBCOMPOST_RDRA"
						AnimationMode="ONCE"
						Distance="0"
						AnimationBlendTime="5"
						AnimationSpeedFactorMin="1"
						AnimationSpeedFactorMax="1"
						WeaponTimingOrdering="PRIMARY_WEAPON"
						WeaponTimingSlotID="1"
						AnimationPriority="1"
						FadeBeginFrame="-1"
						FadeEndFrame="-1"
						AnimationMustCompleteBlend="False"
						UseWeaponTiming="False"
						FadingIn="False" />
				</AnimationState>
				<AnimationState
					ParseCondStateType="PARSE_NORMAL"
					ConditionsYes="DYING"
					EnteringStateFX=""
					FrameForPristineBonePositions="0"
					ShareAnimation="False"
					AllowRepeatInRandomPick="False"
					SimilarRestart="False" />
				<AnimationState
					ParseCondStateType="PARSE_NORMAL"
					ConditionsYes="DAMAGED"
					StateName="STATE_Damaged"
					Flags="MAINTAIN_FRAME_ACROSS_STATES DO_NOT_PLAY_WHEN_UNPOWERED"
					EnteringStateFX=""
					FrameForPristineBonePositions="0"
					ShareAnimation="False"
					AllowRepeatInRandomPick="False"
					SimilarRestart="False">
					<Animation
						AnimationName="GBCOMPOST_RDRD"
						AnimationMode="LOOP"
						Distance="0"
						AnimationBlendTime="5"
						AnimationSpeedFactorMin="1"
						AnimationSpeedFactorMax="1"
						WeaponTimingOrdering="PRIMARY_WEAPON"
						WeaponTimingSlotID="1"
						AnimationPriority="1"
						FadeBeginFrame="-1"
						FadeEndFrame="-1"
						AnimationMustCompleteBlend="False"
						UseWeaponTiming="False"
						FadingIn="False" />
				</AnimationState>
				<AnimationState
					ParseCondStateType="PARSE_NORMAL"
					ConditionsYes="REALLYDAMAGED"
					StateName="STATE_ReallyDamaged"
					Flags="MAINTAIN_FRAME_ACROSS_STATES DO_NOT_PLAY_WHEN_UNPOWERED"
					EnteringStateFX=""
					FrameForPristineBonePositions="0"
					ShareAnimation="False"
					AllowRepeatInRandomPick="False"
					SimilarRestart="False">
					<Animation
						AnimationName="GBCOMPOST_RDRD"
						AnimationMode="LOOP"
						Distance="0"
						AnimationBlendTime="5"
						AnimationSpeedFactorMin="1"
						AnimationSpeedFactorMax="1"
						WeaponTimingOrdering="PRIMARY_WEAPON"
						WeaponTimingSlotID="1"
						AnimationPriority="1"
						FadeBeginFrame="-1"
						FadeEndFrame="-1"
						AnimationMustCompleteBlend="False"
						UseWeaponTiming="False"
						FadingIn="False" />
				</AnimationState>
			</ScriptedModelDraw>
			<ScriptedModelDraw
				id="CD182A15"
				RecoilDamping="0.4"
				MaxRecoilDistance="3"
				InitialRecoilSpeed="2"
				RecoilSettleSpeed="0.065"
				MinLODRequired="LOW"
				ProjectileBoneFeedbackEnabledSlots=""
				TrackMarks=""
				DependencySharedModelFlags=""
				HighDetailLODThreshold="0"
				LowDetailLODThreshold="0"
				WadingParticleSys=""
				AlphaCameraFadeOuterRadius="0"
				AlphaCameraFadeInnerRadius="0"
				AlphaCameraAtInnerRadius="100%"
				StaticSortLevelWhileFading="-1"
				BirthFadeTime="0"
				OkToChangeModelColor="True"
				AnimationsRequirePower="True"
				UseYAxisForTurretRotation="False"
				TrackMarksOnlyWhenCorneringQuickly="False"
				UseProducerTexture="False"
				NoRotate="False"
				UseFiringArcRotation="False"
				Selectable="True"
				RandomTextureFixedRandomIndex="False"
				ParticlesAttachedToAnimatedBones="False"
				ParticleBonesCheckDrawable="False"
				ShadowForceDisable="False"
				SwitchModelLODMode="False"
				StaticModelLODMode="True"
				ShowShadowWhileContained="False"
				UseStandardModelNames="True"
				UseDefaultAnimation="False"
				BirthFadeAdditive="False"
				ZWriteDisableOverride="False"
				MultiPlayerOnly="False"
				AffectedByStealth="True"
				InvertStealthOpacity="False"
				HighDetailOnly="False"
				SetAnimsToLastFrameOnConstructionComplete="True">
				<ModelConditionState
					ParseCondStateType="PARSE_DEFAULT"
					PortraitImage=""
					ButtonImage=""
					RetainSubObjects="False">
					<Model
						Name=""
						ExtraMesh="False" />
				</ModelConditionState>
				<ModelConditionState
					ParseCondStateType="PARSE_NORMAL"
					ConditionsYes="USER_6 DYING"
					PortraitImage=""
					ButtonImage=""
					RetainSubObjects="False">
					<Model
						Name=""
						ExtraMesh="False" />
				</ModelConditionState>
				<ModelConditionState
					ParseCondStateType="PARSE_NORMAL"
					ConditionsYes="USER_6 REALLYDAMAGED"
					PortraitImage=""
					ButtonImage=""
					RetainSubObjects="False">
					<Model
						Name=""
						ExtraMesh="False" />
				</ModelConditionState>
				<ModelConditionState
					ParseCondStateType="PARSE_NORMAL"
					ConditionsYes="USER_6 DAMAGED"
					PortraitImage=""
					ButtonImage=""
					RetainSubObjects="False">
					<Model
						Name=""
						ExtraMesh="False" />
				</ModelConditionState>
				<ModelConditionState
					ParseCondStateType="PARSE_NORMAL"
					ConditionsYes="USER_6"
					PortraitImage=""
					ButtonImage=""
					RetainSubObjects="False">
					<Model
						Name="GBCOMPOSTSRF_SKN"
						ExtraMesh="False" />
				</ModelConditionState>
			</ScriptedModelDraw>
		</Draws>
		<Behaviors>
			<AttributeModifierPoolUpdate
				id="513BC476" />
			<FireWeaponWhenDead
				id="DDED328F"
				RequiresAllTriggers="False"
				RequiresAllConflictingTriggers="False"
				Permanent="False"
				WaypointMode="False"
				WaypointModeTerminal="True"
				DelayTime="0s"
				DeathWeapon="CatalystBuildingDeathWeapon"
				FocusFireKindOfFlag=""
				InitiallyActive="True"
				ActiveDuringConstruction="False"
				ContinueToBezierDestination="False">
				<DieMuxData
					ExemptStatus=""
					RequiredStatus=""
					DamageAmountRequired="-1"
					MinKillerAngle="0.9999999d"
					MaxKillerAngle="-0.9999999d"
					DeathTypes="CATALYST"
					DeathTypesForbidden="" />
			</FireWeaponWhenDead>
			<TemporarilyDefectUpdate
				id="3473AFD2"
				DefectionFrameCount="100" />
			<ModelConditionUpgrade
				id="931C692F"
				RequiresAllTriggers="False"
				RequiresAllConflictingTriggers="False"
				Permanent="False"
				WaypointMode="False"
				WaypointModeTerminal="True"
				AddConditionFlags="USER_6"
				RemoveConditionFlags=""
				AddTempConditionFlag="TOPPLED"
				TempConditionTime="0s">
				<TriggeredBy>Upgrade_SonicRepulsionField</TriggeredBy>
			</ModelConditionUpgrade>
			<SubObjectsUpgrade
				id="AAD9DED5"
				RequiresAllTriggers="False"
				RequiresAllConflictingTriggers="False"
				Permanent="False"
				WaypointMode="False"
				WaypointModeTerminal="True"
				ShowSubObjects="UG_StealthDetector UG_StealthDetector01 UG_StealthDetector02 UG_StealthDetector03"
				FadeTimeInSeconds="0.5"
				WaitBeforeFadeInSeconds="0"
				RecolorHouse="False"
				SkipFadeOnCreate="False"
				HideSubObjectsOnRemove="False"
				UnHideSubObjectsOnRemove="False">
				<CustomAnimAndDuration
					AnimState="USER_1"
					Frames="0"
					Trigger="0" />
				<TriggeredBy>Upgrade_OrcaSensorPod</TriggeredBy>
			</SubObjectsUpgrade>
			<SubObjectsUpgrade
				id="E109DF3F"
				RequiresAllTriggers="False"
				RequiresAllConflictingTriggers="False"
				Permanent="False"
				WaypointMode="False"
				WaypointModeTerminal="True"
				ShowSubObjects="UG_Scan UG_Scan01 UG_Scan02"
				FadeTimeInSeconds="0.5"
				WaitBeforeFadeInSeconds="0"
				RecolorHouse="False"
				SkipFadeOnCreate="False"
				HideSubObjectsOnRemove="False"
				UnHideSubObjectsOnRemove="False">
				<CustomAnimAndDuration
					AnimState="USER_1"
					Frames="0"
					Trigger="0" />
				<TriggeredBy>Upgrade_ZoneTrooperScannerPack</TriggeredBy>
			</SubObjectsUpgrade>
			<SubObjectsUpgrade
				id="2F104940"
				RequiresAllTriggers="False"
				RequiresAllConflictingTriggers="False"
				Permanent="False"
				WaypointMode="False"
				WaypointModeTerminal="True"
				ShowSubObjects="UG_APAmmo UG_APAmmo01 UG_APAmmo02"
				FadeTimeInSeconds="0.5"
				WaitBeforeFadeInSeconds="0"
				RecolorHouse="False"
				SkipFadeOnCreate="False"
				HideSubObjectsOnRemove="False"
				UnHideSubObjectsOnRemove="False">
				<CustomAnimAndDuration
					AnimState="USER_1"
					Frames="0"
					Trigger="0" />
				<TriggeredBy>Upgrade_GDIAPAmmo</TriggeredBy>
			</SubObjectsUpgrade>
			<SlowDeath
				id="73542D4A"
				SinkRate="4"
				ProbabilityModifier="10"
				ModifierBonusPerOverkillPercent="0%"
				SinkDelay="3s"
				SinkDelayVariance="0s"
				DestructionDelay="8s"
				DestructionDelayVariance="0s"
				DecayBeginTime="0s"
				FlingForce="0"
				FlingForceVariance="0"
				FlingPitch="0d"
				FlingPitchVariance="0d"
				DeathFlags=""
				FadeTime="0s"
				FadeDelay="0s"
				DeathTypes=""
				DeathObjectStatusBits=""
				ShadowWhenDead="False"
				Fade="False">
				<Sound
					Type="INITIAL"
					List="HumanFaction_MediumBuilding_DieMS" />
				<DieMuxData
					ExemptStatus=""
					RequiredStatus=""
					DamageAmountRequired="-1"
					MinKillerAngle="0.9999999d"
					MaxKillerAngle="-0.9999999d"
					DeathTypes="ALL"
					DeathTypesForbidden="" />
			</SlowDeath>
			<FXListBehavior
				id="C74C39D8">
				<DieMuxData
					ExemptStatus=""
					RequiredStatus=""
					DamageAmountRequired="-1"
					MinKillerAngle="0.9999999d"
					MaxKillerAngle="-0.9999999d"
					DeathTypes="ALL"
					DeathTypesForbidden="" />
				<Event
					Index="onTransitionToDamaged"
					FX="FX_BuildDamaged_Medium"
					MinThreshold="0"
					MaxThreshold="0"
					Direction="Default"
					OrientToObject="True"
					ForceUseDoFXObj="False" />
				<Event
					Index="onTransitionToReallyDamaged"
					FX="FX_BuildDamaged_Medium"
					MinThreshold="0"
					MaxThreshold="0"
					Direction="Default"
					OrientToObject="True"
					ForceUseDoFXObj="False" />
				<Event
					Index="onTransitionToRubble"
					FX="FX_BuildRubble_Medium"
					MinThreshold="0"
					MaxThreshold="0"
					Direction="Default"
					OrientToObject="True"
					ForceUseDoFXObj="False" />
			</FXListBehavior>
			<StructureUnpackUpdate
				UnpackTime="1.5s" />
			<OCLSpecialPower
				id="FC920AA9"
				SpecialPowerTemplate="SpecialPowerRadarScan"
				AntiCategory=""
				AntiFX=""
				AttributeModifier=""
				AttributeModifierRange="0"
				AttributeModifierFX=""
				WeatherDuration="0"
				InitiateFX=""
				TriggerFX=""
				SetModelCondition="TOPPLED"
				SetModelConditionTime="0s"
				GiveLevels="0"
				ChangeWeather="NORMAL"
				OnTriggerRechargeSpecialPower=""
				BurnDecayModifier="0"
				MaxDistanceFromCommandCenter="0"
				UpdateModuleStartsAttack="False"
				StartsPaused="False"
				ReEnableAntiCategory="False"
				AttributeModifierAffectsSelf="False"
				AttributeModifierWeatherBased="False"
				TargetEnemy="False"
				TargetAllSides="False"
				DisableDuringAnimDuration="False"
				IdleWhenStartingPower="False"
				AffectGood="False"
				AffectEvil="False"
				AffectAllies="True"
				AvailableAtStart="True"
				AdjustVictim="False"
				UseDistanceFromCommandCenter="False"
				ChildModuleHandlesFX="False"
				OCL="OCL_GDICommandPostRadarScanPing"
				CreateLocation="CREATE_AT_LOCATION"
				MaxCreateCount="0"
				NumberToSpawn="1"
				DestinationOCL=""
				RegisterObjectsWithSpecialAbilityUpdate="False">
				<AttributeModifierAffects
					Rule="UNPARSED"
					Relationship=""
					Alignment="NONE"
					Include=""
					Exclude=""
					StatusBitFlags=""
					RejectStatusBitFlags=""
					AcceptModelCondition=""
					RejectModelCondition="" />
				<RequirementsFilterMP
					Rule="UNPARSED"
					Relationship=""
					Alignment="NONE"
					Include=""
					Exclude=""
					StatusBitFlags=""
					RejectStatusBitFlags=""
					AcceptModelCondition=""
					RejectModelCondition="" />
				<RequirementsFilterStrategic
					Rule="UNPARSED"
					Relationship=""
					Alignment="NONE"
					Include=""
					Exclude=""
					StatusBitFlags=""
					RejectStatusBitFlags=""
					AcceptModelCondition=""
					RejectModelCondition="" />
			</OCLSpecialPower>
			<AISpecialPowerUpdate
				id="73D10F32"
				CommandButtonName="Command_CommandPostRadarScan"
				SecondaryCommandButtonName=""
				SpecialPowerAIType="SPECIAL_POWER_TARGET_STEALTH"
				SpecialPowerRadius="999999"
				ReinforceDistance="0"
				SpellMakesAStructure=""
				SpecificUnit=""
				UnitKindOf=""
				AllyUnitInclude=""
				AllyUnitExclude=""
				EnemyUnitInclude=""
				EnemyUnitExclude=""
				MinimumCutoff="0"
				UpdateTime="1s"
				MaxFrequency="0"
				RandomizeTargetLocation="False" />
			<ArmorUpgrade
				id="D7169F09"
				RequiresAllTriggers="False"
				RequiresAllConflictingTriggers="False"
				Permanent="True"
				WaypointMode="False"
				WaypointModeTerminal="True"
				ArmorSetFlag="PLAYER_UPGRADE"
				KillArmorUpgrade="False"
				IgnoreArmorUpgrade="False">
				<TriggeredBy>Upgrade_SonicRepulsionField</TriggeredBy>
			</ArmorUpgrade>
			<StatusBitsUpgrade
				id="BA874D9A"
				RequiresAllTriggers="False"
				RequiresAllConflictingTriggers="False"
				Permanent="False"
				WaypointMode="False"
				WaypointModeTerminal="True"
				StatusToSet="RIDER1"
				StatusToClear=""
				ApplyToContained="False">
				<TriggeredBy>Upgrade_SonicRepulsionField</TriggeredBy>
			</StatusBitsUpgrade>
			<RepairUpdate
				id="41FDEB2A"
				RepopThreshold="0.2"
				HealAmountPerSecond="90"
				Toggleable="True"
				RepairableWhenDead="False">
				<PercentOfBuildCostToRebuildInfo
					Pristine="50%"
					Damaged="50%"
					ReallyDamaged="50%"
					Rubble="50%" />
				<SelfAudio
					SelfRepairFromDamageLoop=""
					SelfRepairFromRubbleLoop="" />
			</RepairUpdate>
			<EngineerContain
				id="E2BE8599"
				ReplaceWith=""
				NameOfVoiceToUseForFriendlyEnter="9D165EA1"
				NameOfVoiceToUseForHostileEnter="124DB476"
				FXForRepair="FX_Building_Repaired"
				FXForCapture="FX_Building_Captured"
				FXForCaptureAndReplace="FX_Building_Captured"
				EvaEventForRepair="BuildingRepaired"
				EvaEventForCapture="EnemyBuildingCaptured">
				<CanEnterFilter
					Rule="NONE"
					Relationship=""
					Alignment="NONE"
					Include=""
					Exclude=""
					StatusBitFlags=""
					RejectStatusBitFlags=""
					AcceptModelCondition=""
					RejectModelCondition="">
					<IncludeThing>GDIEngineer</IncludeThing>
					<IncludeThing>NODSaboteur</IncludeThing>
					<IncludeThing>AlienAssimilator</IncludeThing>
					<IncludeThing>SteelTalonsCombatEngineer</IncludeThing>
					<IncludeThing>ZOCOMEngineer</IncludeThing>
					<IncludeThing>BlackHandSaboteur</IncludeThing>
					<IncludeThing>MarkedOfKaneSaboteur</IncludeThing>
					<IncludeThing>Traveler59Assimilator</IncludeThing>
				</CanEnterFilter>
			</EngineerContain>
			<CreateObjectDie
				id="34FD1923"
				CreationList="OCL_GenericSteelTalonsBuildingDestruction"
				UpgradeForbidden="  ">
				<DieMuxData
					ExemptStatus=""
					RequiredStatus=""
					DamageAmountRequired="-1"
					MinKillerAngle="0.9999999d"
					MaxKillerAngle="-0.9999999d"
					DeathTypes="ALL"
					DeathTypesForbidden="SUICIDED DETONATED" />
			</CreateObjectDie>
			<CreateObjectDie
				id="4BF392A4"
				CreationList="OCL_GenericSteelTalonsBuildingSuicide">
				<DieMuxData
					ExemptStatus=""
					RequiredStatus=""
					DamageAmountRequired="-1"
					MinKillerAngle="0.9999999d"
					MaxKillerAngle="-0.9999999d"
					DeathTypes="SUICIDED"
					DeathTypesForbidden="" />
			</CreateObjectDie>
			<ProductionUpdate
				id="749674DE"
				MaxQueueEntries="99"
				NumDoorAnimations="0"
				DoorOpeningTime="0s"
				DoorOpeningTimeMetaUnit="0s"
				DoorWaitOpenTime="0s"
				DoorCloseTime="0s"
				ConstructionCompleteDuration="0"
				DisabledTypesToProcess=""
				UnitInvulnerableTime="0"
				SpecialPrepModelconditionTime="0"
				BonusForType=""
				SpeedBonusAudioLoop=""
				Type="UPGRADE"
				ProductionTimeDelayScalar="0s"
				GiveNoXP="True"
				VeteranUnitsFromVeteranFactory="False"
				SetBonusModelConditionOnSpeedBonus="False"
				SecondaryQueue="False"
				IgnorePreReqs="False" />
			<GrantUpgradeAreaOfEffectSpecialPower
				id="E63DF9D3"
				SpecialPowerTemplate="SpecialPower_SonicRepulsionField"
				AntiCategory=""
				AntiFX=""
				AttributeModifier=""
				AttributeModifierRange="0"
				AttributeModifierFX=""
				WeatherDuration="0"
				InitiateFX=""
				TriggerFX="FX_GDI_SonicRepulsionFieldBuilding"
				SetModelCondition="TOPPLED"
				SetModelConditionTime="0s"
				GiveLevels="0"
				ChangeWeather="NORMAL"
				OnTriggerRechargeSpecialPower=""
				BurnDecayModifier="0"
				MaxDistanceFromCommandCenter="0"
				UpdateModuleStartsAttack="False"
				StartsPaused="False"
				ReEnableAntiCategory="False"
				AttributeModifierAffectsSelf="False"
				AttributeModifierWeatherBased="False"
				TargetEnemy="False"
				TargetAllSides="False"
				DisableDuringAnimDuration="False"
				IdleWhenStartingPower="False"
				AffectGood="False"
				AffectEvil="False"
				AffectAllies="True"
				AvailableAtStart="True"
				AdjustVictim="False"
				UseDistanceFromCommandCenter="False"
				ChildModuleHandlesFX="False"
				Radius="10">
				<AttributeModifierAffects
					Rule="UNPARSED"
					Relationship=""
					Alignment="NONE"
					Include=""
					Exclude=""
					StatusBitFlags=""
					RejectStatusBitFlags=""
					AcceptModelCondition=""
					RejectModelCondition="" />
				<RequirementsFilterMP
					Rule="UNPARSED"
					Relationship=""
					Alignment="NONE"
					Include=""
					Exclude=""
					StatusBitFlags=""
					RejectStatusBitFlags=""
					AcceptModelCondition=""
					RejectModelCondition="" />
				<RequirementsFilterStrategic
					Rule="UNPARSED"
					Relationship=""
					Alignment="NONE"
					Include=""
					Exclude=""
					StatusBitFlags=""
					RejectStatusBitFlags=""
					AcceptModelCondition=""
					RejectModelCondition="" />
				<AcceptObjectFilter
					Rule="ANY"
					Relationship="SAME_PLAYER"
					Alignment="NONE"
					Include="STRUCTURE"
					Exclude=""
					StatusBitFlags=""
					RejectStatusBitFlags=""
					AcceptModelCondition=""
					RejectModelCondition="" />
				<UpgradeTemplate>Upgrade_SonicRepulsionField</UpgradeTemplate>
			</GrantUpgradeAreaOfEffectSpecialPower>
			<AISpecialPowerUpdate
				id="97428C02"
				CommandButtonName="Command_SpecialPowerSonicRepulsionField"
				SecondaryCommandButtonName=""
				SpecialPowerAIType="SPECIAL_POWER_AOE_BUFF"
				SpecialPowerRadius="100"
				ReinforceDistance="0"
				SpellMakesAStructure=""
				SpecificUnit=""
				UnitKindOf=""
				AllyUnitInclude="STRUCTURE"
				AllyUnitExclude=""
				EnemyUnitInclude=""
				EnemyUnitExclude=""
				MinimumCutoff="0"
				UpdateTime="1s"
				MaxFrequency="0"
				RandomizeTargetLocation="False" />
		</Behaviors>
		<AI>
			<AIUpdate
				id="4B2D0C2A"
				AutoAcquireEnemiesWhenIdle="NO"
				StopChaseDistance="500"
				HoldGroundCloseRangeDistance="0"
				AILuaEventsList="GDICommandPostFunctions"
				MinCowerTime="0s"
				MaxCowerTime="0s"
				RampageTime="0s"
				BurningDeathTime="0s"
				TimeToEjectPassengersOnRampage="0"
				ComboLocomotorSet="NORMAL"
				ComboLocoAttackDistance="80"
				IdleTargetTime="0s"
				MaxCombineChildren="1"
				SpawnOffsetRadius="0"
				StandGround="False"
				CanAttackWhileContained="False"
				RampageRequiresAflame="False"
				FadeOnPortals="False" />
		</AI>
		<Body>
			<ActiveBody
				id="B313F576"
				MaxHealth="5000"
				MaxHealthDamaged="0"
				MaxHealthReallyDamaged="0"
				InitialHealth="-1"
				RecoveryTime="0"
				DodgePercent="0"
				EnteringDamagedTransitionTime="0s"
				EnteringReallyDamagedTransitionTime="0s"
				GrabFX=""
				GrabDamage="200"
				HealingBuffFX=""
				DamagedAttributeModifier=""
				ReallyDamagedAttributeModifier=""
				CheerRadius="200"
				BurningDeathFX=""
				SecondChanceUpgrade=""
				SecondChanceHeal="0"
				UseDefaultDamageSettings="True"
				RemoveUpgradesOnDeath="False"
				BurningDeathBehavior="False">
				<DamageTrigger
					HealthLevelBelowPercent="66"
					RemoveUpgrade="Upgrade_SonicRepulsionField"
					RemoveStatus="" />
			</ActiveBody>
		</Body>
		<ClientUpdates />
		<Geometry
			IsSmall="False">
			<Shape
				Type="BOX"
				ContactPointGeneration="NONE"
				MajorRadius="18.4984"
				MinorRadius="35.5248"
				Height="6.13377"
				FrontAngle="0d"
				Active="True"
				UsedForHealthBox="True">
				<Offset
					x="-0.394726"
					y="0"
					z="0" />
			</Shape>
			<Shape
				Type="BOX"
				ContactPointGeneration="NONE"
				MajorRadius="9.32321"
				MinorRadius="27.7093"
				Height="14.4757"
				FrontAngle="0d"
				Active="True"
				UsedForHealthBox="True">
				<Offset
					x="-0.394725"
					y="0"
					z="0" />
			</Shape>
			<Shape
				Type="BOX"
				ContactPointGeneration="NONE"
				MajorRadius="17.52"
				MinorRadius="9.12"
				Height="17.9499"
				FrontAngle="0d"
				Active="True"
				UsedForHealthBox="True">
				<Offset
					x="-0.394726"
					y="0"
					z="0" />
			</Shape>
			<Shape
				Type="BOX"
				ContactPointGeneration="NONE"
				MajorRadius="7.68"
				MinorRadius="17.928"
				Height="17.9499"
				FrontAngle="0d"
				Active="True"
				UsedForHealthBox="True">
				<Offset
					x="-0.394726"
					y="0"
					z="0" />
			</Shape>
			<Shape
				Type="BOX"
				ContactPointGeneration="NONE"
				MajorRadius="22.4256"
				MinorRadius="9.12"
				Height="10.7699"
				FrontAngle="0d"
				Active="True"
				UsedForHealthBox="True">
				<Offset
					x="-0.394726"
					y="0"
					z="0" />
			</Shape>
			<Shape
				Type="BOX"
				ContactPointGeneration="NONE"
				MajorRadius="27.5207"
				MinorRadius="17.328"
				Height="6.46195"
				FrontAngle="0d"
				Active="True"
				UsedForHealthBox="True">
				<Offset
					x="-0.394726"
					y="0"
					z="0" />
			</Shape>
			<ContactPoint>
				<Pos
					x="-30"
					y="44"
					z="20" />
			</ContactPoint>
			<ContactPoint>
				<Pos
					x="25"
					y="44"
					z="0" />
			</ContactPoint>
			<ContactPoint>
				<Pos
					x="25"
					y="-38"
					z="20" />
			</ContactPoint>
			<ContactPoint>
				<Pos
					x="25"
					y="44"
					z="0" />
			</ContactPoint>
			<ContactPoint>
				<Pos
					x="-30"
					y="-40"
					z="20" />
			</ContactPoint>
			<ContactPoint>
				<Pos
					x="25"
					y="44"
					z="0" />
			</ContactPoint>
			<ContactPoint>
				<Pos
					x="-30"
					y="-40"
					z="20" />
			</ContactPoint>
			<ContactPoint>
				<Pos
					x="-30"
					y="44"
					z="0" />
			</ContactPoint>
		</Geometry>
		<AudioArrayVoice>
			<AudioEntry
				Sound="AudioEvent:GDI_CommandPostSelect"
				AudioType="voiceSelect" />
		</AudioArrayVoice>
		<AudioArraySound>
			<AudioEntry Sound="AudioEvent:HumanFaction_MediumBuilding_LightDamageMS" AudioType="soundOnDamaged" />
			<AudioEntry Sound="AudioEvent:HumanFaction_MediumBuilding_HeavyDamageMS" AudioType="soundOnReallyDamaged" />
		</AudioArraySound>
		<EvaEvents
			EvaEventSoldOwner="AudioEvent:StructureSold"
			EvaEventDamagedOwner="AudioEvent:StructureUnderAttack"
			EvaEventSecondDamageFarFromFirstScanRange="200"
			EvaEventSecondDamageFarFromFirstTimeoutMS="155"
			EvaEventRepairingOwner="AudioEvent:StructureRepairing"
			EvaEnemyObjectSightedEvent="AudioEvent:EnemyCampSighted"
			EvaEventAvailableForProduction="AudioEvent:NewConstructionOptions"
			EvaEventProductionStarted="AudioEvent:BuildingConstructionStarted"
			EvaEventProductionComplete="AudioEvent:BuildingConstructionComplete"
			EvaEventPlacementFailed="AudioEvent:StructurePlacementFailed"
			EvaEventCannotBuildDueToFullBuildQueue="StructureCannotBuildDueToFullBuildQueue"
			EvaEventBuildOnHold="AudioEvent:BuildOnHold"
			EvaEventBuildCancelled="AudioEvent:BuildCancelled"
			EvaEventManuallyPoweredOff="AudioEvent:BuildingManuallyPoweredDown"
			EvaEventManuallyPoweredOn="AudioEvent:BuildingManuallyPoweredUp" />
		<ShadowInfo
			Type="VOLUME"
			Texture=""
			AdditionalTexture=""
			SizeX="0"
			SizeY="0"
			OffsetX="0"
			OffsetY="0"
			OpacityStart="0"
			OpacityFadeInTime="0s"
			OpacityPeak="1"
			OpacityFadeOutTime="0s"
			OpacityEnd="0"
			MaxHeight="20"
			SunAngle="0"
			OverrideLODVisibility="False"
			UseHouseColor="False"
			IsRotatingWithObject="True"
			LocalPlayerOnly="False" />
		<VisionInfo
			VisionRange="100"
			ShroudClearingRange="500"
			VisionSide="100%"
			VisionRear="100%"
			VisionBonusTestRadius="100"
			VisionBonusTestSegments="8"
			VisionBonusPercentPerFoot="0%"
			MaxVisionBonusPercent="50%"
			MinVisionBonusPercent="-50%" />
		<ProjectedBuildabilityInfo
			Radius="175"
			BuildPlacementTypes="MAIN_STRUCTURE OTHER_STRUCTURE"
			StatusToReject=""
			ModelConditionsToReject="" />
	</GameObject>
</AssetDeclaration>