<?xml version="1.0" encoding="utf-8"?>
<AssetDeclaration xmlns="uri:ea.com:eala:asset">
	<GameObject
		id="MetaTechTechCenter"
		KindOf="SELECTABLE IMMOBILE CAN_CAST_REFLECTIONS STRUCTURE FS_TECHNOLOGY POWERED NOT_AUTOACQUIRABLE COVER FS_TECH_CENTER AUTO_ACQUIRABLE_BY_AI"
		Description="Desc:SteelTalonsTechCenter"
		TypeDescription="Type:GDIArmory"
		RadarPriority="STRUCTURE"
		BuildCompletion="INVALID"
		FenceWidth="0"
		FenceXOffset="0"
		RemoveTerrainRadius="0"
		EmotionRange="0"
		PlacementViewAngle="315d"
		BuildFadeInOnCreateTimeSeconds="0s"
		FactoryExitWidth="0"
		FactoryExtraBibWidth="0"
		Side="MetaTech"
		EditorName="SteelTalonsTechCenter"
		EditorSorting="STRUCTURE"
		BountyValue="0"
		BuildTime="40"
		BuildFadeInOnCreateTime="0"
		EnergyProduction="-12"
		EnergyBonus="0"
		CommandSet="MetaTechTechCenterCommandSet"
		SelectPortrait="Portrait_GDITechCenter"
		ButtonImage="Portrait_GDITechCenter"
		VoicePriority="0"
		MinZIncreaseForVoiceMoveToHigherGround="-1"
		CrowdResponse=""
		CampnessValue="2000"
		CampnessValueRadius="300"
		Scale="1"
		HealthBoxScale="1.5"
		HealthBoxHeightOffset="10"
		OcclusionDelay="0"
		LiveCameraPitch="0"
		FormationWidth="1"
		FormationDepth="1"
		InstanceScaleFuzziness="0"
		ThreatRadius="-1"
		RamPower="0"
		RamZMult="1"
		ShockwaveResistance="0"
		CommandPoints="0"
		CommandPointBonus="0"
		VoiceAttackChargeTimeout="0"
		MaxDistanceForEngaged="0"
		EngagedStateTimeout="0"
		ThreatLevel="1"
		SlopeLimitIndex="0"
		PathfindDiameter="-1"
		SupplyOverride="0"
		DisplayMeleeDamage="-1"
		DisplayRangedDamage="-1"
		HeroSortOrder="2147483647"
		FiringArc="360"
		CamouflageDetectionMultiplier="1"
		SelectionPriority="2147483647"
		ProductionQueueType="MAIN_STRUCTURE"
		BuildPlacementTypeFlag="MAIN_STRUCTURE"
		BuildOnRequiredObjectKindOf=""
		UnitCategory="STRUCTURE"
		WeaponCategory="NONE"
		HasFiredRecentlyTime="2s"
		UnitTypeIcon=""
		ReinvisibilityDelay="4s"
		CaptureTime="0s"
		BuildCost="4000"
		RefundValue="0"
		ThreatValue="0"
		MaxSimultaneousOfType="0"
		TransportSlotCount="1"
		IsTrainable="True"
		IsForbidden="False"
		IsPrerequisite="False"
		IsGrabbable="False"
		IsHarvestable="False"
		StructureRubbleHeight="0"
		ForceLuaRegistration="False"
		ShowHealthInSelectionDecal="False"
		KeepSelectableWhenDead="False"
		IsAutoBuilt="False"
		CanPathThroughGates="True"
		ShouldClearShotsOnIdle="False"
		BuildInProximityToSamePlayerStucture="True">
		<EquivalentTo>SteelTalonsTechCenter</EquivalentTo>
		<EquivalentTo>GDIArmory</EquivalentTo>
		<EquivalentTo>ZOCOMArmory</EquivalentTo>	
		<EquivalentTo>NODTechAssemblyPlant</EquivalentTo>	
		<EquivalentTo>Reaper17Reactor</EquivalentTo>	
		<EquivalentTo>AlienReactor</EquivalentTo>	
		<EquivalentTo>Traveler59Reactor</EquivalentTo>	
		<EquivalentTo>NODSecretShrine</EquivalentTo>	
		<EquivalentTo>MarkedOfKaneTechAssemblyPlant</EquivalentTo>	
		<EquivalentTo>BlackHandTechAssemblyPlant</EquivalentTo>	
		<DisplayName>Name:GDITechCenter</DisplayName>
		<GameDependency
			RequiredModelConditionsAny=""
			ForbiddenModelConditions=""
			RequiredObjectStatusAny="">
			<RequiredObject>SteelTalonsCommandPost</RequiredObject>
		</GameDependency>
		<ArmorSet
			Armor="GDIArmoryArmor"
			DamageFX="FactionStructureDamageFX"
			Conditions="" />
		<ArmorSet
			Armor="GDIArmorySonicRepulsionFieldArmor"
			DamageFX="NormalDamageFX"
			Conditions="PLAYER_UPGRADE" />
		<SkirmishAIInformation
			BaseBuildingLocation="SPREAD"
			ConquerMetricsOverrideDamageType="UNDEFINED"
			ConquerMetricsOverrideAntiMask="ANTI_GROUND"
			UnitBuilderStandardCombatUnit="False" />
		<Draws>
			<ScriptedModelDraw
				id="50DF2C46"
				RecoilDamping="0.4"
				MaxRecoilDistance="3"
				InitialRecoilSpeed="2"
				RecoilSettleSpeed="0.065"
				MinLODRequired="LOW"
				ProjectileBoneFeedbackEnabledSlots=""
				TrackMarks=""
				DependencySharedModelFlags=""
				HighDetailLODThreshold="0"
				LowDetailLODThreshold="0"
				WadingParticleSys=""
				AlphaCameraFadeOuterRadius="0"
				AlphaCameraFadeInnerRadius="0"
				AlphaCameraAtInnerRadius="100%"
				StaticSortLevelWhileFading="-1"
				BirthFadeTime="0"
				OkToChangeModelColor="True"
				AnimationsRequirePower="True"
				UseYAxisForTurretRotation="False"
				TrackMarksOnlyWhenCorneringQuickly="False"
				UseProducerTexture="False"
				NoRotate="False"
				UseFiringArcRotation="False"
				Selectable="True"
				RandomTextureFixedRandomIndex="False"
				ParticlesAttachedToAnimatedBones="False"
				ParticleBonesCheckDrawable="False"
				ShadowForceDisable="False"
				SwitchModelLODMode="False"
				StaticModelLODMode="False"
				ShowShadowWhileContained="False"
				UseStandardModelNames="False"
				UseDefaultAnimation="False"
				BirthFadeAdditive="False"
				ZWriteDisableOverride="False"
				MultiPlayerOnly="False"
				AffectedByStealth="True"
				InvertStealthOpacity="False"
				HighDetailOnly="False"
				SetAnimsToLastFrameOnConstructionComplete="True">
				<ModelConditionState
					ParseCondStateType="PARSE_DEFAULT"
					PortraitImage=""
					ButtonImage=""
					RetainSubObjects="False">
					<Model
						Name="GBTECHCEN_SKN"
						ExtraMesh="False" />
				</ModelConditionState>
				<ModelConditionState
					ParseCondStateType="PARSE_NORMAL"
					ConditionsYes="BUILD_PLACEMENT_CURSOR"
					PortraitImage=""
					ButtonImage=""
					RetainSubObjects="False">
					<Model
						Name="GBTECHCEN_SKN"
						ExtraMesh="False" />
				</ModelConditionState>
				<ModelConditionState
					ParseCondStateType="PARSE_NORMAL"
					ConditionsYes="STRUCTURE_UNPACKING"
					PortraitImage=""
					ButtonImage=""
					RetainSubObjects="False">
					<Model
						Name="GBTECHCEN_ASN"
						ExtraMesh="False" />
				</ModelConditionState>
				<ModelConditionState
					ParseCondStateType="PARSE_NORMAL"
					ConditionsYes="DAMAGED"
					PortraitImage=""
					ButtonImage=""
					RetainSubObjects="False">
					<Model
						Name="GBTECHCEN_SKN"
						ExtraMesh="False" />
					<Texture
						Original="GBTechCen"
						New="GBTechCen_D" />
				</ModelConditionState>
				<ModelConditionState
					ParseCondStateType="PARSE_NORMAL"
					ConditionsYes="REALLYDAMAGED"
					PortraitImage=""
					ButtonImage=""
					RetainSubObjects="False">
					<Model
						Name="GBTECHCEND2_SN"
						ExtraMesh="False" />
				</ModelConditionState>
				<ModelConditionState
					ParseCondStateType="PARSE_NORMAL"
					ConditionsYes="RUBBLE"
					PortraitImage=""
					ButtonImage=""
					RetainSubObjects="False">
					<Model
						Name="GBTECHCEND3_SN"
						ExtraMesh="False" />
				</ModelConditionState>
				<AnimationState
					ParseCondStateType="PARSE_DEFAULT"
					EnteringStateFX=""
					FrameForPristineBonePositions="0"
					ShareAnimation="False"
					AllowRepeatInRandomPick="False"
					SimilarRestart="False">
					<Animation
						AnimationName="GBTECHCEN_IDLA"
						AnimationMode="LOOP"
						Distance="0"
						AnimationBlendTime="5"
						AnimationSpeedFactorMin="1"
						AnimationSpeedFactorMax="1"
						WeaponTimingOrdering="PRIMARY_WEAPON"
						WeaponTimingSlotID="1"
						AnimationPriority="1"
						FadeBeginFrame="-1"
						FadeEndFrame="-1"
						AnimationMustCompleteBlend="False"
						UseWeaponTiming="False"
						FadingIn="False" />
				</AnimationState>
				<AnimationState
					ParseCondStateType="PARSE_NORMAL"
					ConditionsYes="BUILD_PLACEMENT_CURSOR"
					EnteringStateFX=""
					FrameForPristineBonePositions="0"
					ShareAnimation="False"
					AllowRepeatInRandomPick="False"
					SimilarRestart="False">
					<Script>
						CurDrawableHideSubObject("UG_Rail")
						CurDrawableHideSubObject("UG_Mortar")
						CurDrawableHideSubObject("B_MortarRound_1")
						CurDrawableHideSubObject("UG_Scan")
						CurDrawableHideSubObject("UG_Boost")
						CurDrawableHideSubObject("UG_Adaptive04")
						CurDrawableHideSubObject("UG_Adaptive02")
						CurDrawableHideSubObject("UG_Adaptive")
						CurDrawableHideSubObject("UG_Adaptive01")
					</Script>
				</AnimationState>
				<AnimationState
					ParseCondStateType="PARSE_NORMAL"
					ConditionsYes="STRUCTURE_UNPACKING"
					EnteringStateFX=""
					FrameForPristineBonePositions="0"
					ShareAnimation="False"
					AllowRepeatInRandomPick="False"
					SimilarRestart="False">
					<Animation
						AnimationName="GBTECHCEN_AAN"
						AnimationMode="ONCE"
						Distance="0"
						AnimationBlendTime="5"
						AnimationSpeedFactorMin="1"
						AnimationSpeedFactorMax="1"
						WeaponTimingOrdering="PRIMARY_WEAPON"
						WeaponTimingSlotID="1"
						AnimationPriority="1"
						FadeBeginFrame="-1"
						FadeEndFrame="-1"
						AnimationMustCompleteBlend="False"
						UseWeaponTiming="False"
						FadingIn="False" />
					<ParticleSysBone
						BoneName="NONE"
						FXParticleSystemTemplate="Con_Medium"
						PersistID="0"
						FollowBone="True"
						OnlyIfOnWater="False"
						OnlyIfOnLand="False" />
				</AnimationState>
				<AnimationState
					ParseCondStateType="PARSE_NORMAL"
					ConditionsYes="RUBBLE"
					StateName="STATE_Rubble"
					Flags="START_FRAME_LAST"
					EnteringStateFX=""
					FrameForPristineBonePositions="0"
					ShareAnimation="False"
					AllowRepeatInRandomPick="False"
					SimilarRestart="False">
					<Animation
						AnimationName="GBTECHCEND3_AN"
						AnimationMode="MANUAL"
						Distance="0"
						AnimationBlendTime="5"
						AnimationSpeedFactorMin="1"
						AnimationSpeedFactorMax="1"
						WeaponTimingOrdering="PRIMARY_WEAPON"
						WeaponTimingSlotID="1"
						AnimationPriority="1"
						FadeBeginFrame="-1"
						FadeEndFrame="-1"
						AnimationMustCompleteBlend="False"
						UseWeaponTiming="False"
						FadingIn="False" />
					<Script>
						Prev = CurDrawablePrevAnimationState();
						if Prev ~= "STATE_Rubble" and Prev ~= "TRANS_IntoRubble" then
						CurDrawableSetTransitionAnimState("TRANS_IntoRubble")
						end
					</Script>
					<ParticleSysBone
						BoneName="NONE"
						FXParticleSystemTemplate="Des_Medium"
						PersistID="0"
						FollowBone="False"
						OnlyIfOnWater="False"
						OnlyIfOnLand="False" />
				</AnimationState>
				<AnimationState
					ParseCondStateType="PARSE_NORMAL"
					ConditionsYes="REALLYDAMAGED"
					StateName="STATE_ReallyDamaged"
					Flags="START_FRAME_LAST"
					EnteringStateFX=""
					FrameForPristineBonePositions="0"
					ShareAnimation="False"
					AllowRepeatInRandomPick="False"
					SimilarRestart="False">
					<Animation
						AnimationName="GBTECHCEND2_AN"
						AnimationMode="MANUAL"
						Distance="0"
						AnimationBlendTime="5"
						AnimationSpeedFactorMin="1"
						AnimationSpeedFactorMax="1"
						WeaponTimingOrdering="PRIMARY_WEAPON"
						WeaponTimingSlotID="1"
						AnimationPriority="1"
						FadeBeginFrame="-1"
						FadeEndFrame="-1"
						AnimationMustCompleteBlend="False"
						UseWeaponTiming="False"
						FadingIn="False" />
					<Script>
						Prev = CurDrawablePrevAnimationState();
						if Prev ~= "STATE_ReallyDamaged" and Prev ~= "TRANS_IntoReallyDamaged" then
						CurDrawableSetTransitionAnimState("TRANS_IntoReallyDamaged")
						end
					</Script>
				</AnimationState>
				<AnimationState
					ParseCondStateType="PARSE_TRANSITION"
					StateName="TRANS_IntoReallyDamaged"
					EnteringStateFX=""
					FrameForPristineBonePositions="0"
					ShareAnimation="False"
					AllowRepeatInRandomPick="False"
					SimilarRestart="False">
					<Animation
						AnimationName="GBTECHCEND2_AN"
						AnimationMode="ONCE"
						Distance="0"
						AnimationBlendTime="0"
						AnimationSpeedFactorMin="1"
						AnimationSpeedFactorMax="1"
						WeaponTimingOrdering="PRIMARY_WEAPON"
						WeaponTimingSlotID="1"
						AnimationPriority="1"
						FadeBeginFrame="-1"
						FadeEndFrame="-1"
						AnimationMustCompleteBlend="False"
						UseWeaponTiming="False"
						FadingIn="False" />
				</AnimationState>
				<AnimationState
					ParseCondStateType="PARSE_TRANSITION"
					StateName="TRANS_IntoRubble"
					EnteringStateFX=""
					FrameForPristineBonePositions="0"
					ShareAnimation="False"
					AllowRepeatInRandomPick="False"
					SimilarRestart="False">
					<Animation
						AnimationName="GBTECHCEND3_AN"
						AnimationMode="ONCE"
						Distance="0"
						AnimationBlendTime="0"
						AnimationSpeedFactorMin="1"
						AnimationSpeedFactorMax="1"
						WeaponTimingOrdering="PRIMARY_WEAPON"
						WeaponTimingSlotID="1"
						AnimationPriority="1"
						FadeBeginFrame="-1"
						FadeEndFrame="-1"
						AnimationMustCompleteBlend="False"
						UseWeaponTiming="False"
						FadingIn="False" />
				</AnimationState>
			</ScriptedModelDraw>
			<ScriptedModelDraw
				id="CD182A15"
				RecoilDamping="0.4"
				MaxRecoilDistance="3"
				InitialRecoilSpeed="2"
				RecoilSettleSpeed="0.065"
				MinLODRequired="LOW"
				ProjectileBoneFeedbackEnabledSlots=""
				TrackMarks=""
				DependencySharedModelFlags=""
				HighDetailLODThreshold="0"
				LowDetailLODThreshold="0"
				WadingParticleSys=""
				AlphaCameraFadeOuterRadius="0"
				AlphaCameraFadeInnerRadius="0"
				AlphaCameraAtInnerRadius="100%"
				StaticSortLevelWhileFading="-1"
				BirthFadeTime="0"
				OkToChangeModelColor="True"
				AnimationsRequirePower="True"
				UseYAxisForTurretRotation="False"
				TrackMarksOnlyWhenCorneringQuickly="False"
				UseProducerTexture="False"
				NoRotate="False"
				UseFiringArcRotation="False"
				Selectable="True"
				RandomTextureFixedRandomIndex="False"
				ParticlesAttachedToAnimatedBones="False"
				ParticleBonesCheckDrawable="False"
				ShadowForceDisable="False"
				SwitchModelLODMode="False"
				StaticModelLODMode="True"
				ShowShadowWhileContained="False"
				UseStandardModelNames="True"
				UseDefaultAnimation="False"
				BirthFadeAdditive="False"
				ZWriteDisableOverride="False"
				MultiPlayerOnly="False"
				AffectedByStealth="True"
				InvertStealthOpacity="False"
				HighDetailOnly="False"
				SetAnimsToLastFrameOnConstructionComplete="True">
				<ModelConditionState
					ParseCondStateType="PARSE_DEFAULT"
					PortraitImage=""
					ButtonImage=""
					RetainSubObjects="False">
					<Model
						Name=""
						ExtraMesh="False" />
				</ModelConditionState>
				<ModelConditionState
					ParseCondStateType="PARSE_NORMAL"
					ConditionsYes="USER_6 DYING"
					PortraitImage=""
					ButtonImage=""
					RetainSubObjects="False">
					<Model
						Name=""
						ExtraMesh="False" />
				</ModelConditionState>
				<ModelConditionState
					ParseCondStateType="PARSE_NORMAL"
					ConditionsYes="USER_6 REALLYDAMAGED"
					PortraitImage=""
					ButtonImage=""
					RetainSubObjects="False">
					<Model
						Name=""
						ExtraMesh="False" />
				</ModelConditionState>
				<ModelConditionState
					ParseCondStateType="PARSE_NORMAL"
					ConditionsYes="USER_6 DAMAGED"
					PortraitImage=""
					ButtonImage=""
					RetainSubObjects="False">
					<Model
						Name=""
						ExtraMesh="False" />
				</ModelConditionState>
				<ModelConditionState
					ParseCondStateType="PARSE_NORMAL"
					ConditionsYes="USER_6"
					PortraitImage=""
					ButtonImage=""
					RetainSubObjects="False">
					<Model
						Name="GBTECHCENSRF_SKN"
						ExtraMesh="False" />
				</ModelConditionState>
			</ScriptedModelDraw>
		</Draws>
		<Behaviors>
			<AttributeModifierPoolUpdate
				id="513BC476" />
			<FireWeaponWhenDead
				id="DDED328F"
				RequiresAllTriggers="False"
				RequiresAllConflictingTriggers="False"
				Permanent="False"
				WaypointMode="False"
				WaypointModeTerminal="True"
				DelayTime="0s"
				DeathWeapon="CatalystBuildingDeathWeapon"
				FocusFireKindOfFlag=""
				InitiallyActive="True"
				ActiveDuringConstruction="False"
				ContinueToBezierDestination="False">
				<DieMuxData
					ExemptStatus=""
					RequiredStatus=""
					DamageAmountRequired="-1"
					MinKillerAngle="0.9999999d"
					MaxKillerAngle="-0.9999999d"
					DeathTypes="CATALYST"
					DeathTypesForbidden="" />
			</FireWeaponWhenDead>
			<TemporarilyDefectUpdate
				id="3473AFD2"
				DefectionFrameCount="100" />
			<ModelConditionUpgrade
				id="931C692F"
				RequiresAllTriggers="False"
				RequiresAllConflictingTriggers="False"
				Permanent="False"
				WaypointMode="False"
				WaypointModeTerminal="True"
				AddConditionFlags="USER_6"
				RemoveConditionFlags=""
				AddTempConditionFlag="TOPPLED"
				TempConditionTime="0s">
				<TriggeredBy>Upgrade_SonicRepulsionField</TriggeredBy>
			</ModelConditionUpgrade>
			<BuildingBehavior
				id="2118A085"
				NightWindowObject="LIGHT_01" />
			<SlowDeath
				id="73542D4A"
				SinkRate="4"
				ProbabilityModifier="10"
				ModifierBonusPerOverkillPercent="0%"
				SinkDelay="3s"
				SinkDelayVariance="0s"
				DestructionDelay="8s"
				DestructionDelayVariance="0s"
				DecayBeginTime="0s"
				FlingForce="0"
				FlingForceVariance="0"
				FlingPitch="0d"
				FlingPitchVariance="0d"
				DeathFlags=""
				FadeTime="0s"
				FadeDelay="0s"
				DeathTypes=""
				DeathObjectStatusBits=""
				ShadowWhenDead="False"
				Fade="False">
				<Sound
					Type="INITIAL"
					List="HumanFaction_MediumBuilding_DieMS" />
				<DieMuxData
					ExemptStatus=""
					RequiredStatus=""
					DamageAmountRequired="-1"
					MinKillerAngle="0.9999999d"
					MaxKillerAngle="-0.9999999d"
					DeathTypes="ALL"
					DeathTypesForbidden="" />
			</SlowDeath>
			<SubObjectsUpgrade
				id="E8889AED"
				RequiresAllTriggers="False"
				RequiresAllConflictingTriggers="False"
				Permanent="False"
				WaypointMode="False"
				WaypointModeTerminal="True"
				ShowSubObjects="UG_Rail"
				FadeTimeInSeconds="0.5"
				WaitBeforeFadeInSeconds="0"
				RecolorHouse="False"
				SkipFadeOnCreate="False"
				HideSubObjectsOnRemove="False"
				UnHideSubObjectsOnRemove="False">
				<CustomAnimAndDuration
					AnimState="USER_1"
					Frames="0"
					Trigger="0" />
				<TriggeredBy>Upgrade_GDIArmoryRailgunTech</TriggeredBy>
			</SubObjectsUpgrade>
			<SubObjectsUpgrade
				id="01773B41"
				RequiresAllTriggers="False"
				RequiresAllConflictingTriggers="False"
				Permanent="False"
				WaypointMode="False"
				WaypointModeTerminal="True"
				ShowSubObjects="UG_Mortar B_MortarRound_1"
				FadeTimeInSeconds="0.5"
				WaitBeforeFadeInSeconds="0"
				RecolorHouse="False"
				SkipFadeOnCreate="False"
				HideSubObjectsOnRemove="False"
				UnHideSubObjectsOnRemove="False">
				<CustomAnimAndDuration
					AnimState="USER_2"
					Frames="0"
					Trigger="0" />
				<TriggeredBy>Upgrade_GDIArmoryPitbullMortar</TriggeredBy>
			</SubObjectsUpgrade>
			<SubObjectsUpgrade
				id="7E97F4AB"
				RequiresAllTriggers="False"
				RequiresAllConflictingTriggers="False"
				Permanent="False"
				WaypointMode="False"
				WaypointModeTerminal="True"
				ShowSubObjects="UG_Scan"
				FadeTimeInSeconds="0.5"
				WaitBeforeFadeInSeconds="0"
				RecolorHouse="False"
				SkipFadeOnCreate="False"
				HideSubObjectsOnRemove="False"
				UnHideSubObjectsOnRemove="False">
				<CustomAnimAndDuration
					AnimState="USER_3"
					Frames="0"
					Trigger="0" />
				<TriggeredBy>Upgrade_GDITungstenAAShells</TriggeredBy>
			</SubObjectsUpgrade>
			<FXListBehavior
				id="C74C39D8">
				<DieMuxData
					ExemptStatus=""
					RequiredStatus=""
					DamageAmountRequired="-1"
					MinKillerAngle="0.9999999d"
					MaxKillerAngle="-0.9999999d"
					DeathTypes="ALL"
					DeathTypesForbidden="" />
				<Event
					Index="onTransitionToDamaged"
					FX="FX_BuildDamaged_Large"
					MinThreshold="0"
					MaxThreshold="0"
					Direction="Default"
					OrientToObject="True"
					ForceUseDoFXObj="False" />
				<Event
					Index="onTransitionToReallyDamaged"
					FX="FX_BuildDamaged_Large"
					MinThreshold="0"
					MaxThreshold="0"
					Direction="Default"
					OrientToObject="True"
					ForceUseDoFXObj="False" />
				<Event
					Index="onTransitionToRubble"
					FX="FX_BuildRubble_Large"
					MinThreshold="0"
					MaxThreshold="0"
					Direction="Default"
					OrientToObject="True"
					ForceUseDoFXObj="False" />
			</FXListBehavior>
			<StructureUnpackUpdate
				UnpackTime="1.5s" />
			<ProductionUpdate
				id="749674DE"
				MaxQueueEntries="99"
				NumDoorAnimations="0"
				DoorOpeningTime="0s"
				DoorOpeningTimeMetaUnit="0s"
				DoorWaitOpenTime="0s"
				DoorCloseTime="0s"
				ConstructionCompleteDuration="0"
				DisabledTypesToProcess=""
				UnitInvulnerableTime="0"
				SpecialPrepModelconditionTime="0"
				BonusForType=""
				SpeedBonusAudioLoop=""
				Type="UPGRADE"
				ProductionTimeDelayScalar="0s"
				GiveNoXP="True"
				VeteranUnitsFromVeteranFactory="False"
				SetBonusModelConditionOnSpeedBonus="False"
				SecondaryQueue="False"
				IgnorePreReqs="False" />
			<ArmorUpgrade
				id="D7169F09"
				RequiresAllTriggers="False"
				RequiresAllConflictingTriggers="False"
				Permanent="True"
				WaypointMode="False"
				WaypointModeTerminal="True"
				ArmorSetFlag="PLAYER_UPGRADE"
				KillArmorUpgrade="False"
				IgnoreArmorUpgrade="False">
				<TriggeredBy>Upgrade_SonicRepulsionField</TriggeredBy>
			</ArmorUpgrade>
			<StatusBitsUpgrade
				id="BA874D9A"
				RequiresAllTriggers="False"
				RequiresAllConflictingTriggers="False"
				Permanent="False"
				WaypointMode="False"
				WaypointModeTerminal="True"
				StatusToSet="RIDER1"
				StatusToClear=""
				ApplyToContained="False">
				<TriggeredBy>Upgrade_SonicRepulsionField</TriggeredBy>
			</StatusBitsUpgrade>
			<RepairUpdate
				id="41FDEB2A"
				RepopThreshold="0.2"
				HealAmountPerSecond="90"
				Toggleable="True"
				RepairableWhenDead="False">
				<PercentOfBuildCostToRebuildInfo
					Pristine="50%"
					Damaged="50%"
					ReallyDamaged="50%"
					Rubble="50%" />
				<SelfAudio
					SelfRepairFromDamageLoop=""
					SelfRepairFromRubbleLoop="" />
			</RepairUpdate>
			<EngineerContain
				id="E2BE8599"
				ReplaceWith=""
				NameOfVoiceToUseForFriendlyEnter="9D165EA1"
				NameOfVoiceToUseForHostileEnter="124DB476"
				FXForRepair="FX_Building_Repaired"
				FXForCapture="FX_Building_Captured"
				FXForCaptureAndReplace="FX_Building_Captured"
				EvaEventForRepair="BuildingRepaired"
				EvaEventForCapture="EnemyBuildingCaptured">
				<CanEnterFilter
					Rule="NONE"
					Relationship=""
					Alignment="NONE"
					Include=""
					Exclude=""
					StatusBitFlags=""
					RejectStatusBitFlags=""
					AcceptModelCondition=""
					RejectModelCondition="">
					<IncludeThing>GDIEngineer</IncludeThing>
					<IncludeThing>NODSaboteur</IncludeThing>
					<IncludeThing>AlienAssimilator</IncludeThing>
					<IncludeThing>SteelTalonsCombatEngineer</IncludeThing>
					<IncludeThing>ZOCOMEngineer</IncludeThing>
					<IncludeThing>BlackHandSaboteur</IncludeThing>
					<IncludeThing>MarkedOfKaneSaboteur</IncludeThing>
					<IncludeThing>Traveler59Assimilator</IncludeThing>
				</CanEnterFilter>
			</EngineerContain>
			<CreateObjectDie
				id="34FD1923"
				CreationList="OCL_ArmorySteelTalonsBuildingDestruction"
				UpgradeForbidden="  ">
				<DieMuxData
					ExemptStatus=""
					RequiredStatus=""
					DamageAmountRequired="-1"
					MinKillerAngle="0.9999999d"
					MaxKillerAngle="-0.9999999d"
					DeathTypes="ALL"
					DeathTypesForbidden="SUICIDED DETONATED" />
			</CreateObjectDie>
			<CreateObjectDie
				id="4BF392A4"
				CreationList="OCL_ArmorySteelTalonsBuildingSuicide">
				<DieMuxData
					ExemptStatus=""
					RequiredStatus=""
					DamageAmountRequired="-1"
					MinKillerAngle="0.9999999d"
					MaxKillerAngle="-0.9999999d"
					DeathTypes="SUICIDED"
					DeathTypesForbidden="" />
			</CreateObjectDie>
			<OCLSpecialPower
				id="3783B623"
				SpecialPowerTemplate="SpecialPower_RailgunAccelerator"
				AntiCategory=""
				AntiFX=""
				AttributeModifier=""
				AttributeModifierRange="0"
				AttributeModifierFX=""
				WeatherDuration="0"
				InitiateFX=""
				TriggerFX=""
				SetModelCondition="TOPPLED"
				SetModelConditionTime="0s"
				GiveLevels="0"
				ChangeWeather="NORMAL"
				OnTriggerRechargeSpecialPower=""
				BurnDecayModifier="0"
				MaxDistanceFromCommandCenter="0"
				UpdateModuleStartsAttack="False"
				StartsPaused="False"
				ReEnableAntiCategory="False"
				AttributeModifierAffectsSelf="False"
				AttributeModifierWeatherBased="False"
				TargetEnemy="False"
				TargetAllSides="False"
				DisableDuringAnimDuration="False"
				IdleWhenStartingPower="False"
				AffectGood="False"
				AffectEvil="False"
				AffectAllies="True"
				AvailableAtStart="True"
				AdjustVictim="False"
				UseDistanceFromCommandCenter="False"
				ChildModuleHandlesFX="False"
				OCL="OCL_GDIRailgunAcceleratorPowerSucker"
				CreateLocation="CREATE_AT_LOCATION"
				MaxCreateCount="0"
				NumberToSpawn="1"
				DestinationOCL=""
				RegisterObjectsWithSpecialAbilityUpdate="False">
				<AttributeModifierAffects
					Rule="UNPARSED"
					Relationship=""
					Alignment="NONE"
					Include=""
					Exclude=""
					StatusBitFlags=""
					RejectStatusBitFlags=""
					AcceptModelCondition=""
					RejectModelCondition="" />
				<RequirementsFilterMP
					Rule="UNPARSED"
					Relationship=""
					Alignment="NONE"
					Include=""
					Exclude=""
					StatusBitFlags=""
					RejectStatusBitFlags=""
					AcceptModelCondition=""
					RejectModelCondition="" />
				<RequirementsFilterStrategic
					Rule="UNPARSED"
					Relationship=""
					Alignment="NONE"
					Include=""
					Exclude=""
					StatusBitFlags=""
					RejectStatusBitFlags=""
					AcceptModelCondition=""
					RejectModelCondition="" />
			</OCLSpecialPower>
			<SubObjectsUpgrade
				id="B21534E9"
				RequiresAllTriggers="False"
				RequiresAllConflictingTriggers="False"
				Permanent="False"
				WaypointMode="False"
				WaypointModeTerminal="True"
				ShowSubObjects="UG_Adaptive UG_Adaptive01 UG_Adaptive02 UG_Adaptive04"
				FadeTimeInSeconds="0.5"
				WaitBeforeFadeInSeconds="0"
				RecolorHouse="False"
				SkipFadeOnCreate="False"
				HideSubObjectsOnRemove="False"
				UnHideSubObjectsOnRemove="False">
				<TriggeredBy>Upgrade_AdaptiveArmor</TriggeredBy>
			</SubObjectsUpgrade>
		</Behaviors>
		<AI>
			<AIUpdate
				id="D609FBE1"
				AutoAcquireEnemiesWhenIdle=""
				StopChaseDistance="500"
				HoldGroundCloseRangeDistance="0"
				AILuaEventsList="GDITechCenterFunctions"
				MinCowerTime="0s"
				MaxCowerTime="0s"
				RampageTime="0s"
				BurningDeathTime="0s"
				TimeToEjectPassengersOnRampage="0"
				ComboLocomotorSet="NORMAL"
				ComboLocoAttackDistance="80"
				IdleTargetTime="0s"
				MaxCombineChildren="1"
				SpawnOffsetRadius="0"
				StandGround="False"
				CanAttackWhileContained="False"
				RampageRequiresAflame="False"
				FadeOnPortals="False" />
		</AI>
		<Body>
			<ActiveBody
				id="B313F576"
				MaxHealth="10000"
				MaxHealthDamaged="0"
				MaxHealthReallyDamaged="0"
				InitialHealth="-1"
				RecoveryTime="0"
				DodgePercent="0"
				EnteringDamagedTransitionTime="0s"
				EnteringReallyDamagedTransitionTime="0s"
				GrabFX=""
				GrabDamage="200"
				HealingBuffFX=""
				DamagedAttributeModifier=""
				ReallyDamagedAttributeModifier=""
				CheerRadius="200"
				BurningDeathFX=""
				SecondChanceUpgrade=""
				SecondChanceHeal="0"
				UseDefaultDamageSettings="True"
				RemoveUpgradesOnDeath="False"
				BurningDeathBehavior="False">
				<DamageTrigger
					HealthLevelBelowPercent="66"
					RemoveUpgrade="Upgrade_SonicRepulsionField"
					RemoveStatus="" />
			</ActiveBody>
		</Body>
		<ClientUpdates>
			<EvaAnnounceSpecialPowerReadyClientUpdate
				id="9A48F39A"
				AnnouncementEventOwner="ReinforcementsReady"
				SpecialPowerTemplate="SpecialPowerCallSupportHunterKillerTeam"
				JustMonitorPercentReady="True" />
		</ClientUpdates>
		<Geometry
			IsSmall="False">
			<Shape
				Type="BOX"
				ContactPointGeneration="NONE"
				MajorRadius="46"
				MinorRadius="46"
				Height="23"
				FrontAngle="0d"
				Active="True"
				UsedForHealthBox="True">
				<Offset
					x="0"
					y="0"
					z="0" />
			</Shape>
			<Shape
				Type="BOX"
				ContactPointGeneration="NONE"
				MajorRadius="20"
				MinorRadius="13"
				Height="73"
				FrontAngle="0d"
				Active="True"
				UsedForHealthBox="True">
				<Offset
					x="15"
					y="0"
					z="0" />
			</Shape>
			<ContactPoint>
				<Pos
					x="-40"
					y="40"
					z="26" />
			</ContactPoint>
			<ContactPoint>
				<Pos
					x="40"
					y="40"
					z="0" />
			</ContactPoint>
			<ContactPoint>
				<Pos
					x="40"
					y="-40"
					z="26" />
			</ContactPoint>
			<ContactPoint>
				<Pos
					x="40"
					y="40"
					z="0" />
			</ContactPoint>
			<ContactPoint>
				<Pos
					x="-40"
					y="-40"
					z="26" />
			</ContactPoint>
			<ContactPoint>
				<Pos
					x="40"
					y="40"
					z="0" />
			</ContactPoint>
			<ContactPoint>
				<Pos
					x="-40"
					y="-40"
					z="26" />
			</ContactPoint>
			<ContactPoint>
				<Pos
					x="-40"
					y="40"
					z="0" />
			</ContactPoint>
		</Geometry>
		<AudioArrayVoice>
			<AudioEntry
				Sound="AudioEvent:GDI_ArmorySelect"
				AudioType="voiceSelect" />
		</AudioArrayVoice>
		<AudioArraySound>
			<AudioEntry Sound="AudioEvent:HumanFaction_MediumBuilding_LightDamageMS" AudioType="soundOnDamaged" />
			<AudioEntry Sound="AudioEvent:HumanFaction_MediumBuilding_HeavyDamageMS" AudioType="soundOnReallyDamaged" />
		</AudioArraySound>
		<EvaEvents
			EvaEventSoldOwner="AudioEvent:StructureSold"
			EvaEventDamagedOwner="AudioEvent:StructureUnderAttack"
			EvaEventSecondDamageFarFromFirstScanRange="200"
			EvaEventSecondDamageFarFromFirstTimeoutMS="155"
			EvaEventRepairingOwner="AudioEvent:StructureRepairing"
			EvaEnemyObjectSightedEvent="AudioEvent:EnemyCampSighted"
			EvaEventAvailableForProduction="AudioEvent:NewConstructionOptions"
			EvaEventProductionStarted="AudioEvent:BuildingConstructionStarted"
			EvaEventProductionComplete="AudioEvent:BuildingConstructionComplete"
			EvaEventPlacementFailed="AudioEvent:StructurePlacementFailed"
			EvaEventCannotBuildDueToFullBuildQueue="StructureCannotBuildDueToFullBuildQueue"
			EvaEventBuildOnHold="AudioEvent:BuildOnHold"
			EvaEventBuildCancelled="AudioEvent:BuildCancelled"
			EvaEventManuallyPoweredOff="AudioEvent:BuildingManuallyPoweredDown"
			EvaEventManuallyPoweredOn="AudioEvent:BuildingManuallyPoweredUp" />
		<ShadowInfo
			Type="VOLUME"
			Texture=""
			AdditionalTexture=""
			SizeX="0"
			SizeY="0"
			OffsetX="0"
			OffsetY="0"
			OpacityStart="0"
			OpacityFadeInTime="0s"
			OpacityPeak="1"
			OpacityFadeOutTime="0s"
			OpacityEnd="0"
			MaxHeight="20"
			SunAngle="0"
			OverrideLODVisibility="False"
			UseHouseColor="False"
			IsRotatingWithObject="True"
			LocalPlayerOnly="False" />
		<VisionInfo
			VisionRange="100"
			ShroudClearingRange="400"
			VisionSide="100%"
			VisionRear="100%"
			VisionBonusTestRadius="100"
			VisionBonusTestSegments="8"
			VisionBonusPercentPerFoot="0%"
			MaxVisionBonusPercent="50%"
			MinVisionBonusPercent="-50%" />
		<ProjectedBuildabilityInfo
			Radius="250"
			BuildPlacementTypes="MAIN_STRUCTURE OTHER_STRUCTURE"
			StatusToReject=""
			ModelConditionsToReject="" />
	</GameObject>
</AssetDeclaration>