<?xml version="1.0" encoding="utf-8"?>
<AssetDeclaration xmlns="uri:ea.com:eala:asset">
	<GameObject
		id="MetaTechConstructionYard"
		KindOf="SELECTABLE IMMOBILE CAN_CAST_REFLECTIONS STRUCTURE FS_FACTORY AUTO_RALLYPOINT NOT_AUTOACQUIRABLE CONSTRUCTION_YARD COVER AUTO_ACQUIRABLE_BY_AI PROJECT_BUILDABILITY_FOR_ALLIES"
		Description="Desc:GDIConstructionYard"
		TypeDescription="Type:GDIConstructionYard"
		RadarPriority="STRUCTURE"
		BuildCompletion="INVALID"
		FenceWidth="0"
		FenceXOffset="0"
		RemoveTerrainRadius="0"
		EmotionRange="0"
		PlacementViewAngle="315d"
		BuildFadeInOnCreateTimeSeconds="0s"
		FactoryExitWidth="0"
		FactoryExtraBibWidth="0"
		Side="MetaTech"
		EditorName="SteelTalonsConstructionYard"
		EditorSorting="STRUCTURE"
		BountyValue="0"
		BuildTime="25"
		BuildFadeInOnCreateTime="0"
		EnergyProduction="10"
		EnergyBonus="0"
		CommandSet="MetaTechConstructionYardCommandSet"
		SelectPortrait="Portrait_GDIConYard"
		ButtonImage="Portrait_GDIConYard"
		VoicePriority="0"
		MinZIncreaseForVoiceMoveToHigherGround="-1"
		CrowdResponse=""
		CampnessValue="5000"
		CampnessValueRadius="300"
		Scale="1"
		HealthBoxScale="1.5"
		HealthBoxHeightOffset="10"
		OcclusionDelay="0"
		LiveCameraPitch="0"
		FormationWidth="1"
		FormationDepth="1"
		InstanceScaleFuzziness="0"
		ThreatRadius="-1"
		RamPower="0"
		RamZMult="1"
		ShockwaveResistance="0"
		CommandPoints="0"
		CommandPointBonus="0"
		VoiceAttackChargeTimeout="0"
		MaxDistanceForEngaged="0"
		EngagedStateTimeout="0"
		ThreatLevel="1"
		SlopeLimitIndex="0"
		PathfindDiameter="-1"
		SupplyOverride="0"
		DisplayMeleeDamage="-1"
		DisplayRangedDamage="-1"
		HeroSortOrder="2147483647"
		FiringArc="360"
		CamouflageDetectionMultiplier="1"
		SelectionPriority="2147483647"
		ProductionQueueType="MAIN_STRUCTURE"
		BuildPlacementTypeFlag="MAIN_STRUCTURE"
		BuildOnRequiredObjectKindOf=""
		UnitCategory="STRUCTURE"
		WeaponCategory="NONE"
		HasFiredRecentlyTime="2s"
		UnitTypeIcon=""
		ReinvisibilityDelay="4s"
		CaptureTime="0s"
		BuildCost="3500"
		RefundValue="0"
		ThreatValue="0"
		MaxSimultaneousOfType="0"
		TransportSlotCount="1"
		IsTrainable="True"
		IsForbidden="False"
		IsPrerequisite="False"
		IsGrabbable="False"
		IsHarvestable="False"
		StructureRubbleHeight="0"
		ForceLuaRegistration="False"
		ShowHealthInSelectionDecal="False"
		KeepSelectableWhenDead="False"
		IsAutoBuilt="False"
		CanPathThroughGates="True"
		ShouldClearShotsOnIdle="False"
		BuildInProximityToSamePlayerStucture="True">
		<EquivalentTo>SteelTalonsConstructionYard</EquivalentTo>
		<EquivalentTo>ZOCOMConstructionYard</EquivalentTo>
		<EquivalentTo>NODConstructionYard</EquivalentTo>
		<EquivalentTo>GDIConstructionYard</EquivalentTo>
		<DisplayName>Name:GDIConstructionYard</DisplayName>
		<ArmorSet
			Armor="GDIConstructionYardArmor"
			DamageFX="FactionStructureDamageFX"
			Conditions="" />
		<ArmorSet
			Armor="GDIConstructionYardSonicRepulsionFieldArmor"
			DamageFX="NormalDamageFX"
			Conditions="PLAYER_UPGRADE" />
		<SkirmishAIInformation
			BaseBuildingLocation="SIDE"
			ConquerMetricsOverrideDamageType="UNDEFINED"
			ConquerMetricsOverrideAntiMask="ANTI_GROUND"
			UnitBuilderStandardCombatUnit="False" />
		<Draws>
			<ScriptedModelDraw
				id="50DF2C46"
				RecoilDamping="0.4"
				MaxRecoilDistance="3"
				InitialRecoilSpeed="2"
				RecoilSettleSpeed="0.065"
				MinLODRequired="LOW"
				ProjectileBoneFeedbackEnabledSlots=""
				TrackMarks=""
				DependencySharedModelFlags=""
				HighDetailLODThreshold="0"
				LowDetailLODThreshold="0"
				WadingParticleSys=""
				AlphaCameraFadeOuterRadius="0"
				AlphaCameraFadeInnerRadius="0"
				AlphaCameraAtInnerRadius="100%"
				StaticSortLevelWhileFading="-1"
				BirthFadeTime="0"
				OkToChangeModelColor="True"
				AnimationsRequirePower="True"
				UseYAxisForTurretRotation="False"
				TrackMarksOnlyWhenCorneringQuickly="False"
				UseProducerTexture="False"
				NoRotate="False"
				UseFiringArcRotation="False"
				Selectable="True"
				RandomTextureFixedRandomIndex="False"
				ParticlesAttachedToAnimatedBones="False"
				ParticleBonesCheckDrawable="False"
				ShadowForceDisable="False"
				SwitchModelLODMode="False"
				StaticModelLODMode="False"
				ShowShadowWhileContained="False"
				UseStandardModelNames="False"
				UseDefaultAnimation="False"
				BirthFadeAdditive="False"
				ZWriteDisableOverride="False"
				MultiPlayerOnly="False"
				AffectedByStealth="True"
				InvertStealthOpacity="False"
				HighDetailOnly="False"
				SetAnimsToLastFrameOnConstructionComplete="True">
				<ModelConditionState
					ParseCondStateType="PARSE_DEFAULT"
					PortraitImage=""
					ButtonImage=""
					RetainSubObjects="False">
					<Model
						Name="GBCONYARD"
						ExtraMesh="False" />
				</ModelConditionState>
				<ModelConditionState
					ParseCondStateType="PARSE_NORMAL"
					ConditionsYes="UNPACKING REALLYDAMAGED"
					PortraitImage=""
					ButtonImage=""
					RetainSubObjects="False">
					<Model
						Name="GUMCVUPAK_SN"
						ExtraMesh="False" />
					<Texture
						Original="GB_Conyard01"
						New="GB_Conyard01D" />
				</ModelConditionState>
				<ModelConditionState
					ParseCondStateType="PARSE_NORMAL"
					ConditionsYes="UNPACKING DAMAGED"
					PortraitImage=""
					ButtonImage=""
					RetainSubObjects="False">
					<Model
						Name="GUMCVUPAK_SN"
						ExtraMesh="False" />
					<Texture
						Original="GB_Conyard01"
						New="GB_Conyard01D" />
				</ModelConditionState>
				<ModelConditionState
					ParseCondStateType="PARSE_NORMAL"
					ConditionsYes="UNPACKING"
					PortraitImage=""
					ButtonImage=""
					RetainSubObjects="False">
					<Model
						Name="GUMCVUPAK_SN"
						ExtraMesh="False" />
				</ModelConditionState>
				<ModelConditionState
					ParseCondStateType="PARSE_NORMAL"
					ConditionsYes="DAMAGED"
					PortraitImage=""
					ButtonImage=""
					RetainSubObjects="False">
					<Model
						Name="GBCONYARDD2_SN"
						ExtraMesh="False" />
				</ModelConditionState>
				<ModelConditionState
					ParseCondStateType="PARSE_NORMAL"
					ConditionsYes="REALLYDAMAGED"
					PortraitImage=""
					ButtonImage=""
					RetainSubObjects="False">
					<Model
						Name="GBCONYARDD2_SN"
						ExtraMesh="False" />
				</ModelConditionState>
				<ModelConditionState
					ParseCondStateType="PARSE_NORMAL"
					ConditionsYes="DYING"
					PortraitImage=""
					ButtonImage=""
					RetainSubObjects="False">
					<Model
						Name="GBCONYARDD3_SN"
						ExtraMesh="False" />
				</ModelConditionState>
				<AnimationState
					ParseCondStateType="PARSE_NORMAL"
					ConditionsYes="UNPACKING"
					EnteringStateFX=""
					FrameForPristineBonePositions="0"
					ShareAnimation="False"
					AllowRepeatInRandomPick="False"
					SimilarRestart="False">
					<Animation
						AnimationName="GUMCVUPAK_AN"
						AnimationMode="ONCE"
						Distance="0"
						AnimationBlendTime="5"
						AnimationSpeedFactorMin="1"
						AnimationSpeedFactorMax="1"
						WeaponTimingOrdering="PRIMARY_WEAPON"
						WeaponTimingSlotID="1"
						AnimationPriority="1"
						FadeBeginFrame="-1"
						FadeEndFrame="-1"
						AnimationMustCompleteBlend="False"
						UseWeaponTiming="False"
						FadingIn="False" />
				</AnimationState>
				<AnimationState
					ParseCondStateType="PARSE_NORMAL"
					ConditionsYes="DAMAGED"
					StateName="STATE_Damaged"
					Flags="START_FRAME_FIRST"
					EnteringStateFX=""
					FrameForPristineBonePositions="0"
					ShareAnimation="False"
					AllowRepeatInRandomPick="False"
					SimilarRestart="False">
					<Animation
						AnimationName="GBCONYARDD2_AN"
						AnimationMode="MANUAL"
						Distance="0"
						AnimationBlendTime="5"
						AnimationSpeedFactorMin="1"
						AnimationSpeedFactorMax="1"
						WeaponTimingOrdering="PRIMARY_WEAPON"
						WeaponTimingSlotID="1"
						AnimationPriority="1"
						FadeBeginFrame="-1"
						FadeEndFrame="-1"
						AnimationMustCompleteBlend="False"
						UseWeaponTiming="False"
						FadingIn="False" />
				</AnimationState>
				<AnimationState
					ParseCondStateType="PARSE_NORMAL"
					ConditionsYes="REALLYDAMAGED"
					StateName="STATE_ReallyDamaged"
					EnteringStateFX=""
					FrameForPristineBonePositions="0"
					ShareAnimation="False"
					AllowRepeatInRandomPick="False"
					SimilarRestart="False">
					<Animation
						AnimationName="GBCONYARDD2_AN"
						AnimationMode="ONCE"
						Distance="0"
						AnimationBlendTime="5"
						AnimationSpeedFactorMin="1"
						AnimationSpeedFactorMax="1"
						WeaponTimingOrdering="PRIMARY_WEAPON"
						WeaponTimingSlotID="1"
						AnimationPriority="1"
						FadeBeginFrame="-1"
						FadeEndFrame="-1"
						AnimationMustCompleteBlend="False"
						UseWeaponTiming="False"
						FadingIn="False" />
					<Script>
						Prev = CurDrawablePrevAnimationState();
							if Prev == "STATE_Damaged" then CurDrawableSetTransitionAnimState("TRANS_DamagedToReallyDamaged") end;
					</Script>
				</AnimationState>
				<AnimationState
					ParseCondStateType="PARSE_NORMAL"
					ConditionsYes="DYING"
					EnteringStateFX=""
					FrameForPristineBonePositions="0"
					ShareAnimation="False"
					AllowRepeatInRandomPick="False"
					SimilarRestart="False">
					<Animation
						AnimationName="GBCONYARDD3_AN"
						AnimationMode="ONCE"
						Distance="0"
						AnimationBlendTime="5"
						AnimationSpeedFactorMin="1"
						AnimationSpeedFactorMax="1"
						WeaponTimingOrdering="PRIMARY_WEAPON"
						WeaponTimingSlotID="1"
						AnimationPriority="1"
						FadeBeginFrame="-1"
						FadeEndFrame="-1"
						AnimationMustCompleteBlend="False"
						UseWeaponTiming="False"
						FadingIn="False" />
					<ParticleSysBone
						BoneName="NONE"
						FXParticleSystemTemplate="Des_Medium"
						PersistID="0"
						FollowBone="False"
						OnlyIfOnWater="False"
						OnlyIfOnLand="False" />
				</AnimationState>
				<AnimationState
					ParseCondStateType="PARSE_TRANSITION"
					ConditionsYes="TRANS_DamagedToReallyDamaged"
					EnteringStateFX=""
					FrameForPristineBonePositions="0"
					ShareAnimation="False"
					AllowRepeatInRandomPick="False"
					SimilarRestart="False">
					<Animation
						AnimationName="GBCONYARDD2_AN"
						AnimationMode="ONCE"
						Distance="0"
						AnimationBlendTime="5"
						AnimationSpeedFactorMin="1"
						AnimationSpeedFactorMax="1"
						WeaponTimingOrdering="PRIMARY_WEAPON"
						WeaponTimingSlotID="1"
						AnimationPriority="1"
						FadeBeginFrame="-1"
						FadeEndFrame="-1"
						AnimationMustCompleteBlend="False"
						UseWeaponTiming="False"
						FadingIn="False" />
				</AnimationState>
				<AnimationState
					ParseCondStateType="PARSE_TRANSITION"
					ConditionsYes="TRANS_ReallyDamagedToDying"
					EnteringStateFX=""
					FrameForPristineBonePositions="0"
					ShareAnimation="False"
					AllowRepeatInRandomPick="False"
					SimilarRestart="False">
					<Animation
						AnimationName="GBCONYARDD3_AN"
						AnimationMode="ONCE"
						Distance="0"
						AnimationBlendTime="5"
						AnimationSpeedFactorMin="1"
						AnimationSpeedFactorMax="1"
						WeaponTimingOrdering="PRIMARY_WEAPON"
						WeaponTimingSlotID="1"
						AnimationPriority="1"
						FadeBeginFrame="-1"
						FadeEndFrame="-1"
						AnimationMustCompleteBlend="False"
						UseWeaponTiming="False"
						FadingIn="False" />
				</AnimationState>
			</ScriptedModelDraw>
			<ScriptedModelDraw
				id="277D6937"
				RecoilDamping="0.4"
				MaxRecoilDistance="3"
				InitialRecoilSpeed="2"
				RecoilSettleSpeed="0.065"
				MinLODRequired="LOW"
				ProjectileBoneFeedbackEnabledSlots=""
				TrackMarks=""
				DependencySharedModelFlags=""
				HighDetailLODThreshold="0"
				LowDetailLODThreshold="0"
				WadingParticleSys=""
				AlphaCameraFadeOuterRadius="0"
				AlphaCameraFadeInnerRadius="0"
				AlphaCameraAtInnerRadius="100%"
				StaticSortLevelWhileFading="-1"
				BirthFadeTime="0"
				OkToChangeModelColor="True"
				AnimationsRequirePower="True"
				UseYAxisForTurretRotation="False"
				TrackMarksOnlyWhenCorneringQuickly="False"
				UseProducerTexture="False"
				NoRotate="False"
				UseFiringArcRotation="False"
				Selectable="True"
				RandomTextureFixedRandomIndex="False"
				ParticlesAttachedToAnimatedBones="False"
				ParticleBonesCheckDrawable="False"
				ShadowForceDisable="False"
				SwitchModelLODMode="False"
				StaticModelLODMode="False"
				ShowShadowWhileContained="False"
				UseStandardModelNames="False"
				UseDefaultAnimation="False"
				BirthFadeAdditive="False"
				ZWriteDisableOverride="False"
				MultiPlayerOnly="False"
				AffectedByStealth="True"
				InvertStealthOpacity="False"
				HighDetailOnly="False"
				SetAnimsToLastFrameOnConstructionComplete="True">
				<ModelConditionState
					ParseCondStateType="PARSE_DEFAULT"
					PortraitImage=""
					ButtonImage=""
					RetainSubObjects="False">
					<Model
						Name="GBCONYARDX_SKN"
						ExtraMesh="False" />
				</ModelConditionState>
				<ModelConditionState
					ParseCondStateType="PARSE_NORMAL"
					ConditionsYes="STRUCTURE_UNPACKING"
					PortraitImage=""
					ButtonImage=""
					RetainSubObjects="False">
					<Model
						Name="NBEMPTY_ABLD"
						ExtraMesh="False" />
				</ModelConditionState>
				<ModelConditionState
					ParseCondStateType="PARSE_NORMAL"
					ConditionsYes="UNPACKING"
					PortraitImage=""
					ButtonImage=""
					RetainSubObjects="False">
					<Model
						Name="NBEMPTY_ABLD"
						ExtraMesh="False" />
				</ModelConditionState>
				<ModelConditionState
					ParseCondStateType="PARSE_NORMAL"
					ConditionsYes="DAMAGED"
					PortraitImage=""
					ButtonImage=""
					RetainSubObjects="False">
					<Model
						Name="GBCONYARDX_SKN"
						ExtraMesh="False" />
					<Texture
						Original="GB_Conyard01"
						New="GB_Conyard01D" />
				</ModelConditionState>
				<ModelConditionState
					ParseCondStateType="PARSE_NORMAL"
					ConditionsYes="REALLYDAMAGED"
					PortraitImage=""
					ButtonImage=""
					RetainSubObjects="False">
					<Model
						Name="GBCONYARDX_SKN"
						ExtraMesh="False" />
					<Texture
						Original="GB_Conyard01"
						New="GB_Conyard01D" />
				</ModelConditionState>
				<ModelConditionState
					ParseCondStateType="PARSE_NORMAL"
					ConditionsYes="DYING"
					PortraitImage=""
					ButtonImage=""
					RetainSubObjects="False">
					<Model
						Name="GBCONYARDX_D3"
						ExtraMesh="False" />
					<Texture
						Original="GB_Conyard01"
						New="GB_Conyard01D" />
				</ModelConditionState>
				<AnimationState
					ParseCondStateType="PARSE_DEFAULT"
					StateName="STATE_Idle"
					Flags="RESTART_ANIM_WHEN_COMPLETE DO_NOT_PLAY_WHEN_UNPOWERED"
					EnteringStateFX=""
					FrameForPristineBonePositions="0"
					ShareAnimation="False"
					AllowRepeatInRandomPick="False"
					SimilarRestart="False">
					<Animation
						AnimationName="GBCONYARDX_IDL"
						AnimationMode="ONCE"
						Distance="0"
						AnimationBlendTime="5"
						AnimationSpeedFactorMin="1"
						AnimationSpeedFactorMax="1"
						WeaponTimingOrdering="PRIMARY_WEAPON"
						WeaponTimingSlotID="1"
						AnimationPriority="1"
						FadeBeginFrame="-1"
						FadeEndFrame="-1"
						AnimationMustCompleteBlend="False"
						UseWeaponTiming="False"
						FadingIn="False" />
					<Script>
						Prev = CurDrawablePrevAnimationState();
							if Prev == "STATE_Idle" then CurDrawableSetTransitionAnimState("TRANS_Bored") end;
					</Script>
				</AnimationState>
				<AnimationState
					ParseCondStateType="PARSE_NORMAL"
					ConditionsYes="STRUCTURE_UNPACKING"
					EnteringStateFX=""
					FrameForPristineBonePositions="0"
					ShareAnimation="False"
					AllowRepeatInRandomPick="False"
					SimilarRestart="False">
					<Animation
						AnimationName="NBEMPTY_ABLD"
						AnimationMode="ONCE"
						Distance="0"
						AnimationBlendTime="5"
						AnimationSpeedFactorMin="1"
						AnimationSpeedFactorMax="1"
						WeaponTimingOrdering="PRIMARY_WEAPON"
						WeaponTimingSlotID="1"
						AnimationPriority="1"
						FadeBeginFrame="-1"
						FadeEndFrame="-1"
						AnimationMustCompleteBlend="False"
						UseWeaponTiming="False"
						FadingIn="False" />
				</AnimationState>
				<AnimationState
					ParseCondStateType="PARSE_NORMAL"
					ConditionsYes="UNPACKING"
					EnteringStateFX=""
					FrameForPristineBonePositions="0"
					ShareAnimation="False"
					AllowRepeatInRandomPick="False"
					SimilarRestart="False">
					<Animation
						AnimationName="NBEMPTY_ABLD"
						AnimationMode="ONCE"
						Distance="0"
						AnimationBlendTime="5"
						AnimationSpeedFactorMin="0.8"
						AnimationSpeedFactorMax="0.8"
						WeaponTimingOrdering="PRIMARY_WEAPON"
						WeaponTimingSlotID="1"
						AnimationPriority="1"
						FadeBeginFrame="-1"
						FadeEndFrame="-1"
						AnimationMustCompleteBlend="False"
						UseWeaponTiming="False"
						FadingIn="False" />
				</AnimationState>
				<AnimationState
					ParseCondStateType="PARSE_NORMAL"
					ConditionsYes="DYING"
					EnteringStateFX=""
					FrameForPristineBonePositions="0"
					ShareAnimation="False"
					AllowRepeatInRandomPick="False"
					SimilarRestart="False">
					<Animation
						AnimationName="GBCONYARDX_D3"
						AnimationMode="ONCE"
						Distance="0"
						AnimationBlendTime="5"
						AnimationSpeedFactorMin="1"
						AnimationSpeedFactorMax="1"
						WeaponTimingOrdering="PRIMARY_WEAPON"
						WeaponTimingSlotID="1"
						AnimationPriority="1"
						FadeBeginFrame="-1"
						FadeEndFrame="-1"
						AnimationMustCompleteBlend="False"
						UseWeaponTiming="False"
						FadingIn="False" />
				</AnimationState>
				<AnimationState
					ParseCondStateType="PARSE_TRANSITION"
					StateName="TRANS_Bored"
					EnteringStateFX=""
					FrameForPristineBonePositions="0"
					ShareAnimation="False"
					AllowRepeatInRandomPick="False"
					SimilarRestart="False">
					<Animation
						AnimationName="GBCONYARDX_IDL"
						AnimationMode="ONCE"
						Distance="0"
						AnimationBlendTime="5"
						AnimationSpeedFactorMin="1"
						AnimationSpeedFactorMax="1"
						WeaponTimingOrdering="PRIMARY_WEAPON"
						WeaponTimingSlotID="1"
						AnimationPriority="1"
						FadeBeginFrame="-1"
						FadeEndFrame="-1"
						AnimationMustCompleteBlend="False"
						UseWeaponTiming="False"
						FadingIn="False" />
				</AnimationState>
			</ScriptedModelDraw>
			<ScriptedModelDraw
				id="CD182A15"
				RecoilDamping="0.4"
				MaxRecoilDistance="3"
				InitialRecoilSpeed="2"
				RecoilSettleSpeed="0.065"
				MinLODRequired="LOW"
				ProjectileBoneFeedbackEnabledSlots=""
				TrackMarks=""
				DependencySharedModelFlags=""
				HighDetailLODThreshold="0"
				LowDetailLODThreshold="0"
				WadingParticleSys=""
				AlphaCameraFadeOuterRadius="0"
				AlphaCameraFadeInnerRadius="0"
				AlphaCameraAtInnerRadius="100%"
				StaticSortLevelWhileFading="-1"
				BirthFadeTime="0"
				OkToChangeModelColor="True"
				AnimationsRequirePower="True"
				UseYAxisForTurretRotation="False"
				TrackMarksOnlyWhenCorneringQuickly="False"
				UseProducerTexture="False"
				NoRotate="False"
				UseFiringArcRotation="False"
				Selectable="True"
				RandomTextureFixedRandomIndex="False"
				ParticlesAttachedToAnimatedBones="False"
				ParticleBonesCheckDrawable="False"
				ShadowForceDisable="False"
				SwitchModelLODMode="False"
				StaticModelLODMode="True"
				ShowShadowWhileContained="False"
				UseStandardModelNames="True"
				UseDefaultAnimation="False"
				BirthFadeAdditive="False"
				ZWriteDisableOverride="False"
				MultiPlayerOnly="False"
				AffectedByStealth="True"
				InvertStealthOpacity="False"
				HighDetailOnly="False"
				SetAnimsToLastFrameOnConstructionComplete="True">
				<ModelConditionState
					ParseCondStateType="PARSE_DEFAULT"
					PortraitImage=""
					ButtonImage=""
					RetainSubObjects="False">
					<Model
						Name=""
						ExtraMesh="False" />
				</ModelConditionState>
				<ModelConditionState
					ParseCondStateType="PARSE_NORMAL"
					ConditionsYes="USER_6 DYING"
					PortraitImage=""
					ButtonImage=""
					RetainSubObjects="False">
					<Model
						Name=""
						ExtraMesh="False" />
				</ModelConditionState>
				<ModelConditionState
					ParseCondStateType="PARSE_NORMAL"
					ConditionsYes="USER_6 REALLYDAMAGED"
					PortraitImage=""
					ButtonImage=""
					RetainSubObjects="False">
					<Model
						Name=""
						ExtraMesh="False" />
				</ModelConditionState>
				<ModelConditionState
					ParseCondStateType="PARSE_NORMAL"
					ConditionsYes="USER_6 DAMAGED"
					PortraitImage=""
					ButtonImage=""
					RetainSubObjects="False">
					<Model
						Name=""
						ExtraMesh="False" />
				</ModelConditionState>
				<ModelConditionState
					ParseCondStateType="PARSE_NORMAL"
					ConditionsYes="USER_6"
					PortraitImage=""
					ButtonImage=""
					RetainSubObjects="False">
					<Model
						Name="GBCONYARDSRF_SKN"
						ExtraMesh="False" />
				</ModelConditionState>
				<AnimationState
					ParseCondStateType="PARSE_NORMAL"
					ConditionsYes="DOOR_1_OPENING"
					EnteringStateFX=""
					FrameForPristineBonePositions="0"
					ShareAnimation="False"
					AllowRepeatInRandomPick="False"
					SimilarRestart="False">
					<Script>
						CurDrawableHideSubObject("Gate01")
						CurDrawableHideSubObject("Gate02")
					</Script>
				</AnimationState>
				<AnimationState
					ParseCondStateType="PARSE_NORMAL"
					ConditionsYes="DOOR_1_CLOSING"
					StateName="STATE_Closed"
					EnteringStateFX=""
					FrameForPristineBonePositions="0"
					ShareAnimation="False"
					AllowRepeatInRandomPick="False"
					SimilarRestart="False">
					<Script>
						CurDrawableShowSubObject("Gate01")
						CurDrawableShowSubObject("Gate02")
					</Script>
				</AnimationState>
			</ScriptedModelDraw>
		</Draws>
		<Behaviors>
			<AttributeModifierPoolUpdate
				id="513BC476" />
			<FireWeaponWhenDead
				id="DDED328F"
				RequiresAllTriggers="False"
				RequiresAllConflictingTriggers="False"
				Permanent="False"
				WaypointMode="False"
				WaypointModeTerminal="True"
				DelayTime="0s"
				DeathWeapon="CatalystBuildingDeathWeapon"
				FocusFireKindOfFlag=""
				InitiallyActive="True"
				ActiveDuringConstruction="False"
				ContinueToBezierDestination="False">
				<DieMuxData
					ExemptStatus=""
					RequiredStatus=""
					DamageAmountRequired="-1"
					MinKillerAngle="0.9999999d"
					MaxKillerAngle="-0.9999999d"
					DeathTypes="CATALYST"
					DeathTypesForbidden="" />
			</FireWeaponWhenDead>
			<TemporarilyDefectUpdate
				id="3473AFD2"
				DefectionFrameCount="100" />
			<ModelConditionUpgrade
				id="931C692F"
				RequiresAllTriggers="False"
				RequiresAllConflictingTriggers="False"
				Permanent="False"
				WaypointMode="False"
				WaypointModeTerminal="True"
				AddConditionFlags="USER_6"
				RemoveConditionFlags=""
				AddTempConditionFlag="TOPPLED"
				TempConditionTime="0s">
				<TriggeredBy>Upgrade_SonicRepulsionField</TriggeredBy>
			</ModelConditionUpgrade>
			<BuildingBehavior
				id="2118A085"
				NightWindowObject="LIGHT_01" />
			<RadarBehavior
				id="A504956C" />
			<SlowDeath
				id="73542D4A"
				SinkRate="4"
				ProbabilityModifier="10"
				ModifierBonusPerOverkillPercent="0%"
				SinkDelay="3s"
				SinkDelayVariance="0s"
				DestructionDelay="8s"
				DestructionDelayVariance="0s"
				DecayBeginTime="0s"
				FlingForce="0"
				FlingForceVariance="0"
				FlingPitch="0d"
				FlingPitchVariance="0d"
				DeathFlags=""
				FadeTime="0s"
				FadeDelay="0s"
				DeathTypes=""
				DeathObjectStatusBits=""
				ShadowWhenDead="False"
				Fade="False">
				<Sound
					Type="INITIAL"
					List="HumanFaction_MediumBuilding_DieMS" />
				<DieMuxData
					ExemptStatus=""
					RequiredStatus=""
					DamageAmountRequired="-1"
					MinKillerAngle="0.9999999d"
					MaxKillerAngle="-0.9999999d"
					DeathTypes="ALL"
					DeathTypesForbidden="" />
			</SlowDeath>
			<FXListBehavior
				id="C74C39D8">
				<DieMuxData
					ExemptStatus=""
					RequiredStatus=""
					DamageAmountRequired="-1"
					MinKillerAngle="0.9999999d"
					MaxKillerAngle="-0.9999999d"
					DeathTypes="ALL"
					DeathTypesForbidden="" />
				<Event
					Index="onTransitionToDamaged"
					FX="FX_BuildDamaged_Large"
					MinThreshold="0"
					MaxThreshold="0"
					Direction="Default"
					OrientToObject="True"
					ForceUseDoFXObj="False" />
				<Event
					Index="onTransitionToReallyDamaged"
					FX="FX_BuildDamaged_Large"
					MinThreshold="0"
					MaxThreshold="0"
					Direction="Default"
					OrientToObject="True"
					ForceUseDoFXObj="False" />
				<Event
					Index="onTransitionToRubble"
					FX="FX_BuildRubble_Large"
					MinThreshold="0"
					MaxThreshold="0"
					Direction="Default"
					OrientToObject="True"
					ForceUseDoFXObj="False" />
			</FXListBehavior>
			<StructureUnpackUpdate
				UnpackTime="0.1s" />
			<ProductionUpdate
				id="749674DE"
				MaxQueueEntries="1"
				NumDoorAnimations="0"
				DoorOpeningTime="0s"
				DoorOpeningTimeMetaUnit="0s"
				DoorWaitOpenTime="0s"
				DoorCloseTime="0s"
				ConstructionCompleteDuration="0"
				DisabledTypesToProcess=""
				UnitInvulnerableTime="0"
				SpecialPrepModelconditionTime="0"
				BonusForType=""
				SpeedBonusAudioLoop=""
				Type="MAIN_STRUCTURE"
				ProductionTimeDelayScalar="0s"
				GiveNoXP="False"
				VeteranUnitsFromVeteranFactory="False"
				SetBonusModelConditionOnSpeedBonus="False"
				SecondaryQueue="False"
				IgnorePreReqs="False" />
			<ProductionUpdate
				id="999647B9"
				MaxQueueEntries="1"
				NumDoorAnimations="1"
				DoorOpeningTime="0.66s"
				DoorOpeningTimeMetaUnit="0s"
				DoorWaitOpenTime="3s"
				DoorCloseTime="0.66s"
				ConstructionCompleteDuration="0"
				DisabledTypesToProcess=""
				UnitInvulnerableTime="0"
				SpecialPrepModelconditionTime="0"
				BonusForType=""
				SpeedBonusAudioLoop=""
				Type="OTHER_STRUCTURE"
				ProductionTimeDelayScalar="0s"
				GiveNoXP="False"
				VeteranUnitsFromVeteranFactory="False"
				SetBonusModelConditionOnSpeedBonus="False"
				SecondaryQueue="False"
				IgnorePreReqs="False" />
			<ProductionUpdateInfo
				id="EF2F9805" />
			<QueueProductionExitUpdate
				id="09A084CF"
				PlacementViewAngle="0d"
				ExitDelay="1"
				InitialBurst="0"
				AllowAirborneCreation="False"
				NoExitPath="False"
				CanRallyToSlaughter="False"
				ClearAlliesFromDestination="True">
				<UnitCreatePoint
					x="-3"
					y="0"
					z="0" />
				<NaturalRallyPoint
					x="80"
					y="0"
					z="0" />
			</QueueProductionExitUpdate>
			<SpecialPower
				id="02847855"
				SpecialPowerTemplate="SpecialPower_GrantPackUpgrade"
				AntiCategory=""
				AntiFX=""
				AttributeModifier=""
				AttributeModifierRange="0"
				AttributeModifierFX=""
				WeatherDuration="0"
				InitiateFX=""
				TriggerFX=""
				SetModelCondition="TOPPLED"
				SetModelConditionTime="0s"
				GiveLevels="0"
				ChangeWeather="NORMAL"
				OnTriggerRechargeSpecialPower=""
				BurnDecayModifier="0"
				MaxDistanceFromCommandCenter="0"
				UpdateModuleStartsAttack="True"
				StartsPaused="False"
				ReEnableAntiCategory="False"
				AttributeModifierAffectsSelf="False"
				AttributeModifierWeatherBased="False"
				TargetEnemy="False"
				TargetAllSides="False"
				DisableDuringAnimDuration="False"
				IdleWhenStartingPower="False"
				AffectGood="False"
				AffectEvil="False"
				AffectAllies="True"
				AvailableAtStart="True"
				AdjustVictim="False"
				UseDistanceFromCommandCenter="False"
				ChildModuleHandlesFX="False">
				<AttributeModifierAffects
					Rule="UNPARSED"
					Relationship=""
					Alignment="NONE"
					Include=""
					Exclude=""
					StatusBitFlags=""
					RejectStatusBitFlags=""
					AcceptModelCondition=""
					RejectModelCondition="" />
				<RequirementsFilterMP
					Rule="UNPARSED"
					Relationship=""
					Alignment="NONE"
					Include=""
					Exclude=""
					StatusBitFlags=""
					RejectStatusBitFlags=""
					AcceptModelCondition=""
					RejectModelCondition="" />
				<RequirementsFilterStrategic
					Rule="UNPARSED"
					Relationship=""
					Alignment="NONE"
					Include=""
					Exclude=""
					StatusBitFlags=""
					RejectStatusBitFlags=""
					AcceptModelCondition=""
					RejectModelCondition="" />
			</SpecialPower>
			<GiveOrRestoreUpgradeSpecialPower
				id="E35B0503"
				GrabPassengerHealGain="0%"
				SpecialPowerTemplate="SpecialPower_GrantPackUpgrade"
				StartAbilityRange="1E+07"
				AbilityAbortRange="1E+07"
				PreparationTime="0s"
				PersistentPrepTime="0s"
				PersistentCount="-1"
				PackTime="0s"
				UnpackTime="0s"
				PreTriggerUnstealthTime="0s"
				Options=""
				PackUnpackVariationFactor="0"
				ParalyzeDurationWhenCompleted="0s"
				ParalyzeDurationWhenAborted="0s"
				SpecialObject=""
				MaxSpecialObjects="1"
				EffectDuration="0s"
				EffectValue="1"
				EffectRange="0"
				FleeRangeAfterCompletion="0"
				DisableFXParticleSystem=""
				PackSound="AudioEvent:"
				UnpackSound="AudioEvent:"
				PrepSoundLoop=""
				TriggerSound="AudioEvent:"
				ActiveLoopSound="AudioEvent:"
				AwardXPForTriggering="0"
				SkillPointsForTriggering="-1"
				UnpackingVariation="0"
				FreezeAfterTriggerDuration="0s"
				RequiredConditions=""
				RejectedConditions=""
				SetObjectStatusOnTrigger=""
				ClearObjectStatusOnExit=""
				TriggerAttributeModifier=""
				AttributeModifierDuration="0s"
				ChainedButton=""
				RequireAndSpendTiberiumOnCaster="0"
				DisabledTypesToProcess="HELD"
				DisabledTypesToContinueSoundsFor="HELD"
				StartRechargeOnExit="False"
				GoIdleInStartPreparation="True"
				FaceTarget="True"
				UpgradeToGive="Upgrade_Pack"
				WeaponFlags="" />
			<ArmorUpgrade
				id="D7169F09"
				RequiresAllTriggers="False"
				RequiresAllConflictingTriggers="False"
				Permanent="True"
				WaypointMode="False"
				WaypointModeTerminal="True"
				ArmorSetFlag="PLAYER_UPGRADE"
				KillArmorUpgrade="False"
				IgnoreArmorUpgrade="False">
				<TriggeredBy>Upgrade_SonicRepulsionField</TriggeredBy>
			</ArmorUpgrade>
			<StatusBitsUpgrade
				id="BA874D9A"
				RequiresAllTriggers="False"
				RequiresAllConflictingTriggers="False"
				Permanent="False"
				WaypointMode="False"
				WaypointModeTerminal="True"
				StatusToSet="RIDER1"
				StatusToClear=""
				ApplyToContained="False">
				<TriggeredBy>Upgrade_SonicRepulsionField</TriggeredBy>
			</StatusBitsUpgrade>
			<RepairUpdate
				id="41FDEB2A"
				RepopThreshold="0.2"
				HealAmountPerSecond="90"
				Toggleable="True"
				RepairableWhenDead="False">
				<PercentOfBuildCostToRebuildInfo
					Pristine="50%"
					Damaged="50%"
					ReallyDamaged="50%"
					Rubble="50%" />
				<SelfAudio
					SelfRepairFromDamageLoop=""
					SelfRepairFromRubbleLoop="" />
			</RepairUpdate>
			<EngineerContain
				id="E2BE8599"
				ReplaceWith=""
				NameOfVoiceToUseForFriendlyEnter="9D165EA1"
				NameOfVoiceToUseForHostileEnter="124DB476"
				FXForRepair="FX_Building_Repaired"
				FXForCapture="FX_Building_Captured"
				FXForCaptureAndReplace="FX_Building_Captured"
				EvaEventForRepair="BuildingRepaired"
				EvaEventForCapture="EnemyBuildingCaptured">
				<CanEnterFilter
					Rule="NONE"
					Relationship=""
					Alignment="NONE"
					Include=""
					Exclude=""
					StatusBitFlags=""
					RejectStatusBitFlags=""
					AcceptModelCondition=""
					RejectModelCondition="">
					<IncludeThing>GDIEngineer</IncludeThing>
					<IncludeThing>NODSaboteur</IncludeThing>
					<IncludeThing>AlienAssimilator</IncludeThing>
					<IncludeThing>SteelTalonsCombatEngineer</IncludeThing>
					<IncludeThing>ZOCOMEngineer</IncludeThing>
					<IncludeThing>BlackHandSaboteur</IncludeThing>
					<IncludeThing>MarkedOfKaneSaboteur</IncludeThing>
					<IncludeThing>Traveler59Assimilator</IncludeThing>
				</CanEnterFilter>
			</EngineerContain>
			<CreateObjectDie
				id="34FD1923"
				CreationList="OCL_GenericSteelTalonsBuildingDestruction"
				UpgradeForbidden="  ">
				<DieMuxData
					ExemptStatus=""
					RequiredStatus=""
					DamageAmountRequired="-1"
					MinKillerAngle="0.9999999d"
					MaxKillerAngle="-0.9999999d"
					DeathTypes="ALL"
					DeathTypesForbidden="SUICIDED DETONATED" />
			</CreateObjectDie>
			<CreateObjectDie
				id="4BF392A4"
				CreationList="OCL_ConyardSteelTalonsBuildingSuicide">
				<DieMuxData
					ExemptStatus=""
					RequiredStatus=""
					DamageAmountRequired="-1"
					MinKillerAngle="0.9999999d"
					MaxKillerAngle="-0.9999999d"
					DeathTypes="SUICIDED"
					DeathTypesForbidden="" />
			</CreateObjectDie>
			<ReplaceSelfUpgrade
				id="FC1FA9EE"
				RequiresAllTriggers="False"
				RequiresAllConflictingTriggers="False"
				Permanent="False"
				WaypointMode="False"
				WaypointModeTerminal="True"
				NewObjectUnpackTime="5s"
				DisabledDuringUnpack="True"
				CheckBuildAssistant="False">
				<TriggeredBy>Upgrade_Pack</TriggeredBy>
				<ReplacementTemplate>MetaTechMCV</ReplacementTemplate>
			</ReplaceSelfUpgrade>
		</Behaviors>
		<AI>
			<AIUpdate
				id="4B2D0C2A"
				AutoAcquireEnemiesWhenIdle="NO"
				StopChaseDistance="500"
				HoldGroundCloseRangeDistance="0"
				AILuaEventsList="BuildingPowerFunctions"
				MinCowerTime="0s"
				MaxCowerTime="0s"
				RampageTime="0s"
				BurningDeathTime="0s"
				TimeToEjectPassengersOnRampage="0"
				ComboLocomotorSet="NORMAL"
				ComboLocoAttackDistance="80"
				IdleTargetTime="0s"
				MaxCombineChildren="1"
				SpawnOffsetRadius="0"
				StandGround="False"
				CanAttackWhileContained="False"
				RampageRequiresAflame="False"
				FadeOnPortals="False" />
		</AI>
		<Body>
			<ActiveBody
				id="B313F576"
				MaxHealth="20000"
				MaxHealthDamaged="0"
				MaxHealthReallyDamaged="0"
				InitialHealth="-1"
				RecoveryTime="0"
				DodgePercent="0"
				EnteringDamagedTransitionTime="0s"
				EnteringReallyDamagedTransitionTime="0s"
				GrabFX=""
				GrabDamage="200"
				HealingBuffFX=""
				DamagedAttributeModifier=""
				ReallyDamagedAttributeModifier=""
				CheerRadius="200"
				BurningDeathFX=""
				SecondChanceUpgrade=""
				SecondChanceHeal="0"
				UseDefaultDamageSettings="True"
				RemoveUpgradesOnDeath="False"
				BurningDeathBehavior="False">
				<DamageTrigger
					HealthLevelBelowPercent="66"
					RemoveUpgrade="Upgrade_SonicRepulsionField"
					RemoveStatus="" />
			</ActiveBody>
		</Body>
		<ClientBehaviors>
			<AnimationSoundClientBehavior
				id="AnimationSoundCB" >
				<Sound
					Sound="AudioEvent:GDI_MCVUnpack1MS"
					Animation="GUMCVUPAK_AN"
					Frame="1" />
				<Sound
					Sound="AudioEvent:GDI_MCVUnpack2"
					Animation="GUMCVUPAK_AN"
					Frame="55" />
				<Sound
					Sound="AudioEvent:GDI_MCVUnpack3"
					Animation="GUMCVUPAK_AN"
					Frame="74" />
				<Sound
					Sound="AudioEvent:GDI_MCVUnpack4"
					Animation="GUMCVUPAK_AN"
					Frame="87" />
			</AnimationSoundClientBehavior>				
		</ClientBehaviors>
		<Geometry
			IsSmall="False">
			<Shape
				Type="BOX"
				ContactPointGeneration="NONE"
				MajorRadius="46"
				MinorRadius="35"
				Height="30"
				FrontAngle="0d"
				Active="True"
				UsedForHealthBox="True">
				<Offset
					x="9"
					y="0"
					z="0" />
			</Shape>
			<Shape
				Type="BOX"
				ContactPointGeneration="NONE"
				MajorRadius="17.5"
				MinorRadius="10"
				Height="14"
				FrontAngle="0d"
				Active="True"
				UsedForHealthBox="True">
				<Offset
					x="53"
					y="-32"
					z="0" />
			</Shape>
			<Shape
				Type="BOX"
				ContactPointGeneration="NONE"
				MajorRadius="11"
				MinorRadius="8.5"
				Height="18"
				FrontAngle="0d"
				Active="True"
				UsedForHealthBox="True">
				<Offset
					x="43"
					y="44"
					z="0" />
			</Shape>
			<ContactPoint>
				<Pos
					x="-30"
					y="34"
					z="30" />
			</ContactPoint>
			<ContactPoint>
				<Pos
					x="55"
					y="35"
					z="0" />
			</ContactPoint>
			<ContactPoint>
				<Pos
					x="55"
					y="-35"
					z="30" />
			</ContactPoint>
			<ContactPoint>
				<Pos
					x="55"
					y="35"
					z="0" />
			</ContactPoint>
			<ContactPoint>
				<Pos
					x="-30"
					y="-35"
					z="30" />
			</ContactPoint>
			<ContactPoint>
				<Pos
					x="55"
					y="35"
					z="0" />
			</ContactPoint>
			<ContactPoint>
				<Pos
					x="-30"
					y="-35"
					z="30" />
			</ContactPoint>
			<ContactPoint>
				<Pos
					x="-30"
					y="34"
					z="0" />
			</ContactPoint>
		</Geometry>
		<AudioArrayVoice>
			<AudioEntry
				Sound="AudioEvent:GDI_ConstructionYardSelect"
				AudioType="voiceSelect" />
		</AudioArrayVoice>
		<AudioArraySound>
			<AudioEntry Sound="AudioEvent:HumanFaction_MediumBuilding_LightDamageMS" AudioType="soundOnDamaged" />
			<AudioEntry Sound="AudioEvent:HumanFaction_MediumBuilding_HeavyDamageMS" AudioType="soundOnReallyDamaged" />
		</AudioArraySound>
		<EvaEvents
			EvaEventSoldOwner="AudioEvent:StructureSold"
			EvaEventDamagedOwner="AudioEvent:StructureUnderAttack"
			EvaEventSecondDamageFarFromFirstScanRange="200"
			EvaEventSecondDamageFarFromFirstTimeoutMS="155"
			EvaEventRepairingOwner="AudioEvent:StructureRepairing"
			EvaEnemyObjectSightedEvent="AudioEvent:EnemyCampSighted"
			EvaEventAvailableForProduction="AudioEvent:NewConstructionOptions"
			EvaEventProductionStarted="AudioEvent:BuildingConstructionStarted"
			EvaEventProductionComplete="AudioEvent:BuildingConstructionComplete"
			EvaEventPlacementFailed="AudioEvent:StructurePlacementFailed"
			EvaEventCannotBuildDueToFullBuildQueue="StructureCannotBuildDueToFullBuildQueue"
			EvaEventBuildOnHold="AudioEvent:BuildOnHold"
			EvaEventBuildCancelled="AudioEvent:BuildCancelled"
			EvaEventManuallyPoweredOff="AudioEvent:BuildingManuallyPoweredDown"
			EvaEventManuallyPoweredOn="AudioEvent:BuildingManuallyPoweredUp" />
		<ShadowInfo
			Type="VOLUME"
			Texture=""
			AdditionalTexture=""
			SizeX="0"
			SizeY="0"
			OffsetX="0"
			OffsetY="0"
			OpacityStart="0"
			OpacityFadeInTime="0s"
			OpacityPeak="1"
			OpacityFadeOutTime="0s"
			OpacityEnd="0"
			MaxHeight="20"
			SunAngle="0"
			OverrideLODVisibility="False"
			UseHouseColor="False"
			IsRotatingWithObject="True"
			LocalPlayerOnly="False" />
		<VisionInfo
			VisionRange="100"
			ShroudClearingRange="500"
			VisionSide="100%"
			VisionRear="100%"
			VisionBonusTestRadius="100"
			VisionBonusTestSegments="8"
			VisionBonusPercentPerFoot="0%"
			MaxVisionBonusPercent="50%"
			MinVisionBonusPercent="-50%" />
		<ProjectedBuildabilityInfo
			Radius="450"
			BuildPlacementTypes="MAIN_STRUCTURE OTHER_STRUCTURE"
			StatusToReject=""
			ModelConditionsToReject="" />
	</GameObject>
</AssetDeclaration>