<?xml version="1.0" encoding="UTF-8"?>
<AssetDeclaration
	xmlns="uri:ea.com:eala:asset"
	xmlns:xsi="http://www.w3.org/2001/XMLSchema-instance">
	<Tags/>
	<Includes>
		<Include
			source="DATA:static.xml"
			type="reference"/>
		<Include
			source="DATA:global.xml"
			type="reference"/>
		<Include
			source="ART:EVDefault.xml"
			type="instance"/>
		<Include
			source="ART:TSCloudMed.xml"
			type="instance"/>
		<Include
			source="ART:TSNoiseUrb.xml"
			type="instance"/>
		<Include
			source="DATA:GlobalData/roads.xml"
			type="instance"/>
		<Include
			source="DATA:sounds/musicscript_unknownzone.xml"
			type="instance"/>
		<Include
			source="overrides.xml"
			type="all"/>
	</Includes>
	<GameMap
		id="MetaModRemoveZoomLimitation">
		<Waypoint
			id="Player_2_Start">
			<Position
				x="282.785"
				y="199.851"
				z="0"/>
		</Waypoint>
		<Waypoint
			id="Player_1_Start">
			<Position
				x="185.529"
				y="296.87"
				z="0"/>
		</Waypoint>
		<MapMetaData
			BorderSize="10"
			CRC="0"
			Description="Map:MetaMod-RemoveZoomLimitation/Desc"
			DisplayName="MetaMod-RemoveZoomLimitation"
			FileName="Data"
			Height="70"
			IsMultiplayer="true"
			IsOfficial="false"
			NumPlayers="2"
			Width="70">
			<StartPosition
				Name="InitialCameraPosition">
				<Position
					x="0"
					y="0"
					z="0"/>
			</StartPosition>
			<StartPosition
				Name="Player_1_Start">
				<Position
					x="185.529"
					y="296.87"
					z="0"/>
			</StartPosition>
			<StartPosition
				Name="Player_2_Start">
				<Position
					x="282.785"
					y="199.851"
					z="0"/>
			</StartPosition>
		</MapMetaData>
		<EnvironmentData
			Cloud="TSCloudMed"
			Environment="EVDefault"
			Macro="TSNoiseUrb"/>
		<WorldDict>
			<BoolProperty
				Key="isLivingWorldScriptHolder"
				Value="false"/>
			<AssetIdProperty
				Key="musicZone"
				Value="MusicPalette_NotSet"/>
			<StringProperty
				Key="mapName"
				Value="MetaMod-RemoveZoomLimitation"/>
			<StringProperty
				Key="mapDescription"
				Value=""/>
			<IntProperty
				Key="compression"
				Value="1"/>
			<RealProperty
				Key="cameraGroundMinHeight"
				Value="0"/>
			<RealProperty
				Key="cameraGroundMaxHeight"
				Value="2560"/>
			<BoolProperty
				Key="isScenarioMultiplayer"
				Value="false"/>
			<IntProperty
				Key="weather"
				Value="0"/>
		</WorldDict>
	</GameMap>
	<TerrainTextureAtlas
		AllowLossyCompression="true"
		AtlasSize="2048"
		id="MetaModRemoveZoomLimitation">
		<Tile
			BaseTexture="ART:Terrain/CnC3Default.tga"
			NormalTexture="ART:Terrain/CnC3Default_nrm.tga"
			TextureID="2793349879"/>
	</TerrainTextureAtlas>
	<GameScriptList
		id="_neutral_">
		<ScriptSet/>
	</GameScriptList>
	<GameScriptList
		id="PlyrCivilian">
		<ScriptSet/>
	</GameScriptList>
	<GameScriptList
		id="PlyrCreeps">
		<ScriptSet/>
	</GameScriptList>
	<GameScriptList
		id="Skirmish">
		<ScriptSet/>
	</GameScriptList>
	<GameScriptList
		id="SkirmishNull">
		<ScriptSet/>
	</GameScriptList>
	<GameScriptList
		id="SkirmishObserver">
		<ScriptSet/>
	</GameScriptList>
	<GameScriptList
		id="SkirmishCommentator">
		<ScriptSet/>
	</GameScriptList>
	<GameScriptList
		id="SkirmishCivilian">
		<ScriptSet/>
	</GameScriptList>
	<GameScriptList
		id="SkirmishNeutral">
		<ScriptSet/>
	</GameScriptList>
	<GameScriptList
		id="SkirmishGDI">
		<ScriptSet/>
	</GameScriptList>
	<GameScriptList
		id="SkirmishSteelTalons">
		<ScriptSet/>
	</GameScriptList>
	<GameScriptList
		id="SkirmishZOCOM">
		<ScriptSet/>
	</GameScriptList>
	<GameScriptList
		id="SkirmishNod">
		<ScriptSet/>
	</GameScriptList>
	<GameScriptList
		id="SkirmishBlackHand">
		<ScriptSet/>
	</GameScriptList>
	<GameScriptList
		id="SkirmishMarkedOfKane">
		<ScriptSet/>
	</GameScriptList>
	<GameScriptList
		id="SkirmishAlien">
		<ScriptSet/>
	</GameScriptList>
	<GameScriptList
		id="SkirmishReaper17">
		<ScriptSet/>
	</GameScriptList>
	<GameScriptList
		id="SkirmishTraveler59">
		<ScriptSet/>
	</GameScriptList>
	<GameScriptList
		id="Player_1">
		<ScriptSet>
			<Script
				id="Script 1">
				<Action
					Type="CAMERA_LETTERBOX_BEGIN">
					<ParameterList/>
				</Action>
				<Action
					Type="SET_CAMERA_CLIP_DEPTH_MULTIPLIER">
					<ParameterList/>
				</Action>
				<Action
					Type="MAP_EXIT">
					<ParameterList/>
				</Action>
			</Script>
		</ScriptSet>
	</GameScriptList>
	<GameScriptList
		id="Player_2">
		<ScriptSet/>
	</GameScriptList>
	<GameScriptList
		id="Player_3">
		<ScriptSet/>
	</GameScriptList>
	<GameScriptList
		id="Player_4">
		<ScriptSet/>
	</GameScriptList>
</AssetDeclaration>