<?xml version="1.0"?>
<SageLuaScriptSection xmlns="http://tempuri.org/ScriptEvents.xsd">
    <Events>
		<!-- All internal events have a first parameter of self, which is the object receiving the event.  They may have additial parameters, depending
			 on the specific event. -->
        <InternalEvent Name="OnDamaged" /> <!-- OnDamaged(self, other) other is attacking object, may be nil -->
		<InternalEvent Name="OnHealed" />
        <InternalEvent Name="OnDestroyed" /> <!-- OnDestroyed(self) No parameters. Note that self is dead, but name and team are still valid. -->
        <InternalEvent Name="OnArrived" /> <!-- OnArrived(self) Arrived at the end of a waypoint path.  No parameters. -->
        <InternalEvent Name="OnUnitEntered" /> <!-- OnUnitEntered(self, areaName) Unit entered an area. Name of area is parameter. -->
        <!-- disabled since its really slow and nobody is using it... [mh, 5/7/2004]--><InternalEvent Name="OnTeamEntered" /> <!-- OnTeamEntered(self, areaName) Sent to the last unit of a team entering an area. -->
        <InternalEvent Name="OnUnitExited" /> <!-- OnUnitExited(self, areaName) Unit left an area. Name of area is parameter. -->
        <!-- disabled since its really slow and nobody is using it... [mh, 5/7/2004] --><InternalEvent Name="OnTeamExited" /> <!-- OnTeamExited(self, areaName) Sent to the last unit of a team leaving an area. -->
        <InternalEvent Name="OnTeamDestroyed" /> <!-- OnTeamDestroyed(self) Sent to the last unit of a team as it is destroyed. -->
        <InternalEvent Name="BeScary" /> <!-- Broadcast to a unit when he uses a power that makes him radiate scariness.. -->
		<InternalEvent Name="OnAflame" /> <!-- OnAflame(self) Broadcast to allies that I am on fire :) -->
		<InternalEvent Name="OnQuenched" /> <!-- OnQuenched(self) Broadcast to allies that I am no longer on fire :) -->
		<InternalEvent Name="OnCreated" /> <!-- OnCreated(self) sent when an object has been constructed -->
		<InternalEvent Name="OnBuildingComplete" /> <!--OnBuildingComplete sent when an object has completed building. IE construction complete-->
		<InternalEvent Name="DamageIncoming" /> <!-- DamageIncoming(self, other, delay, amount) other is shooter, delay is when the damage should hit, amount is how much.  So we can do a defense, or a "Oh heck" animation -->
        <InternalEvent Name="OnSlaughtered" /> <!-- OnSlaughtered(self, slaughterer). -->
        <InternalEvent Name="OnGenericEvent" /> <!-- self, string -->
		<InternalEvent Name="OnBuildVariation" /><!-- self, real -->
		<InternalEvent Name="OnClipEmpty" />
		<InternalEvent Name="OnClipFull" />
		<InternalEvent Name="OnPowerOutage" />
		<InternalEvent Name="OnPowerRestore" />

		<!-- Scripted events are of two kinds - first is one generated by the ObjectDispatchEvent or ObjectBroadcastEvent script.  The calling is
			DispatchedEvent(self, dispatchingObject, arbitraryString)  -->
        <ScriptedEvent Name="ExampleGuardMe" /> <!-- GuardMe(self, other, string) other is object generating the scripted event.  May be nil. -->
        <!-- Second kind of scripted event is a spy event. --> 
        <ScriptedEvent Name="ExampleSpyMoving" /> <!-- SpyMoving(self, spySelf, parameters...) spySelf is the object self is spying on, parameters is the spied event paramters, may be nil. -->
		
		<ScriptedEvent Name="BeAfraidOfPhial" />
		<ScriptedEvent Name="BeUncontrollablyAfraid" /> <!-- Becoming afraid whether we like it or not -->
		<ScriptedEvent Name="BeAfraidOfGateDamaged" /> <!-- Be afraid of the gate being damaged -->
		<ScriptedEvent Name="BeTerrified" /> <!-- Run Away! -->
		
		<ScriptedEvent Name="ChantForUnit" />		<!-- Chant for a special unit! -->
		<ScriptedEvent Name="StopChantForUnit" />	<!-- Stop Chant for a special unit! -->
		<ScriptedEvent Name="BeginChanting" />		<!-- Begin Chanting! -->
		<ScriptedEvent Name="StopChanting" />		<!-- Stop Chanting! -->
				
		<!-- All ModelCondition and ObjectStatus events have a single parameter of self, which is the object matching the conditions. -->
        <ModelConditionEvent Name="OnFire"> <!-- OnFire(self) self is object matching the modelconditions specified. -->
            <Conditions>-DYING +AFLAME</Conditions>
        </ModelConditionEvent>
        <ModelConditionEvent Name="ExampleMovingDamaged">
            <Conditions>+MOVING +DAMAGED -AFLAME</Conditions>
        </ModelConditionEvent>
        <ModelConditionEvent Name="Moving">
            <Conditions>+MOVING</Conditions>
        </ModelConditionEvent>
		<ModelConditionEvent Name="ReallyDamaged">
			<Conditions>+REALLYDAMAGED</Conditions>
		</ModelConditionEvent>
	
		<ModelConditionEvent Name="RecoverFromTerror">
			<Conditions>-EMOTION_TERROR -DYING</Conditions>
		</ModelConditionEvent>
		
		<ModelConditionEvent Name="UsingSpecialOne">
			<Conditions>+SPECIAL_POWER_1 -UNPACKING -PACKING</Conditions>
		</ModelConditionEvent>
       
		<ModelConditionEvent Name="UsingSpecialTwo">
			<Conditions>+SPECIAL_POWER_2 -UNPACKING -PACKING</Conditions>
		</ModelConditionEvent>
		
		<ModelConditionEvent Name="UsingSpecialThree">
			<Conditions>+SPECIAL_POWER_3 -UNPACKING -PACKING</Conditions>
		</ModelConditionEvent>
		
    </Events>
    
    <EventList Name="BaseScriptFunctions">
		<!-- If there are any events that need to apply to all units, put them here. jba -->
    </EventList>

	<EventList Name="BaseHuskCreatorScriptFunctions" Inherit="BaseScriptFunctions">
		<EventHandler EventName="OnCreated" ScriptFunctionName="OnBaseHuskCreatorCreated" DebugSingleStep="false"/>
	</EventList>

    <EventList Name="GDIOrcaAirstrikeEventsList" Inherit="GDIAirstrikeOrcaWeapon">
		<EventHandler EventName="OnCreated" ScriptFunctionName="onCreatedGDIOrcaAirstrike" DebugSingleStep="false"/>
    </EventList>

	<EventList Name="AlienMCVUnpackingEventsList" Inherit="BaseScriptFunctions">
		<EventHandler EventName="OnCreated" ScriptFunctionName="onCreatedAlienMCVUnpacking" DebugSingleStep="false"/>
	</EventList>
	
    <EventList Name="NeutralGarrisonableBuildingFunctions" Inherit="BaseScriptFunctions">
        <EventHandler EventName="OnCreated"	ScriptFunctionName="OnNeutralGarrisonableBuildingCreated" DebugSingleStep="false"/>
		<EventHandler EventName="OnGenericEvent"	ScriptFunctionName="OnNeutralGarrisonableBuildingGenericEvent" DebugSingleStep="false"/>
    </EventList>
    
    <EventList Name="GDITechCenterFunctions" Inherit="BaseScriptFunctions">
        <EventHandler EventName="OnCreated"	ScriptFunctionName="OnGDITechCenterCreated" DebugSingleStep="false"/>
		<EventHandler EventName="OnPowerOutage" ScriptFunctionName="onBuildingPowerOutage" DebugSingleStep="false"/>
		<EventHandler EventName="OnPowerRestore" ScriptFunctionName="onBuildingPowerRestored" DebugSingleStep="false"/>
    </EventList>

    <EventList Name="GDIMedicalBayFunctions" Inherit="BaseScriptFunctions">
        <EventHandler EventName="OnCreated"	ScriptFunctionName="OnGDIMedicalBayCreated" DebugSingleStep="false"/>
    </EventList>

    <EventList Name="GDIPowerPlantFunctions" Inherit="BaseScriptFunctions">
        <EventHandler EventName="OnCreated"	ScriptFunctionName="OnGDIPowerPlantCreated" DebugSingleStep="false"/>
		<EventHandler EventName="OnPowerOutage" ScriptFunctionName="onBuildingPowerOutage" DebugSingleStep="false"/>
		<EventHandler EventName="OnPowerRestore" ScriptFunctionName="onBuildingPowerRestored" DebugSingleStep="false"/>
    </EventList>
    
    <EventList Name="GDIInfantryCFunctions" Inherit="BaseScriptFunctions">
        <EventHandler EventName="OnCreated"	ScriptFunctionName="OnGDIInfantryCCreated" DebugSingleStep="false"/>
    </EventList>

	<EventList Name="GDIVehicleAGFunctions" Inherit="BaseScriptFunctions">
		<EventHandler EventName="OnCreated"	ScriptFunctionName="OnGDIVehicleAGCreated" DebugSingleStep="false"/>
	</EventList>
	
	<EventList Name="GDIVehicleAGHuskFunctions" Inherit="BaseScriptFunctions">
		<EventHandler EventName="OnCreated"	ScriptFunctionName="OnGDIVehicleAGHuskCreated" DebugSingleStep="false"/>
	</EventList>

		<EventList Name="GDIVehicleDFunctions" Inherit="BaseScriptFunctions">
        <EventHandler EventName="OnCreated"	ScriptFunctionName="OnGDIVehicleDCreated" DebugSingleStep="false"/>
    </EventList>
    
	<EventList Name="GDIVehicleDHuskFunctions" Inherit="BaseScriptFunctions">
		<EventHandler EventName="OnCreated"	ScriptFunctionName="OnGDIVehicleDHuskCreated" DebugSingleStep="false"/>
	</EventList>

    <EventList Name="GDIVehicleGFunctions" Inherit="BaseScriptFunctions">
        <EventHandler EventName="OnCreated"	ScriptFunctionName="OnGDIVehicleGCreated" DebugSingleStep="false"/>
    </EventList>
    
    <EventList Name="GDIVehicleHFunctions" Inherit="BaseScriptFunctions">
        <EventHandler EventName="OnCreated"	ScriptFunctionName="OnGDIVehicleHCreated" DebugSingleStep="false"/>
    </EventList>

    <EventList Name="NODShredderFunctions" Inherit="BaseScriptFunctions">
        <EventHandler EventName="OnCreated"	ScriptFunctionName="OnNODShredderCreated" DebugSingleStep="false"/>
    </EventList>

	<EventList Name="GDIWatchTowerFunctions" Inherit="BaseScriptFunctions">
		<EventHandler EventName="OnCreated"	ScriptFunctionName="OnGDIWatchTowerCreated" DebugSingleStep="false"/>
	</EventList>

	<EventList Name="GDIAircraftBFunctions" Inherit="BaseScriptFunctions">
        <EventHandler EventName="OnCreated"	ScriptFunctionName="OnGDIAircraftBCreated" DebugSingleStep="false"/>
    </EventList>

	<EventList Name="GDIInfantryFSquadFunctions" Inherit="BaseScriptFunctions">
		<EventHandler EventName="OnCreated"		ScriptFunctionName="OnGDIInfantryFSquadCreated" DebugSingleStep="false"/>
	</EventList>

	<EventList Name="GDIInfantryTFunctions" Inherit="BaseScriptFunctions">
		<EventHandler EventName="OnGenericEvent" ScriptFunctionName="OnGDIInfantryTGenericEvent" DebugSingleStep="false"/>
		<EventHandler EventName="OnCreated"		ScriptFunctionName="OnGDIInfantryTCreated" DebugSingleStep="false"/>
	</EventList>
	

	<EventList Name="GDIAircraftAFunctions" Inherit="BaseScriptFunctions">
		<EventHandler EventName="OnCreated"		ScriptFunctionName="OnGDIAircraftACreated" DebugSingleStep="false"/>
		<EventHandler EventName="OnClipEmpty"	ScriptFunctionName="OnGDIOrcaClipEmpty" DebugSingleStep="false"/>
		<EventHandler EventName="OnClipFull"	ScriptFunctionName="OnGDIOrcaClipFull" DebugSingleStep="false"/>
    </EventList>

	<EventList Name="GDIVehicleJFunctions" Inherit="BaseScriptFunctions">
		<EventHandler EventName="OnCreated"	ScriptFunctionName="OnGDIVehicleJCreated" DebugSingleStep="false"/>
	</EventList>

    <EventList Name="NodVehicleDFunctions" Inherit="BaseScriptFunctions">
        <EventHandler EventName="OnCreated"	ScriptFunctionName="OnNODVehicleDCreated" DebugSingleStep="false"/>
    </EventList>

	<EventList Name="NODVehicleGFunctions" Inherit="BaseScriptFunctions">
		<EventHandler EventName="OnCreated"	ScriptFunctionName="OnNODVehicleGCreated" DebugSingleStep="false"/>
	</EventList>
	
	<EventList Name="NODVehicleGHuskFunctions" Inherit="BaseScriptFunctions">
		<EventHandler EventName="OnCreated"	ScriptFunctionName="OnNODVehicleGCreated" DebugSingleStep="false"/>
		<EventHandler EventName="OnGenericEvent" ScriptFunctionName="OnNODVehicleGGenericEvent" DebugSingleStep="false"/>
	</EventList>

	<EventList Name="NODVehicleAFunctions" Inherit="BaseScriptFunctions">
		<EventHandler EventName="OnCreated"	ScriptFunctionName="OnNODVehicleACreated" DebugSingleStep="false"/>
	</EventList>

	<EventList Name="NODVehicleADFunctions" Inherit="BaseScriptFunctions">
		<EventHandler EventName="OnCreated"	ScriptFunctionName="OnNODVehicleADCreated" DebugSingleStep="false"/>
		<EventHandler EventName="OnContainCountChanged" ScriptFunctionName="OnNODVehicleADContainCountChanged" DebugSingleStep="false"/>
	</EventList>

	<EventList Name="NODVehicleADHuskFunctions" Inherit="BaseScriptFunctions">
		<EventHandler EventName="OnCreated"	ScriptFunctionName="OnNODVehicleADHuskCreated" DebugSingleStep="false"/>
	</EventList>

	<EventList Name="NODVehicleAFHuskFunctions" Inherit="BaseScriptFunctions">
		<EventHandler EventName="OnCreated"	ScriptFunctionName="NODVehicleAFHuskFunctions" DebugSingleStep="false"/>
	</EventList>

	<EventList Name="NODAircraftAFunctions" Inherit="BaseScriptFunctions">
		<EventHandler EventName="OnCreated"	ScriptFunctionName="OnNODAircraftACreated" DebugSingleStep="false"/>
	</EventList>

	<EventList Name="NODAircraftNFunctions" Inherit="BaseScriptFunctions">
		<EventHandler EventName="OnCreated"	ScriptFunctionName="OnNODAircraftNCreated" DebugSingleStep="false"/>
	</EventList>

	<EventList Name="NODTechAssembleyPlantFunctions" Inherit="BaseScriptFunctions">
		<EventHandler EventName="OnCreated"	ScriptFunctionName="OnNODTechAssembleyPlantCreated" DebugSingleStep="false"/>
	</EventList>

	<EventList Name="NODSecretShrineFunctions" Inherit="BaseScriptFunctions">
		<EventHandler EventName="OnCreated"	ScriptFunctionName="OnNODSecretShrineCreated" DebugSingleStep="false"/>
		<EventHandler EventName="OnPowerOutage" ScriptFunctionName="OnNODSecretShrinePowerOutage" DebugSingleStep="false"/>
		<EventHandler EventName="OnPowerRestore" ScriptFunctionName="OnNODSecretShrinePowerRestored" DebugSingleStep="false"/>
	</EventList>

	<EventList Name="ControlPointFunctions" Inherit="BaseScriptFunctions">
		<EventHandler EventName="OnCreated" ScriptFunctionName="onCreatedControlPointFunctions" DebugSingleStep="false"/>
	</EventList>

	<EventList Name="BuildingPowerFunctions" Inherit="BaseScriptFunctions">
		<EventHandler EventName="OnPowerOutage" ScriptFunctionName="onBuildingPowerOutage" DebugSingleStep="false"/>
		<EventHandler EventName="OnPowerRestore" ScriptFunctionName="onBuildingPowerRestored" DebugSingleStep="false"/>
	</EventList>
	
    <EventList Name="InfantryFunctions" Inherit="BaseScriptFunctions">
		<!-- These are events that will apply to all infantry.  Any infantry units should inherit this set. jba -->
		<EventHandler EventName="BeTerrified"				ScriptFunctionName="BecomeTerrified"			DebugSingleStep="false"/>
		<EventHandler EventName="BeUncontrollablyAfraid"	ScriptFunctionName="BecomeUncontrollablyAfraid" DebugSingleStep="false"/>
    </EventList>
    
    <EventList Name="CavalryFunctions" Inherit="BaseScriptFunctions">
		<!-- These are events that will apply to all infantry.  Any infantry units should inherit this set. jba -->
		<EventHandler EventName="BeTerrified"			ScriptFunctionName="BecomeTerrified" DebugSingleStep="false"/>
		<EventHandler EventName="BeUncontrollablyAfraid"	ScriptFunctionName="BecomeUncontrollablyAfraid" DebugSingleStep="false"/>
    </EventList>

    <EventList Name="ArcherFunctions" Inherit="InfantryFunctions">
    </EventList>
    
	<!-- Generic keep Lua Event Lists -->
	<EventList Name="GarrisonableFunctions">
		<EventHandler EventName="OnCreated"	ScriptFunctionName="OnGarrisonableCreated" DebugSingleStep="false"/>
    </EventList>
    
    <EventList Name="RubbleDropshipFunctions" Inherit="BaseScriptFunctions">
        <EventHandler EventName="OnCreated"	ScriptFunctionName="OnRubbleDropshipCreated" DebugSingleStep="false"/>
    </EventList>

	<!-- XPACK LUA FUNCTION LISTS -->

	<EventList Name="NODInfantryIFunctions" Inherit="BaseScriptFunctions">
		<EventHandler EventName="OnCreated"	ScriptFunctionName="OnNODInfantryICreated" DebugSingleStep="false"/>
	</EventList>

	<EventList Name="NODVehicleMFunctions" Inherit="BaseScriptFunctions">
		<EventHandler EventName="OnCreated"	ScriptFunctionName="OnNodVehicleMCreated" DebugSingleStep="false"/>
	</EventList>

	<EventList Name="NodVehicleLFunctions" Inherit="BaseScriptFunctions">
		<EventHandler EventName="OnCreated"	ScriptFunctionName="OnNODVehicleLCreated" DebugSingleStep="false"/>
	</EventList>

	<EventList Name="NODVehicleRFunctions" Inherit="BaseScriptFunctions">
		<EventHandler EventName="OnCreated"	ScriptFunctionName="OnNODVehicleRCreated" DebugSingleStep="false"/>
	</EventList>

	<EventList Name="NodVehicleOFunctions" Inherit="BaseScriptFunctions">
		<EventHandler EventName="OnCreated"	ScriptFunctionName="OnNodVehicleOCreated" DebugSingleStep="false"/>
	</EventList>

	<EventList Name="TechStructureEFunctions" Inherit="BaseScriptFunctions">
		<EventHandler EventName="OnCreated" ScriptFunctionName="TechStructureEOnCreated" DebugSingleStep="false"/>
	</EventList>

	<EventList Name="NODStructureJFunctions" Inherit="BaseScriptFunctions">
		<EventHandler EventName="OnCreated" ScriptFunctionName="NODStructureJOnCreated" DebugSingleStep="false"/>
	</EventList>

	<EventList Name="NODStructureJRocketFunctions" Inherit="BaseScriptFunctions">
		<EventHandler EventName="OnCreated" ScriptFunctionName="NODStructureJRocketOnCreated" DebugSingleStep="false"/>
	</EventList>

	<EventList Name="GDIStructureEFunctions" Inherit="BaseScriptFunctions">
		<EventHandler EventName="OnCreated" ScriptFunctionName="GDIStructureEOnCreated" DebugSingleStep="false"/>
	</EventList>

	<EventList Name="GDIStructureIFunctions" Inherit="BaseScriptFunctions">
		<EventHandler EventName="OnCreated" ScriptFunctionName="GDIStructureIOnCreated" DebugSingleStep="false"/>
	</EventList>

  <EventList Name="SharedBaseHoleFunctions" Inherit="BaseScriptFunctions">
    <EventHandler EventName="OnCreated" ScriptFunctionName="SharedBaseHoleOnCreated" DebugSingleStep="false" />
  </EventList>

	<EventList Name="GDIVehicleVFunctions" Inherit="BaseScriptFunctions">
		<EventHandler EventName="OnCreated"	ScriptFunctionName="OnGDIVehicleVCreated" DebugSingleStep="false"/>
	</EventList>

	<EventList Name="GDIVehicleSFunctions" Inherit="BaseScriptFunctions">
		<EventHandler EventName="OnCreated"	ScriptFunctionName="OnGDIVehicleSCreated" DebugSingleStep="false"/>
	</EventList>

	<EventList Name="CrawlerFunctions" Inherit="BaseScriptFunctions">
		<EventHandler EventName="OnCreated"	ScriptFunctionName="CrawlerCreated" DebugSingleStep="false"/>
	</EventList>

	<EventList Name="GideonCrawlerFunctions" Inherit="BaseScriptFunctions">
		<EventHandler EventName="OnCreated"	ScriptFunctionName="GideonCrawlerCreated" DebugSingleStep="false"/>
	</EventList>

	<EventList Name="NodVehicleCFunctions" Inherit="BaseScriptFunctions">
		<EventHandler EventName="OnCreated"	ScriptFunctionName="OnNodVehicleCCreated" DebugSingleStep="false"/>
	</EventList>

	<EventList Name="NodVehicleWFunctions" Inherit="BaseScriptFunctions">
		<EventHandler EventName="OnCreated"	ScriptFunctionName="OnNODVehicleWCreated" DebugSingleStep="false"/>
	</EventList>

	<EventList Name="NODVehicleBFunctions" Inherit="BaseScriptFunctions">
		<EventHandler EventName="OnCreated"	ScriptFunctionName="OnNODVehicleBCreated" DebugSingleStep="false"/>
	</EventList>
	
	<EventList Name="NODStructureAEvents" Inherit="BaseScriptFunctions">
		<EventHandler EventName="OnCreated" ScriptFunctionName="NODStructureAOnCreated" DebugSingleStep="false"/>
	</EventList>

	<EventList Name="GDIVehicleAFunctions" Inherit="BaseScriptFunctions">
		<EventHandler EventName="OnCreated"	ScriptFunctionName="OnGDIVehicleACreated" DebugSingleStep="false"/>
	</EventList>

	<EventList Name="GDIVehicleABFunctions" Inherit="BaseScriptFunctions">
		<EventHandler EventName="OnCreated"	ScriptFunctionName="OnGDIVehicleABCreated" DebugSingleStep="false"/>
	</EventList>
	
	<EventList Name="GDIVehicleACFunctions" Inherit="BaseScriptFunctions">
		<EventHandler EventName="OnCreated"	ScriptFunctionName="OnGDIVehicleACCreated" DebugSingleStep="false"/>
	</EventList>

	<EventList Name="NODVehicleABFunctions" Inherit="BaseScriptFunctions">
		<EventHandler EventName="OnCreated"	ScriptFunctionName="OnNODVehicleABCreated" DebugSingleStep="false"/>
	</EventList>

	<EventList Name="GDIVehicleAEFunctions" Inherit="BaseScriptFunctions">
		<EventHandler EventName="OnCreated"	ScriptFunctionName="OnGDIVehicleAECreated" DebugSingleStep="false"/>
	</EventList>

  <EventList Name="NODStructureFFunctions" Inherit="BaseScriptFunctions">
		<EventHandler EventName="OnCreated"	ScriptFunctionName="OnNODStructureFCreated" DebugSingleStep="false"/>
	</EventList>

  <EventList Name="GDIVehiclePFunctions" Inherit="BaseScriptFunctions">
    <EventHandler EventName="OnCreated"	ScriptFunctionName="OnGDIVehiclePCreated" DebugSingleStep="false"/>
  </EventList>

	<EventList Name="GDIVehicleMFunctions" Inherit="BaseScriptFunctions">
		<EventHandler EventName="OnCreated"	ScriptFunctionName="OnGDIVehicleMCreated" DebugSingleStep="false"/>
	</EventList>

  <EventList Name="ConquerVehicleFunctions" Inherit="BaseScriptFunctions">
    <EventHandler EventName="OnCreated"	ScriptFunctionName="OnConquerVehicleCreated" DebugSingleStep="false"/>
  </EventList>

  <EventList Name="GDIVehicleADFunctions" Inherit="BaseScriptFunctions">
    <EventHandler EventName="OnCreated"	ScriptFunctionName="OnGDIVehicleADCreated" DebugSingleStep="false"/>
  </EventList>

  <EventList Name="GDIVehicleABFunctions" Inherit="BaseScriptFunctions">
    <EventHandler EventName="OnCreated"	ScriptFunctionName="OnGDIVehicleABCreated" DebugSingleStep="false"/>
  </EventList>

  <EventList Name="GDIVehicleLFunctions" Inherit="BaseScriptFunctions">
    <EventHandler EventName="OnCreated"	ScriptFunctionName="OnGDIVehicleLCreated" DebugSingleStep="false"/>
  </EventList>

	<EventList Name="GDIVehicleLHuskFunctions" Inherit="BaseScriptFunctions">
		<EventHandler EventName="OnCreated"	ScriptFunctionName="OnGDIVehicleLHuskCreated" DebugSingleStep="false"/>
	</EventList>

  <EventList Name="NodVehicleCFunctions" Inherit="BaseScriptFunctions">
    <EventHandler EventName="OnCreated"	ScriptFunctionName="OnNodVehicleCCreated" DebugSingleStep="false"/>
  </EventList>

  <EventList Name="NodVehicleTFunctions" Inherit="BaseScriptFunctions">
    <EventHandler EventName="OnCreated"	ScriptFunctionName="OnNodVehicleTCreated" DebugSingleStep="false"/>
  </EventList>

  <EventList Name="NodVehicleFFunctions" Inherit="BaseScriptFunctions">
    <EventHandler EventName="OnCreated"	ScriptFunctionName="OnNodVehicleFCreated" DebugSingleStep="false"/>
  </EventList>

  <EventList Name="NodVehicleEFunctions" Inherit="BaseScriptFunctions">
    <EventHandler EventName="OnCreated"	ScriptFunctionName="OnNodVehicleECreated" DebugSingleStep="false"/>
  </EventList>

  <EventList Name="IonStormFunctions" Inherit="BaseScriptFunctions">
    <EventHandler EventName="OnCreated"	ScriptFunctionName="OnIonStormCreated" DebugSingleStep="false"/>
  </EventList>
    
  <EventList Name="NodVehicleIFunctions" Inherit="BaseScriptFunctions">
    <EventHandler EventName="OnCreated"	ScriptFunctionName="OnNODVehicleICreated" DebugSingleStep="false"/>
  </EventList>
  
  <EventList Name="NODAircraftJFunctions" Inherit="BaseScriptFunctions">
		<EventHandler EventName="OnCreated"	ScriptFunctionName="OnNODAircraftJCreated" DebugSingleStep="false"/>
	</EventList>
	
	<EventList Name="NODInfantryTFunctions" Inherit="BaseScriptFunctions">
		<EventHandler EventName="OnCreated"	ScriptFunctionName="OnNODInfantryTCreated" DebugSingleStep="false"/>
	</EventList>
	
	<EventList Name="NODStructureDFunctions" Inherit="BaseScriptFunctions">
		<EventHandler EventName="OnCreated"	ScriptFunctionName="OnNODStructureDCreated" DebugSingleStep="false"/>
	</EventList>
  
  <EventList Name="GDIAircraftOFunctions" Inherit="BaseScriptFunctions">
     <EventHandler EventName="OnCreated"	ScriptFunctionName="OnGDIAircraftOCreated" DebugSingleStep="false"/>
  </EventList>
    
  <EventList Name="GDIInfantryVFunctions" Inherit="BaseScriptFunctions">
     <EventHandler EventName="OnCreated"	ScriptFunctionName="OnGDIInfantryVCreated" DebugSingleStep="false"/>
  </EventList>
  
  <EventList Name="GDIInfantryRFunctions" Inherit="BaseScriptFunctions">
      <EventHandler EventName="OnCreated"	ScriptFunctionName="OnGDIInfantryRCreated" DebugSingleStep="false"/>
  </EventList>  
 
	<EventList Name="GDIStructureBFunctions" Inherit="BaseScriptFunctions">
		<EventHandler EventName="OnCreated"	ScriptFunctionName="OnGDIStructureBCreated" DebugSingleStep="false"/>
	</EventList>
	
	<EventList Name="GDIStructureCFunctions" Inherit="BaseScriptFunctions">
		<EventHandler EventName="OnCreated"	ScriptFunctionName="OnGDIStructureCCreated" DebugSingleStep="false"/>
	</EventList>
	
	<EventList Name="GDIStructureAFunctions" Inherit="BaseScriptFunctions">
		<EventHandler EventName="OnCreated"	ScriptFunctionName="OnGDIStructureACreated" DebugSingleStep="false"/>
	</EventList>	
	
	<EventList Name="GDIStructureDFunctions" Inherit="BaseScriptFunctions">
		<EventHandler EventName="OnCreated"	ScriptFunctionName="OnGDIStructureDCreated" DebugSingleStep="false"/>
	</EventList>	
	
	<EventList Name="GDIStructureFFunctions" Inherit="BaseScriptFunctions">
		<EventHandler EventName="OnCreated"	ScriptFunctionName="OnGDIStructureFCreated" DebugSingleStep="false"/>
	</EventList>

  <EventList Name="GDIStructureGFunctions" Inherit="BaseScriptFunctions">
    <EventHandler EventName="OnCreated"	ScriptFunctionName="OnGDIStructureGCreated" DebugSingleStep="false"/>
  </EventList>

  <EventList Name="GDIVehicleAFFunctions" Inherit="BaseScriptFunctions">
    <EventHandler EventName="OnCreated"	ScriptFunctionName="OnGDIVehicleAFCreated" DebugSingleStep="false"/>
  </EventList>

  <EventList Name="GDIInfantryUFunctions" Inherit="BaseScriptFunctions">
    <EventHandler EventName="OnCreated"	ScriptFunctionName="OnGDIInfantryUCreated" DebugSingleStep="false"/>
  </EventList>
  
  <EventList Name="NODVehicleACFunctions" Inherit="BaseScriptFunctions">
    <EventHandler EventName="OnCreated"	ScriptFunctionName="OnNODVehicleACCreated" DebugSingleStep="false"/>
  </EventList>

	<EventList Name="NODVehicleACHuskFunctions" Inherit="BaseScriptFunctions">
		<EventHandler EventName="OnCreated"	ScriptFunctionName="OnNODVehicleACHuskCreated" DebugSingleStep="false"/>
	</EventList>

  <EventList Name="NODInfantryUFunctions" Inherit="BaseScriptFunctions">
    <EventHandler EventName="OnCreated"	ScriptFunctionName="OnNODInfantryUCreated" DebugSingleStep="false"/>
  </EventList>

  <EventList Name="NODInfantrySFunctions" Inherit="BaseScriptFunctions">
    <EventHandler EventName="OnCreated"	ScriptFunctionName="OnNODInfantrySCreated" DebugSingleStep="false"/>
  </EventList>

  <EventList Name="NODInfantryRFunctions" Inherit="BaseScriptFunctions">
    <EventHandler EventName="OnCreated"	ScriptFunctionName="OnNODInfantryRCreated" DebugSingleStep="false"/>
  </EventList>

  <EventList Name="NODAircraftOFunctions" Inherit="BaseScriptFunctions">
    <EventHandler EventName="OnCreated"	ScriptFunctionName="OnNODAircraftOCreated" DebugSingleStep="false"/>
  </EventList>

	<EventList Name="NODStructureBFunctions" Inherit="BaseScriptFunctions">
		<EventHandler EventName="OnCreated" ScriptFunctionName="NODStructureBOnCreated" DebugSingleStep="false"/>
	</EventList>

  <EventList Name="NODStructureCFunctions" Inherit="BaseScriptFunctions">
    <EventHandler EventName="OnCreated" ScriptFunctionName="OnNODStructureCCreated" DebugSingleStep="false"/>
  </EventList>

  <EventList Name="NODStructureGFunctions" Inherit="BaseScriptFunctions">
    <EventHandler EventName="OnCreated" ScriptFunctionName="OnNODStructureGCreated" DebugSingleStep="false"/>
  </EventList>

  <EventList Name="GDIVehicleAKFunctions" Inherit="BaseScriptFunctions">
    <EventHandler EventName="OnCreated"	ScriptFunctionName="OnGDIVehicleAKCreated" DebugSingleStep="false"/>
  </EventList>

  <EventList Name="NODInfantryBFunctions" Inherit="BaseScriptFunctions">
    <EventHandler EventName="OnCreated"	ScriptFunctionName="OnNODInfantryBCreated" DebugSingleStep="false"/>
  </EventList>

  <EventList Name="GDIInfantryOFunctions" Inherit="BaseScriptFunctions">
    <EventHandler EventName="OnCreated"	ScriptFunctionName="OnGDIInfantryOCreated" DebugSingleStep="false"/>
  </EventList>

  <EventList Name="NODStructureEFunctions" Inherit="BaseScriptFunctions">
    <EventHandler EventName="OnCreated" ScriptFunctionName="OnNODStructureECreated" DebugSingleStep="false"/>
  </EventList>

	<EventList Name="CrystalLifterFunctions" Inherit="BaseScriptFunctions">
		<EventHandler EventName="OnCreated" ScriptFunctionName="OnCrystalLifterCreated" DebugSingleStep="false"/>
	</EventList>

	<EventList Name="SuperCrystalLifterFunctions" Inherit="BaseScriptFunctions">
		<EventHandler EventName="OnCreated" ScriptFunctionName="OnSuperCrystalLifterCreated" DebugSingleStep="false"/>
	</EventList>

  <EventList Name="NODCommandoAFunctions" Inherit="BaseScriptFunctions">
    <EventHandler EventName="OnCreated" ScriptFunctionName="OnNODCommandoACreated" DebugSingleStep="false"/>
  </EventList>

  <EventList Name="GDICommandoAFunctions" Inherit="BaseScriptFunctions">
    <EventHandler EventName="OnCreated" ScriptFunctionName="OnGDICommandoACreated" DebugSingleStep="false"/>
  </EventList>

	<EventList Name="GDICommander_3_2_Functions" Inherit="BaseScriptFunctions">
		<EventHandler EventName="OnGenericEvent" ScriptFunctionName="OnGDICommander_3_2_Functions" DebugSingleStep="false"/>
	</EventList>
	
</SageLuaScriptSection>
