<?xml version="1.0" encoding="utf-8"?>
<AssetDeclaration xmlns="uri:ea.com:eala:asset">
	<GameObject
		id="MetaTechSuperAvatar"
		KindOf="SELECTABLE CAN_ATTACK CAN_CAST_REFLECTIONS PRELOAD SCORE ATTACK_NEEDS_LINE_OF_SIGHT VEHICLE CAN_SHOOT_OVER_WALLS VALID_TARGET_FOR_C4 CAN_BE_FAVORITE_UNIT"
		Description="Desc:MetaTechSuperAvatar"
		TypeDescription="Type:MarkedOfKaneAvatarWarmech"
		RadarPriority="UNIT"
		BuildCompletion="INVALID"
		FenceWidth="0"
		FenceXOffset="0"
		RemoveTerrainRadius="0"
		EmotionRange="0"
		PlacementViewAngle="0d"
		BuildFadeInOnCreateTimeSeconds="0.25s"
		FactoryExitWidth="0"
		FactoryExtraBibWidth="0"
		Side="MetaTech"
		EditorName="MetaTechSuperAvatar"
		EditorSorting="UNIT"
		BountyValue="0"
		BuildTime="65"
		BuildFadeInOnCreateTime="0"
		EnergyProduction="0"
		EnergyBonus="0"
		CommandSet="NODAvatarCommandSet"
		SelectPortrait="Portrait_NODAvatarWarmech"
		ButtonImage="Portrait_NODAvatarWarmech"
		VoicePriority="224"
		MinZIncreaseForVoiceMoveToHigherGround="-1"
		CrowdResponse=""
		CampnessValue="0"
		CampnessValueRadius="600"
		Scale="1"
		HealthBoxScale="1.5"
		HealthBoxHeightOffset="10"
		OcclusionDelay="0"
		LiveCameraPitch="0"
		FormationWidth="1"
		FormationDepth="1"
		InstanceScaleFuzziness="0"
		ThreatRadius="-1"
		RamPower="0"
		RamZMult="1"
		ShockwaveResistance="100"
		CommandPoints="100"
		CommandPointBonus="0"
		VoiceAttackChargeTimeout="0"
		MaxDistanceForEngaged="0"
		EngagedStateTimeout="0"
		ThreatLevel="1"
		SlopeLimitIndex="0"
		PathfindDiameter="-1"
		SupplyOverride="0"
		DisplayMeleeDamage="-1"
		DisplayRangedDamage="-1"
		HeroSortOrder="2147483647"
		FiringArc="360"
		CamouflageDetectionMultiplier="1"
		SelectionPriority="2147483647"
		ProductionQueueType="VEHICLE"
		BuildPlacementTypeFlag="INVALID"
		BuildOnRequiredObjectKindOf=""
		UnitCategory="VEHICLE"
		WeaponCategory="CANNON"
		HasFiredRecentlyTime="2s"
		UnitTypeIcon=""
		ReinvisibilityDelay="7s"
		CaptureTime="0s"
		BuildCost="6500"
		RefundValue="0"
		ThreatValue="0"
		MaxSimultaneousOfType="0"
		TransportSlotCount="1"
		IsTrainable="True"
		IsForbidden="False"
		IsPrerequisite="False"
		IsGrabbable="False"
		IsHarvestable="False"
		StructureRubbleHeight="0"
		ForceLuaRegistration="False"
		ShowHealthInSelectionDecal="False"
		KeepSelectableWhenDead="False"
		IsAutoBuilt="False"
		CanPathThroughGates="True"
		ShouldClearShotsOnIdle="False"
		BuildInProximityToSamePlayerStucture="True">
		<EquivalentTo>NODAvatar</EquivalentTo>
		<DisplayName>Name:SuperNODAvatarWarmech</DisplayName>
		<GameDependency
			RequiredModelConditionsAny=""
			ForbiddenModelConditions=""
			RequiredObjectStatusAny="">
			<RequiredObject>MetaTechTechCenter</RequiredObject>
		</GameDependency>
		<ArmorSet
			Armor="NODAvatarArmor"
			DamageFX="VehicleDamageFX"
			Conditions="" />
		<LocomotorSet
			Speed="50"
			Condition="NORMAL"
			Locomotor="NODAvatarLocomotor" />
		<SkirmishAIInformation
			BaseBuildingLocation="FRONT"
			ConquerMetricsOverrideDamageType="UNDEFINED"
			ConquerMetricsOverrideAntiMask="ANTI_GROUND"
			UnitBuilderStandardCombatUnit="True" />
		<Draws>
			<ScriptedModelDraw
				id="50DF2C46"
				RecoilDamping="0.4"
				MaxRecoilDistance="3"
				InitialRecoilSpeed="2"
				RecoilSettleSpeed="0.065"
				MinLODRequired="LOW"
				ProjectileBoneFeedbackEnabledSlots=""
				TrackMarks=""
				ExtraPublicBone="FT_Turret FT_Pitch NUBEAM B_CLAWHANDR"
				DependencySharedModelFlags=""
				HighDetailLODThreshold="0"
				LowDetailLODThreshold="0"
				WadingParticleSys=""
				AlphaCameraFadeOuterRadius="0"
				AlphaCameraFadeInnerRadius="0"
				AlphaCameraAtInnerRadius="100%"
				StaticSortLevelWhileFading="-1"
				BirthFadeTime="0"
				OkToChangeModelColor="True"
				AnimationsRequirePower="True"
				UseYAxisForTurretRotation="False"
				TrackMarksOnlyWhenCorneringQuickly="False"
				UseProducerTexture="False"
				NoRotate="False"
				UseFiringArcRotation="False"
				Selectable="True"
				RandomTextureFixedRandomIndex="False"
				ParticlesAttachedToAnimatedBones="False"
				ParticleBonesCheckDrawable="False"
				ShadowForceDisable="False"
				SwitchModelLODMode="False"
				StaticModelLODMode="False"
				ShowShadowWhileContained="False"
				UseStandardModelNames="False"
				UseDefaultAnimation="False"
				BirthFadeAdditive="False"
				ZWriteDisableOverride="False"
				MultiPlayerOnly="False"
				AffectedByStealth="True"
				InvertStealthOpacity="False"
				HighDetailOnly="False"
				SetAnimsToLastFrameOnConstructionComplete="True">
				<ModelConditionState
					ParseCondStateType="PARSE_DEFAULT"
					PortraitImage=""
					ButtonImage=""
					RetainSubObjects="False">
					<Model
						Name="NUMECH_SKN"
						ExtraMesh="False" />
					<WeaponFireFXBone
						WeaponSlotID="1"
						WeaponSlotType="PRIMARY_WEAPON"
						BoneName="B_CLAWHANDR" />
					<WeaponFireFXBone
						WeaponSlotID="1"
						WeaponSlotType="SECONDARY_WEAPON"
						BoneName="NUBEAM" />
					<WeaponLaunchBone
						WeaponSlotID="1"
						WeaponSlotType="PRIMARY_WEAPON"
						BoneName="B_CLAWHANDR" />
					<WeaponLaunchBone
						WeaponSlotID="1"
						WeaponSlotType="SECONDARY_WEAPON"
						BoneName="NUBEAM" />
					<WeaponLaunchBone
						WeaponSlotID="2"
						WeaponSlotType="PRIMARY_WEAPON"
						BoneName="FT_Turret" />
					<Turret
						TurretNameKey="FT_Turret"
						TurretArtAngle="0d"
						TurretPitch="FT_Pitch"
						TurretArtPitch="0d"
						TurretID="2" />
				</ModelConditionState>
				<ModelConditionState
					ParseCondStateType="PARSE_NORMAL"
					ConditionsYes="FORMATION_PREVIEW"
					PortraitImage=""
					ButtonImage=""
					RetainSubObjects="False">
					<Model
						Name="NUMECH_FP"
						ExtraMesh="False" />
				</ModelConditionState>
				<ModelConditionState
					ParseCondStateType="PARSE_NORMAL"
					ConditionsYes="DAMAGED USER_6"
					PortraitImage=""
					ButtonImage=""
					RetainSubObjects="False">
					<Model
						Name="NUMECH_SKN"
						ExtraMesh="False" />
					<Texture
						Original="NUMech"
						New="NUMech_K" />
				</ModelConditionState>
				<ModelConditionState
					ParseCondStateType="PARSE_NORMAL"
					ConditionsYes="REALLYDAMAGED USER_6"
					PortraitImage=""
					ButtonImage=""
					RetainSubObjects="False">
					<Model
						Name="NUMECH_SKN"
						ExtraMesh="False" />
					<Texture
						Original="NUMech"
						New="NUMechD_K" />
				</ModelConditionState>
				<ModelConditionState
					ParseCondStateType="PARSE_NORMAL"
					ConditionsYes="DYING USER_6"
					PortraitImage=""
					ButtonImage=""
					RetainSubObjects="False">
					<Model
						Name="NUMECHR_SKN"
						ExtraMesh="False" />
					<Texture
						Original="NUMechD"
						New="NUMechD_K" />
					<ParticleSysBone
						BoneName="B_UArmL"
						FXParticleSystemTemplate="GDIDebrisSmallFire"
						PersistID="0"
						FollowBone="True"
						OnlyIfOnWater="False"
						OnlyIfOnLand="False" />
					<ParticleSysBone
						BoneName="B_UArmL"
						FXParticleSystemTemplate="GDIDebrisSmallFireDistortion"
						PersistID="0"
						FollowBone="True"
						OnlyIfOnWater="False"
						OnlyIfOnLand="False" />
					<ParticleSysBone
						BoneName="B_UArmL"
						FXParticleSystemTemplate="GDIDebrisSmallSmoke"
						PersistID="0"
						FollowBone="True"
						OnlyIfOnWater="False"
						OnlyIfOnLand="False" />
					<ParticleSysBone
						BoneName="B_FArmR"
						FXParticleSystemTemplate="GDIDebrisSmallFire"
						PersistID="0"
						FollowBone="True"
						OnlyIfOnWater="False"
						OnlyIfOnLand="False" />
					<ParticleSysBone
						BoneName="B_FArmR"
						FXParticleSystemTemplate="GDIDebrisSmallFireDistortion"
						PersistID="0"
						FollowBone="True"
						OnlyIfOnWater="False"
						OnlyIfOnLand="False" />
					<ParticleSysBone
						BoneName="B_FArmR"
						FXParticleSystemTemplate="GDIDebrisSmallSmoke"
						PersistID="0"
						FollowBone="True"
						OnlyIfOnWater="False"
						OnlyIfOnLand="False" />
					<ParticleSysBone
						BoneName="B_FlameTank"
						FXParticleSystemTemplate="GDIDebrisSmallFire"
						PersistID="0"
						FollowBone="True"
						OnlyIfOnWater="False"
						OnlyIfOnLand="False" />
					<ParticleSysBone
						BoneName="B_FlameTank"
						FXParticleSystemTemplate="GDIDebrisSmallFireDistortion"
						PersistID="0"
						FollowBone="True"
						OnlyIfOnWater="False"
						OnlyIfOnLand="False" />
					<ParticleSysBone
						BoneName="B_FlameTank"
						FXParticleSystemTemplate="GDIDebrisSmallSmoke"
						PersistID="0"
						FollowBone="True"
						OnlyIfOnWater="False"
						OnlyIfOnLand="False" />
				</ModelConditionState>
				<ModelConditionState
					ParseCondStateType="PARSE_NORMAL"
					ConditionsYes="DAMAGED"
					PortraitImage=""
					ButtonImage=""
					RetainSubObjects="False">
					<Model
						Name="NUMECH_SKN"
						ExtraMesh="False" />
					<Texture
						Original="NUMech"
						New="NUMechD" />
					<ParticleSysBone
						BoneName="B_ThighR"
						FXParticleSystemTemplate="RedeemerDamagedElectric"
						PersistID="0"
						FollowBone="True"
						OnlyIfOnWater="False"
						OnlyIfOnLand="False" />
					<ParticleSysBone
						BoneName="B_ThighR"
						FXParticleSystemTemplate="RedeemerDamagedElectricFlash"
						PersistID="0"
						FollowBone="True"
						OnlyIfOnWater="False"
						OnlyIfOnLand="False" />
					<ParticleSysBone
						BoneName="B_ThighR"
						FXParticleSystemTemplate="RedeemerDamagedSpurt"
						PersistID="0"
						FollowBone="True"
						OnlyIfOnWater="False"
						OnlyIfOnLand="False" />
				</ModelConditionState>
				<ModelConditionState
					ParseCondStateType="PARSE_NORMAL"
					ConditionsYes="REALLYDAMAGED"
					PortraitImage=""
					ButtonImage=""
					RetainSubObjects="False">
					<Model
						Name="NUMECH_SKN"
						ExtraMesh="False" />
					<Texture
						Original="NUMech"
						New="NUMechD" />
					<ParticleSysBone
						BoneName="B_ThighR"
						FXParticleSystemTemplate="RedeemerDamagedElectric"
						PersistID="0"
						FollowBone="True"
						OnlyIfOnWater="False"
						OnlyIfOnLand="False" />
					<ParticleSysBone
						BoneName="B_ThighR"
						FXParticleSystemTemplate="RedeemerDamagedElectricFlash"
						PersistID="0"
						FollowBone="True"
						OnlyIfOnWater="False"
						OnlyIfOnLand="False" />
					<ParticleSysBone
						BoneName="B_ThighR"
						FXParticleSystemTemplate="RedeemerDamagedSpurt"
						PersistID="0"
						FollowBone="True"
						OnlyIfOnWater="False"
						OnlyIfOnLand="False" />
					<ParticleSysBone
						BoneName="Bone02"
						FXParticleSystemTemplate="RedeemerDamageBlueFlashes"
						PersistID="0"
						FollowBone="True"
						OnlyIfOnWater="False"
						OnlyIfOnLand="False" />
					<ParticleSysBone
						BoneName="Bone02"
						FXParticleSystemTemplate="RedeemerDamageBlueSpark"
						PersistID="0"
						FollowBone="True"
						OnlyIfOnWater="False"
						OnlyIfOnLand="False" />
					<ParticleSysBone
						BoneName="Bone02"
						FXParticleSystemTemplate="RedeemerDamageBlueZap"
						PersistID="0"
						FollowBone="True"
						OnlyIfOnWater="False"
						OnlyIfOnLand="False" />
					<ParticleSysBone
						BoneName="B_FlameTank"
						FXParticleSystemTemplate="GDIDebrisSmallFireDistortion"
						PersistID="0"
						FollowBone="True"
						OnlyIfOnWater="False"
						OnlyIfOnLand="False" />
					<ParticleSysBone
						BoneName="B_FlameTank"
						FXParticleSystemTemplate="GDIDebrisSmallSmoke"
						PersistID="0"
						FollowBone="True"
						OnlyIfOnWater="False"
						OnlyIfOnLand="False" />
					<ParticleSysBone
						BoneName="B_FlameTank"
						FXParticleSystemTemplate="GDIDebrisSmallFire"
						PersistID="0"
						FollowBone="True"
						OnlyIfOnWater="False"
						OnlyIfOnLand="False" />
				</ModelConditionState>
				<ModelConditionState
					ParseCondStateType="PARSE_NORMAL"
					ConditionsYes="DYING"
					PortraitImage=""
					ButtonImage=""
					RetainSubObjects="False">
					<Model
						Name="NUMECHR_SKN"
						ExtraMesh="False" />
					<Texture
						Original="NUMech"
						New="NUMechD" />
					<ParticleSysBone
						BoneName="Bone03"
						FXParticleSystemTemplate="RedeemerDamagedElectric"
						PersistID="0"
						FollowBone="True"
						OnlyIfOnWater="False"
						OnlyIfOnLand="False" />
					<ParticleSysBone
						BoneName="Bone03"
						FXParticleSystemTemplate="RedeemerDamagedElectricFlash"
						PersistID="0"
						FollowBone="True"
						OnlyIfOnWater="False"
						OnlyIfOnLand="False" />
					<ParticleSysBone
						BoneName="Bone03"
						FXParticleSystemTemplate="RedeemerDamagedSpurt"
						PersistID="0"
						FollowBone="True"
						OnlyIfOnWater="False"
						OnlyIfOnLand="False" />
					<ParticleSysBone
						BoneName="Bone03"
						FXParticleSystemTemplate="RedeemerDamagedSmoke"
						PersistID="0"
						FollowBone="True"
						OnlyIfOnWater="False"
						OnlyIfOnLand="False" />
					<ParticleSysBone
						BoneName="B_ThighL"
						FXParticleSystemTemplate="GDIDebrisSmallFire"
						PersistID="0"
						FollowBone="True"
						OnlyIfOnWater="False"
						OnlyIfOnLand="False" />
					<ParticleSysBone
						BoneName="B_ThighL"
						FXParticleSystemTemplate="GDIDebrisSmallFireDistortion"
						PersistID="0"
						FollowBone="True"
						OnlyIfOnWater="False"
						OnlyIfOnLand="False" />
					<ParticleSysBone
						BoneName="B_ThighL"
						FXParticleSystemTemplate="GDIDebrisSmallSmoke"
						PersistID="0"
						FollowBone="True"
						OnlyIfOnWater="False"
						OnlyIfOnLand="False" />
					<ParticleSysBone
						BoneName="B_ThighR"
						FXParticleSystemTemplate="RedeemerDamagedElectric"
						PersistID="0"
						FollowBone="True"
						OnlyIfOnWater="False"
						OnlyIfOnLand="False" />
					<ParticleSysBone
						BoneName="B_ThighR"
						FXParticleSystemTemplate="RedeemerDamagedElectricFlash"
						PersistID="0"
						FollowBone="True"
						OnlyIfOnWater="False"
						OnlyIfOnLand="False" />
					<ParticleSysBone
						BoneName="B_ThighR"
						FXParticleSystemTemplate="RedeemerDamagedSpurt"
						PersistID="0"
						FollowBone="True"
						OnlyIfOnWater="False"
						OnlyIfOnLand="False" />
					<ParticleSysBone
						BoneName="Bone02"
						FXParticleSystemTemplate="RedeemerDamageBlueFlashes"
						PersistID="0"
						FollowBone="True"
						OnlyIfOnWater="False"
						OnlyIfOnLand="False" />
					<ParticleSysBone
						BoneName="Bone02"
						FXParticleSystemTemplate="RedeemerDamageBlueSpark"
						PersistID="0"
						FollowBone="True"
						OnlyIfOnWater="False"
						OnlyIfOnLand="False" />
					<ParticleSysBone
						BoneName="Bone02"
						FXParticleSystemTemplate="RedeemerDamageBlueZap"
						PersistID="0"
						FollowBone="True"
						OnlyIfOnWater="False"
						OnlyIfOnLand="False" />
					<ParticleSysBone
						BoneName="B_FlameTank"
						FXParticleSystemTemplate="GDIDebrisSmallFireDistortion"
						PersistID="0"
						FollowBone="True"
						OnlyIfOnWater="False"
						OnlyIfOnLand="False" />
					<ParticleSysBone
						BoneName="B_FlameTank"
						FXParticleSystemTemplate="GDIDebrisSmallSmoke"
						PersistID="0"
						FollowBone="True"
						OnlyIfOnWater="False"
						OnlyIfOnLand="False" />
					<ParticleSysBone
						BoneName="B_FlameTank"
						FXParticleSystemTemplate="GDIDebrisSmallFire"
						PersistID="0"
						FollowBone="True"
						OnlyIfOnWater="False"
						OnlyIfOnLand="False" />
				</ModelConditionState>
				<ModelConditionState
					ParseCondStateType="PARSE_NORMAL"
					ConditionsYes="USER_6"
					PortraitImage=""
					ButtonImage=""
					RetainSubObjects="False">
					<Model
						Name="NUMECH_SKN"
						ExtraMesh="False" />
					<Texture
						Original="NUMech"
						New="NUMech_K" />
				</ModelConditionState>
				<AnimationState
					ParseCondStateType="PARSE_DEFAULT"
					StateName="STATE_bored"
					Flags="RANDOMSTART"
					EnteringStateFX=""
					FrameForPristineBonePositions="0"
					ShareAnimation="False"
					AllowRepeatInRandomPick="False"
					SimilarRestart="False">
					<Animation
						AnimationName="NUMECH_BIDA"
						AnimationMode="LOOP"
						Distance="0"
						AnimationBlendTime="15"
						AnimationSpeedFactorMin="1"
						AnimationSpeedFactorMax="1"
						WeaponTimingOrdering="PRIMARY_WEAPON"
						WeaponTimingSlotID="1"
						AnimationPriority="1"
						FadeBeginFrame="-1"
						FadeEndFrame="-1"
						AnimationMustCompleteBlend="False"
						UseWeaponTiming="False"
						FadingIn="False" />
					<Script>
						Prev = CurDrawablePrevAnimationState()
						if Prev == "STATE_SelectedPose" then
						CurDrawableSetTransitionAnimState("TRANS_SelectedToIdle")
						end
					</Script>
				</AnimationState>
				<AnimationState
					ParseCondStateType="PARSE_NORMAL"
					ConditionsYes="COMING_OUT_OF_FACTORY"
					StateName="STATE_built"
					EnteringStateFX=""
					FrameForPristineBonePositions="0"
					ShareAnimation="False"
					AllowRepeatInRandomPick="False"
					SimilarRestart="False">
					<Animation
						AnimationName="NUMECH_BLDA"
						AnimationMode="ONCE"
						Distance="0"
						AnimationBlendTime="0"
						AnimationSpeedFactorMin="1"
						AnimationSpeedFactorMax="1"
						WeaponTimingOrdering="PRIMARY_WEAPON"
						WeaponTimingSlotID="1"
						AnimationPriority="1"
						FadeBeginFrame="-1"
						FadeEndFrame="-1"
						AnimationMustCompleteBlend="False"
						UseWeaponTiming="False"
						FadingIn="False" />
				</AnimationState>
				<AnimationState
					ParseCondStateType="PARSE_NORMAL"
					ConditionsYes="DYING"
					EnteringStateFX=""
					FrameForPristineBonePositions="0"
					ShareAnimation="False"
					AllowRepeatInRandomPick="False"
					SimilarRestart="False">
					<Animation
						AnimationName="NUMECH_DIEB"
						AnimationMode="ONCE"
						Distance="0"
						AnimationBlendTime="5"
						AnimationSpeedFactorMin="1"
						AnimationSpeedFactorMax="1"
						WeaponTimingOrdering="PRIMARY_WEAPON"
						WeaponTimingSlotID="1"
						AnimationPriority="1"
						FadeBeginFrame="-1"
						FadeEndFrame="-1"
						AnimationMustCompleteBlend="False"
						UseWeaponTiming="False"
						FadingIn="False" />
				</AnimationState>
				<AnimationState
					ParseCondStateType="PARSE_NORMAL"
					ConditionsYes="AFFECTED_BY_EMP"
					EnteringStateFX=""
					FrameForPristineBonePositions="0"
					ShareAnimation="False"
					AllowRepeatInRandomPick="False"
					SimilarRestart="False">
					<Animation
						AnimationName="NUMECH_BIDA"
						AnimationMode="MANUAL"
						Distance="0"
						AnimationBlendTime="15"
						AnimationSpeedFactorMin="1"
						AnimationSpeedFactorMax="1"
						WeaponTimingOrdering="PRIMARY_WEAPON"
						WeaponTimingSlotID="1"
						AnimationPriority="1"
						FadeBeginFrame="-1"
						FadeEndFrame="-1"
						AnimationMustCompleteBlend="False"
						UseWeaponTiming="False"
						FadingIn="False" />
				</AnimationState>
				<AnimationState
					ParseCondStateType="PARSE_NORMAL"
					ConditionsYes="USER_5"
					StateName="STATE_Getup"
					EnteringStateFX=""
					FrameForPristineBonePositions="0"
					ShareAnimation="False"
					AllowRepeatInRandomPick="False"
					SimilarRestart="False">
					<Animation
						AnimationName="NUMECH_GTPA"
						AnimationMode="ONCE"
						Distance="0"
						AnimationBlendTime="0"
						AnimationSpeedFactorMin="1"
						AnimationSpeedFactorMax="1"
						WeaponTimingOrdering="PRIMARY_WEAPON"
						WeaponTimingSlotID="1"
						AnimationPriority="1"
						FadeBeginFrame="-1"
						FadeEndFrame="-1"
						AnimationMustCompleteBlend="False"
						UseWeaponTiming="False"
						FadingIn="False" />
				</AnimationState>
				<AnimationState
					ParseCondStateType="PARSE_NORMAL"
					ConditionsYes="USER_1"
					StateName="STATE_UpgradeAnimation"
					EnteringStateFX=""
					FrameForPristineBonePositions="0"
					ShareAnimation="False"
					AllowRepeatInRandomPick="False"
					SimilarRestart="False">
					<Animation
						AnimationName="NUMECH_GRBD"
						AnimationMode="ONCE"
						Distance="0"
						AnimationBlendTime="5"
						AnimationSpeedFactorMin="1"
						AnimationSpeedFactorMax="1"
						WeaponTimingOrdering="PRIMARY_WEAPON"
						WeaponTimingSlotID="1"
						AnimationPriority="1"
						FadeBeginFrame="-1"
						FadeEndFrame="-1"
						AnimationMustCompleteBlend="False"
						UseWeaponTiming="False"
						FadingIn="False" />
					<Script>
						Prev = CurDrawablePrevAnimationState()
						if Prev == "STATE_Getup" then
						CurDrawableSetTransitionAnimState("TRANS_SelectedToIdle")
						end
					</Script>
				</AnimationState>
				<AnimationState
					ParseCondStateType="PARSE_NORMAL"
					ConditionsYes="USER_2"
					StateName="STATE_UpgradeAnimation"
					EnteringStateFX=""
					FrameForPristineBonePositions="0"
					ShareAnimation="False"
					AllowRepeatInRandomPick="False"
					SimilarRestart="False">
					<Animation
						AnimationName="NUMECH_GRBA"
						AnimationMode="ONCE"
						Distance="0"
						AnimationBlendTime="5"
						AnimationSpeedFactorMin="1"
						AnimationSpeedFactorMax="1"
						WeaponTimingOrdering="PRIMARY_WEAPON"
						WeaponTimingSlotID="1"
						AnimationPriority="1"
						FadeBeginFrame="-1"
						FadeEndFrame="-1"
						AnimationMustCompleteBlend="False"
						UseWeaponTiming="False"
						FadingIn="False" />
					<Script>
						Prev = CurDrawablePrevAnimationState()
						if Prev == "STATE_Getup" then
						CurDrawableSetTransitionAnimState("TRANS_SelectedToIdle")
						end
					</Script>
				</AnimationState>
				<AnimationState
					ParseCondStateType="PARSE_NORMAL"
					ConditionsYes="USER_3"
					StateName="STATE_UpgradeAnimation"
					EnteringStateFX=""
					FrameForPristineBonePositions="0"
					ShareAnimation="False"
					AllowRepeatInRandomPick="False"
					SimilarRestart="False">
					<Animation
						AnimationName="NUMECH_GRBB"
						AnimationMode="ONCE"
						Distance="0"
						AnimationBlendTime="5"
						AnimationSpeedFactorMin="1"
						AnimationSpeedFactorMax="1"
						WeaponTimingOrdering="PRIMARY_WEAPON"
						WeaponTimingSlotID="1"
						AnimationPriority="1"
						FadeBeginFrame="-1"
						FadeEndFrame="-1"
						AnimationMustCompleteBlend="False"
						UseWeaponTiming="False"
						FadingIn="False" />
					<Script>
						Prev = CurDrawablePrevAnimationState()
						if Prev == "STATE_Getup" then
						CurDrawableSetTransitionAnimState("TRANS_SelectedToIdle")
						end
					</Script>
				</AnimationState>
				<AnimationState
					ParseCondStateType="PARSE_NORMAL"
					ConditionsYes="USER_4"
					StateName="STATE_UpgradeAnimation"
					EnteringStateFX=""
					FrameForPristineBonePositions="0"
					ShareAnimation="False"
					AllowRepeatInRandomPick="False"
					SimilarRestart="False">
					<Animation
						AnimationName="NUMECH_GRBC"
						AnimationMode="ONCE"
						Distance="0"
						AnimationBlendTime="5"
						AnimationSpeedFactorMin="1"
						AnimationSpeedFactorMax="1"
						WeaponTimingOrdering="PRIMARY_WEAPON"
						WeaponTimingSlotID="1"
						AnimationPriority="1"
						FadeBeginFrame="-1"
						FadeEndFrame="-1"
						AnimationMustCompleteBlend="False"
						UseWeaponTiming="False"
						FadingIn="False" />
					<Script>
						Prev = CurDrawablePrevAnimationState()
						if Prev == "STATE_Getup" then
						CurDrawableSetTransitionAnimState("TRANS_SelectedToIdle")
						end
					</Script>
				</AnimationState>
				<AnimationState
					ParseCondStateType="PARSE_NORMAL"
					ConditionsYes="TURN_LEFT_HIGH_SPEED"
					Flags="MAINTAIN_FRAME_ACROSS_STATES"
					EnteringStateFX=""
					FrameForPristineBonePositions="0"
					ShareAnimation="False"
					AllowRepeatInRandomPick="False"
					SimilarRestart="False">
					<Animation
						AnimationName="NUMECH_WLKA"
						AnimationMode="LOOP"
						Distance="45"
						AnimationBlendTime="5"
						AnimationSpeedFactorMin="1"
						AnimationSpeedFactorMax="1"
						WeaponTimingOrdering="PRIMARY_WEAPON"
						WeaponTimingSlotID="1"
						AnimationPriority="1"
						FadeBeginFrame="-1"
						FadeEndFrame="-1"
						AnimationMustCompleteBlend="False"
						UseWeaponTiming="False"
						FadingIn="False" />
					<FXEvent
						Frame="1"
						FrameStep="0"
						FrameStop="0"
						Effect="FX_NODAvatarFootprint"
						Bone="B_FOOTL"
						FireWhenSkipped="True" />
					<FXEvent
						Frame="25"
						FrameStep="0"
						FrameStop="0"
						Effect="FX_NODAvatarFootprint"
						Bone="B_FOOTR"
						FireWhenSkipped="True" />
				</AnimationState>
				<AnimationState
					ParseCondStateType="PARSE_NORMAL"
					ConditionsYes="TURN_RIGHT_HIGH_SPEED"
					Flags="MAINTAIN_FRAME_ACROSS_STATES"
					EnteringStateFX=""
					FrameForPristineBonePositions="0"
					ShareAnimation="False"
					AllowRepeatInRandomPick="False"
					SimilarRestart="False">
					<Animation
						AnimationName="NUMECH_WLKA"
						AnimationMode="LOOP"
						Distance="45"
						AnimationBlendTime="5"
						AnimationSpeedFactorMin="1"
						AnimationSpeedFactorMax="1"
						WeaponTimingOrdering="PRIMARY_WEAPON"
						WeaponTimingSlotID="1"
						AnimationPriority="1"
						FadeBeginFrame="-1"
						FadeEndFrame="-1"
						AnimationMustCompleteBlend="False"
						UseWeaponTiming="False"
						FadingIn="False" />
					<FXEvent
						Frame="1"
						FrameStep="0"
						FrameStop="0"
						Effect="FX_NODAvatarFootprint"
						Bone="B_FOOTL"
						FireWhenSkipped="True" />
					<FXEvent
						Frame="25"
						FrameStep="0"
						FrameStop="0"
						Effect="FX_NODAvatarFootprint"
						Bone="B_FOOTR"
						FireWhenSkipped="True" />
				</AnimationState>
				<AnimationState
					ParseCondStateType="PARSE_NORMAL"
					ConditionsYes="TURN_LEFT"
					EnteringStateFX=""
					FrameForPristineBonePositions="0"
					ShareAnimation="False"
					AllowRepeatInRandomPick="False"
					SimilarRestart="False">
					<Animation
						AnimationName="NUMECH_TRNL"
						AnimationMode="LOOP"
						Distance="0"
						AnimationBlendTime="5"
						AnimationSpeedFactorMin="1"
						AnimationSpeedFactorMax="1"
						WeaponTimingOrdering="PRIMARY_WEAPON"
						WeaponTimingSlotID="1"
						AnimationPriority="1"
						FadeBeginFrame="-1"
						FadeEndFrame="-1"
						AnimationMustCompleteBlend="False"
						UseWeaponTiming="False"
						FadingIn="False" />
					<FXEvent
						Frame="0"
						FrameStep="0"
						FrameStop="0"
						Effect="FX_NODAvatarFootprint"
						Bone="B_FOOTL"
						FireWhenSkipped="True" />
					<FXEvent
						Frame="20"
						FrameStep="0"
						FrameStop="0"
						Effect="FX_NODAvatarFootprint"
						Bone="B_FOOTR"
						FireWhenSkipped="True" />
				</AnimationState>
				<AnimationState
					ParseCondStateType="PARSE_NORMAL"
					ConditionsYes="TURN_RIGHT"
					EnteringStateFX=""
					FrameForPristineBonePositions="0"
					ShareAnimation="False"
					AllowRepeatInRandomPick="False"
					SimilarRestart="False">
					<Animation
						AnimationName="NUMECH_TRNR"
						AnimationMode="LOOP"
						Distance="0"
						AnimationBlendTime="5"
						AnimationSpeedFactorMin="1"
						AnimationSpeedFactorMax="1"
						WeaponTimingOrdering="PRIMARY_WEAPON"
						WeaponTimingSlotID="1"
						AnimationPriority="1"
						FadeBeginFrame="-1"
						FadeEndFrame="-1"
						AnimationMustCompleteBlend="False"
						UseWeaponTiming="False"
						FadingIn="False" />
					<FXEvent
						Frame="0"
						FrameStep="0"
						FrameStop="0"
						Effect="FX_NODAvatarFootprint"
						Bone="B_FOOTR"
						FireWhenSkipped="True" />
					<FXEvent
						Frame="20"
						FrameStep="0"
						FrameStop="0"
						Effect="FX_NODAvatarFootprint"
						Bone="B_FOOTL"
						FireWhenSkipped="True" />
				</AnimationState>
				<AnimationState
					ParseCondStateType="PARSE_NORMAL"
					ConditionsYes="ACCELERATE"
					EnteringStateFX=""
					FrameForPristineBonePositions="0"
					ShareAnimation="False"
					AllowRepeatInRandomPick="False"
					SimilarRestart="False">
					<Animation
						AnimationName="NUMECH_ACCL"
						AnimationMode="ONCE"
						Distance="0"
						AnimationBlendTime="5"
						AnimationSpeedFactorMin="1"
						AnimationSpeedFactorMax="1"
						WeaponTimingOrdering="PRIMARY_WEAPON"
						WeaponTimingSlotID="1"
						AnimationPriority="1"
						FadeBeginFrame="-1"
						FadeEndFrame="-1"
						AnimationMustCompleteBlend="False"
						UseWeaponTiming="False"
						FadingIn="False" />
				</AnimationState>
				<AnimationState
					ParseCondStateType="PARSE_NORMAL"
					ConditionsYes="DECELERATE"
					EnteringStateFX=""
					FrameForPristineBonePositions="0"
					ShareAnimation="False"
					AllowRepeatInRandomPick="False"
					SimilarRestart="False">
					<Animation
						AnimationName="NUMECH_DECL"
						AnimationMode="ONCE"
						Distance="0"
						AnimationBlendTime="5"
						AnimationSpeedFactorMin="1"
						AnimationSpeedFactorMax="1"
						WeaponTimingOrdering="PRIMARY_WEAPON"
						WeaponTimingSlotID="1"
						AnimationPriority="1"
						FadeBeginFrame="-1"
						FadeEndFrame="-1"
						AnimationMustCompleteBlend="False"
						UseWeaponTiming="False"
						FadingIn="False" />
				</AnimationState>
				<AnimationState
					ParseCondStateType="PARSE_NORMAL"
					ConditionsYes="MOVING"
					Flags="MAINTAIN_FRAME_ACROSS_STATES"
					EnteringStateFX=""
					FrameForPristineBonePositions="0"
					ShareAnimation="False"
					AllowRepeatInRandomPick="False"
					SimilarRestart="False">
					<Animation
						AnimationName="NUMECH_WLKA"
						AnimationMode="LOOP"
						Distance="45"
						AnimationBlendTime="15"
						AnimationSpeedFactorMin="0.8"
						AnimationSpeedFactorMax="1"
						WeaponTimingOrdering="PRIMARY_WEAPON"
						WeaponTimingSlotID="1"
						AnimationPriority="1"
						FadeBeginFrame="-1"
						FadeEndFrame="-1"
						AnimationMustCompleteBlend="False"
						UseWeaponTiming="False"
						FadingIn="False" />
					<Animation
						AnimationName="NUMECH_WLKB"
						AnimationMode="LOOP"
						Distance="45"
						AnimationBlendTime="15"
						AnimationSpeedFactorMin="0.8"
						AnimationSpeedFactorMax="1"
						WeaponTimingOrdering="PRIMARY_WEAPON"
						WeaponTimingSlotID="1"
						AnimationPriority="1"
						FadeBeginFrame="-1"
						FadeEndFrame="-1"
						AnimationMustCompleteBlend="False"
						UseWeaponTiming="False"
						FadingIn="False" />
					<Animation
						AnimationName="NUMECH_WLKC"
						AnimationMode="LOOP"
						Distance="45"
						AnimationBlendTime="15"
						AnimationSpeedFactorMin="0.8"
						AnimationSpeedFactorMax="1"
						WeaponTimingOrdering="PRIMARY_WEAPON"
						WeaponTimingSlotID="1"
						AnimationPriority="1"
						FadeBeginFrame="-1"
						FadeEndFrame="-1"
						AnimationMustCompleteBlend="False"
						UseWeaponTiming="False"
						FadingIn="False" />
					<Script>
						Prev = CurDrawablePrevAnimationState()
						if Prev == "STATE_built" then
						CurDrawableSetTransitionAnimState("TRANS_built")
						end
					</Script>
					<FXEvent
						Frame="1"
						FrameStep="0"
						FrameStop="0"
						Effect="FX_NODAvatarFootprint"
						Bone="B_FOOTL"
						FireWhenSkipped="True" />
					<FXEvent
						Frame="25"
						FrameStep="0"
						FrameStop="0"
						Effect="FX_NODAvatarFootprint"
						Bone="B_FOOTR"
						FireWhenSkipped="True" />
				</AnimationState>
				<AnimationState
					ParseCondStateType="PARSE_NORMAL"
					ConditionsYes="USING_WEAPON_A USER_10 WEAPONSLOTID_01"
					EnteringStateFX=""
					FrameForPristineBonePositions="0"
					ShareAnimation="False"
					AllowRepeatInRandomPick="False"
					SimilarRestart="False">
					<Animation
						AnimationName="NUMECH_ATKB"
						AnimationMode="LOOP"
						Distance="0"
						AnimationBlendTime="15"
						AnimationSpeedFactorMin="1"
						AnimationSpeedFactorMax="1"
						WeaponTimingOrdering="PRIMARY_WEAPON"
						WeaponTimingSlotID="1"
						AnimationPriority="1"
						FadeBeginFrame="-1"
						FadeEndFrame="-1"
						AnimationMustCompleteBlend="False"
						UseWeaponTiming="False"
						FadingIn="False" />
				</AnimationState>
				<AnimationState
					ParseCondStateType="PARSE_NORMAL"
					ConditionsYes="USING_WEAPON_B WEAPONSLOTID_01"
					EnteringStateFX=""
					FrameForPristineBonePositions="0"
					ShareAnimation="False"
					AllowRepeatInRandomPick="False"
					SimilarRestart="False">
					<Animation
						AnimationName="NUMECH_ATKB"
						AnimationMode="LOOP"
						Distance="0"
						AnimationBlendTime="15"
						AnimationSpeedFactorMin="1"
						AnimationSpeedFactorMax="1"
						WeaponTimingOrdering="PRIMARY_WEAPON"
						WeaponTimingSlotID="1"
						AnimationPriority="1"
						FadeBeginFrame="-1"
						FadeEndFrame="-1"
						AnimationMustCompleteBlend="False"
						UseWeaponTiming="False"
						FadingIn="False" />
				</AnimationState>
				<AnimationState
					ParseCondStateType="PARSE_NORMAL"
					ConditionsYes="USING_WEAPON_A WEAPONSLOTID_01"
					EnteringStateFX=""
					FrameForPristineBonePositions="0"
					ShareAnimation="False"
					AllowRepeatInRandomPick="False"
					SimilarRestart="False">
					<Animation
						AnimationName="NUMECH_ATKA"
						AnimationMode="LOOP"
						Distance="0"
						AnimationBlendTime="15"
						AnimationSpeedFactorMin="1"
						AnimationSpeedFactorMax="1"
						WeaponTimingOrdering="PRIMARY_WEAPON"
						WeaponTimingSlotID="1"
						AnimationPriority="1"
						FadeBeginFrame="-1"
						FadeEndFrame="-1"
						AnimationMustCompleteBlend="False"
						UseWeaponTiming="False"
						FadingIn="False" />
				</AnimationState>
				<AnimationState
					ParseCondStateType="PARSE_NORMAL"
					ConditionsYes="ATTACKING USER_10"
					EnteringStateFX=""
					FrameForPristineBonePositions="0"
					ShareAnimation="False"
					AllowRepeatInRandomPick="False"
					SimilarRestart="False">
					<Animation
						AnimationName="NUMECH_ATKB"
						AnimationMode="LOOP"
						Distance="0"
						AnimationBlendTime="15"
						AnimationSpeedFactorMin="1"
						AnimationSpeedFactorMax="1"
						WeaponTimingOrdering="PRIMARY_WEAPON"
						WeaponTimingSlotID="1"
						AnimationPriority="1"
						FadeBeginFrame="-1"
						FadeEndFrame="-1"
						AnimationMustCompleteBlend="False"
						UseWeaponTiming="False"
						FadingIn="False" />
				</AnimationState>
				<AnimationState
					ParseCondStateType="PARSE_NORMAL"
					ConditionsYes="ATTACKING"
					EnteringStateFX=""
					FrameForPristineBonePositions="0"
					ShareAnimation="False"
					AllowRepeatInRandomPick="False"
					SimilarRestart="False">
					<Animation
						AnimationName="NUMECH_ATKA"
						AnimationMode="LOOP"
						Distance="0"
						AnimationBlendTime="15"
						AnimationSpeedFactorMin="1"
						AnimationSpeedFactorMax="1"
						WeaponTimingOrdering="PRIMARY_WEAPON"
						WeaponTimingSlotID="1"
						AnimationPriority="1"
						FadeBeginFrame="-1"
						FadeEndFrame="-1"
						AnimationMustCompleteBlend="False"
						UseWeaponTiming="False"
						FadingIn="False" />
				</AnimationState>
				<AnimationState
					ParseCondStateType="PARSE_NORMAL"
					ConditionsYes="SELECTED"
					StateName="STATE_SelectedPose"
					EnteringStateFX=""
					FrameForPristineBonePositions="0"
					ShareAnimation="False"
					AllowRepeatInRandomPick="False"
					SimilarRestart="False">
					<Animation
						AnimationName="NUMECH_AIDA"
						AnimationMode="LOOP"
						Distance="0"
						AnimationBlendTime="15"
						AnimationSpeedFactorMin="1"
						AnimationSpeedFactorMax="1"
						WeaponTimingOrdering="PRIMARY_WEAPON"
						WeaponTimingSlotID="1"
						AnimationPriority="1"
						FadeBeginFrame="-1"
						FadeEndFrame="-1"
						AnimationMustCompleteBlend="False"
						UseWeaponTiming="False"
						FadingIn="False" />
					<Script>
						Prev = CurDrawablePrevAnimationState()
						if Prev == "STATE_bored" then
						CurDrawableSetTransitionAnimState("TRANS_IdleToSelected")
						end
					</Script>
				</AnimationState>
				<AnimationState
					ParseCondStateType="PARSE_TRANSITION"
					StateName="TRANS_IdleToSelected"
					EnteringStateFX=""
					FrameForPristineBonePositions="0"
					ShareAnimation="False"
					AllowRepeatInRandomPick="False"
					SimilarRestart="False">
					<Animation
						AnimationName="NUMECH_BATA"
						AnimationMode="ONCE"
						Distance="0"
						AnimationBlendTime="5"
						AnimationSpeedFactorMin="1"
						AnimationSpeedFactorMax="1"
						WeaponTimingOrdering="PRIMARY_WEAPON"
						WeaponTimingSlotID="1"
						AnimationPriority="1"
						FadeBeginFrame="-1"
						FadeEndFrame="-1"
						AnimationMustCompleteBlend="False"
						UseWeaponTiming="False"
						FadingIn="False" />
				</AnimationState>
				<AnimationState
					ParseCondStateType="PARSE_TRANSITION"
					StateName="TRANS_SelectedToIdle"
					EnteringStateFX=""
					FrameForPristineBonePositions="0"
					ShareAnimation="False"
					AllowRepeatInRandomPick="False"
					SimilarRestart="False">
					<Animation
						AnimationName="NUMECH_ABTA"
						AnimationMode="ONCE"
						Distance="0"
						AnimationBlendTime="5"
						AnimationSpeedFactorMin="1"
						AnimationSpeedFactorMax="1"
						WeaponTimingOrdering="PRIMARY_WEAPON"
						WeaponTimingSlotID="1"
						AnimationPriority="1"
						FadeBeginFrame="-1"
						FadeEndFrame="-1"
						AnimationMustCompleteBlend="False"
						UseWeaponTiming="False"
						FadingIn="False" />
				</AnimationState>
				<AnimationState
					ParseCondStateType="PARSE_TRANSITION"
					StateName="TRANS_built"
					EnteringStateFX=""
					FrameForPristineBonePositions="0"
					ShareAnimation="False"
					AllowRepeatInRandomPick="False"
					SimilarRestart="False">
					<Animation
						AnimationName="NUMECH_BLDA"
						AnimationMode="ONCE"
						Distance="0"
						AnimationBlendTime="0"
						AnimationSpeedFactorMin="1"
						AnimationSpeedFactorMax="1"
						WeaponTimingOrdering="PRIMARY_WEAPON"
						WeaponTimingSlotID="1"
						AnimationPriority="1"
						FadeBeginFrame="-1"
						FadeEndFrame="-1"
						AnimationMustCompleteBlend="False"
						UseWeaponTiming="False"
						FadingIn="False" />
				</AnimationState>
			</ScriptedModelDraw>
			<ScriptedModelDraw
				id="7683DB63"
				RecoilDamping="0.4"
				MaxRecoilDistance="3"
				InitialRecoilSpeed="2"
				RecoilSettleSpeed="0.065"
				MinLODRequired="LOW"
				ProjectileBoneFeedbackEnabledSlots=""
				TrackMarks=""
				AttachToBoneInAnotherModule="FT_Pitch"
				DependencySharedModelFlags=""
				HighDetailLODThreshold="0"
				LowDetailLODThreshold="0"
				WadingParticleSys=""
				AlphaCameraFadeOuterRadius="0"
				AlphaCameraFadeInnerRadius="0"
				AlphaCameraAtInnerRadius="100%"
				StaticSortLevelWhileFading="-1"
				BirthFadeTime="0"
				OkToChangeModelColor="False"
				AnimationsRequirePower="True"
				UseYAxisForTurretRotation="False"
				TrackMarksOnlyWhenCorneringQuickly="False"
				UseProducerTexture="False"
				NoRotate="False"
				UseFiringArcRotation="False"
				Selectable="True"
				RandomTextureFixedRandomIndex="False"
				ParticlesAttachedToAnimatedBones="False"
				ParticleBonesCheckDrawable="False"
				ShadowForceDisable="False"
				SwitchModelLODMode="False"
				StaticModelLODMode="False"
				ShowShadowWhileContained="False"
				UseStandardModelNames="False"
				UseDefaultAnimation="False"
				BirthFadeAdditive="False"
				ZWriteDisableOverride="False"
				MultiPlayerOnly="False"
				AffectedByStealth="True"
				InvertStealthOpacity="False"
				HighDetailOnly="False"
				SetAnimsToLastFrameOnConstructionComplete="True">
				<ModelConditionState
					ParseCondStateType="PARSE_DEFAULT"
					PortraitImage=""
					ButtonImage=""
					RetainSubObjects="False">
					<Model
						Name="FXINVISBONE"
						ExtraMesh="False" />
				</ModelConditionState>
				<AnimationState
					ParseCondStateType="PARSE_DEFAULT"
					EnteringStateFX=""
					FrameForPristineBonePositions="0"
					ShareAnimation="False"
					AllowRepeatInRandomPick="False"
					SimilarRestart="False" />
				<AnimationState
					ParseCondStateType="PARSE_NORMAL"
					ConditionsYes="FIRING_A WEAPONSLOTID_02"
					EnteringStateFX=""
					FrameForPristineBonePositions="0"
					ShareAnimation="False"
					AllowRepeatInRandomPick="False"
					SimilarRestart="False">
					<ParticleSysBone
						BoneName="INVISBONE01"
						FXParticleSystemTemplate="FlameTankAdd"
						PersistID="0"
						FollowBone="True"
						OnlyIfOnWater="False"
						OnlyIfOnLand="False" />
					<ParticleSysBone
						BoneName="INVISBONE01"
						FXParticleSystemTemplate="FlameTankAdd02"
						PersistID="0"
						FollowBone="True"
						OnlyIfOnWater="False"
						OnlyIfOnLand="False" />
					<ParticleSysBone
						BoneName="INVISBONE01"
						FXParticleSystemTemplate="FlameTankFire"
						PersistID="0"
						FollowBone="True"
						OnlyIfOnWater="False"
						OnlyIfOnLand="False" />
					<ParticleSysBone
						BoneName="INVISBONE01"
						FXParticleSystemTemplate="FlameTankStart"
						PersistID="0"
						FollowBone="True"
						OnlyIfOnWater="False"
						OnlyIfOnLand="False" />
					<ParticleSysBone
						BoneName="INVISBONE01"
						FXParticleSystemTemplate="FlameTankDistort"
						PersistID="0"
						FollowBone="True"
						OnlyIfOnWater="False"
						OnlyIfOnLand="False" />
					<ParticleSysBone
						BoneName="INVISBONE01"
						FXParticleSystemTemplate="FlameTankGround"
						PersistID="0"
						FollowBone="True"
						OnlyIfOnWater="False"
						OnlyIfOnLand="False" />
				</AnimationState>
			</ScriptedModelDraw>
			<LaserDraw
				id="70418993"
				Texture1_UTile="1"
				Texture1_VTile="0.5"
				Texture2_UTile="1"
				Texture2_VTile="0.03"
				Texture1_UScrollRate="0"
				Texture1_VScrollRate="0.2"
				Texture2_UScrollRate="0"
				Texture2_VScrollRate="1"
				Texture1_NumFrames="1"
				Texture1_FrameRate="30"
				Texture2_NumFrames="1"
				Texture2_FrameRate="30"
				LaserWidth="20"
				WeaponSlotID="1"
				LaserStateID="1"
				UseDistortionShader="False">
				<FXShader
					ShaderName="Laser.fx"
					TechniqueName=""
					TechniqueIndex="0">
					<Constants>
						<Texture
							Name="Texture1">
							<Value>FXObeliskLaser</Value>
						</Texture>
						<Texture
							Name="Texture2">
							<Value>FXLaserOverlay</Value>
						</Texture>
					</Constants>
				</FXShader>
				<ObjectStatusValidation
					ForbiddenStatus="WEAPON_UPGRADED_03"
					RequiredStatus="" />
			</LaserDraw>
			<LaserDraw
				id="1FD2121C"
				Texture1_UTile="1"
				Texture1_VTile="0.5"
				Texture2_UTile="1"
				Texture2_VTile="0.01"
				Texture1_UScrollRate="0"
				Texture1_VScrollRate="0.2"
				Texture2_UScrollRate="0"
				Texture2_VScrollRate="1"
				Texture1_NumFrames="1"
				Texture1_FrameRate="30"
				Texture2_NumFrames="1"
				Texture2_FrameRate="1"
				LaserWidth="50"
				WeaponSlotID="1"
				LaserStateID="1"
				UseDistortionShader="True">
				<FXShader
					ShaderName="Laser.fx"
					TechniqueName=""
					TechniqueIndex="0">
					<Constants>
						<Texture
							Name="Texture1">
							<Value>FXRailgunCoreDistortion</Value>
						</Texture>
						<Texture
							Name="Texture2">
							<Value>FXRailGunCoreMask</Value>
						</Texture>
					</Constants>
				</FXShader>
			</LaserDraw>
			<LaserDraw
				id="6ACF3B13"
				Texture1_UTile="1"
				Texture1_VTile="0.5"
				Texture2_UTile="1"
				Texture2_VTile="0.03"
				Texture1_UScrollRate="0"
				Texture1_VScrollRate="0.2"
				Texture2_UScrollRate="0"
				Texture2_VScrollRate="1"
				Texture1_NumFrames="1"
				Texture1_FrameRate="30"
				Texture2_NumFrames="1"
				Texture2_FrameRate="30"
				LaserWidth="20"
				WeaponSlotID="1"
				LaserStateID="2"
				UseDistortionShader="False">
				<FXShader
					ShaderName="Laser.fx"
					TechniqueName=""
					TechniqueIndex="0">
					<Constants>
						<Texture
							Name="Texture1">
							<Value>FXObeliskLaser</Value>
						</Texture>
						<Texture
							Name="Texture2">
							<Value>FXLaserOverlay</Value>
						</Texture>
					</Constants>
				</FXShader>
				<ObjectStatusValidation
					ForbiddenStatus="WEAPON_UPGRADED_03"
					RequiredStatus="" />
			</LaserDraw>
			<LaserDraw
				id="D161EE17"
				Texture1_UTile="1"
				Texture1_VTile="0.5"
				Texture2_UTile="1"
				Texture2_VTile="0.01"
				Texture1_UScrollRate="0"
				Texture1_VScrollRate="0.2"
				Texture2_UScrollRate="0"
				Texture2_VScrollRate="1"
				Texture1_NumFrames="1"
				Texture1_FrameRate="30"
				Texture2_NumFrames="1"
				Texture2_FrameRate="1"
				LaserWidth="50"
				WeaponSlotID="1"
				LaserStateID="2"
				UseDistortionShader="True">
				<FXShader
					ShaderName="Laser.fx"
					TechniqueName=""
					TechniqueIndex="0">
					<Constants>
						<Texture
							Name="Texture1">
							<Value>FXRailgunCoreDistortion</Value>
						</Texture>
						<Texture
							Name="Texture2">
							<Value>FXRailGunCoreMask</Value>
						</Texture>
					</Constants>
				</FXShader>
			</LaserDraw>
			<LaserDraw
				id="B74F5F65"
				Texture1_UTile="1"
				Texture1_VTile="0.5"
				Texture2_UTile="1"
				Texture2_VTile="0.03"
				Texture1_UScrollRate="0"
				Texture1_VScrollRate="0.2"
				Texture2_UScrollRate="0"
				Texture2_VScrollRate="1"
				Texture1_NumFrames="1"
				Texture1_FrameRate="30"
				Texture2_NumFrames="1"
				Texture2_FrameRate="30"
				LaserWidth="20"
				WeaponSlotID="1"
				LaserStateID="1"
				UseDistortionShader="False">
				<FXShader
					ShaderName="Laser.fx"
					TechniqueName=""
					TechniqueIndex="0">
					<Constants>
						<Texture
							Name="Texture1">
							<Value>FXObeliskLaserHeroic</Value>
						</Texture>
						<Texture
							Name="Texture2">
							<Value>FXLaserOverlay</Value>
						</Texture>
					</Constants>
				</FXShader>
				<ObjectStatusValidation
					ForbiddenStatus=""
					RequiredStatus="WEAPON_UPGRADED_03" />
			</LaserDraw>
			<LaserDraw
				id="E5D4C885"
				Texture1_UTile="1"
				Texture1_VTile="0.5"
				Texture2_UTile="1"
				Texture2_VTile="0.03"
				Texture1_UScrollRate="0"
				Texture1_VScrollRate="0.2"
				Texture2_UScrollRate="0"
				Texture2_VScrollRate="1"
				Texture1_NumFrames="1"
				Texture1_FrameRate="30"
				Texture2_NumFrames="1"
				Texture2_FrameRate="30"
				LaserWidth="20"
				WeaponSlotID="1"
				LaserStateID="2"
				UseDistortionShader="False">
				<FXShader
					ShaderName="Laser.fx"
					TechniqueName=""
					TechniqueIndex="0">
					<Constants>
						<Texture
							Name="Texture1">
							<Value>FXObeliskLaserHeroic</Value>
						</Texture>
						<Texture
							Name="Texture2">
							<Value>FXLaserOverlay</Value>
						</Texture>
					</Constants>
				</FXShader>
				<ObjectStatusValidation
					ForbiddenStatus=""
					RequiredStatus="WEAPON_UPGRADED_03" />
			</LaserDraw>
			<SpotlightDraw
				id="F591F97E"
				RecoilDamping="0.4"
				MaxRecoilDistance="3"
				InitialRecoilSpeed="2"
				RecoilSettleSpeed="0.065"
				MinLODRequired="LOW"
				ProjectileBoneFeedbackEnabledSlots=""
				TrackMarks=""
				AttachToBoneInAnotherModule="s_generator"
				DependencySharedModelFlags=""
				HighDetailLODThreshold="0"
				LowDetailLODThreshold="0"
				WadingParticleSys=""
				AlphaCameraFadeOuterRadius="0"
				AlphaCameraFadeInnerRadius="0"
				AlphaCameraAtInnerRadius="100%"
				StaticSortLevelWhileFading="-1"
				BirthFadeTime="0"
				OkToChangeModelColor="False"
				AnimationsRequirePower="True"
				UseYAxisForTurretRotation="False"
				TrackMarksOnlyWhenCorneringQuickly="False"
				UseProducerTexture="False"
				NoRotate="False"
				UseFiringArcRotation="False"
				Selectable="True"
				RandomTextureFixedRandomIndex="False"
				ParticlesAttachedToAnimatedBones="False"
				ParticleBonesCheckDrawable="False"
				ShadowForceDisable="False"
				SwitchModelLODMode="False"
				StaticModelLODMode="False"
				ShowShadowWhileContained="False"
				UseStandardModelNames="False"
				UseDefaultAnimation="False"
				BirthFadeAdditive="False"
				ZWriteDisableOverride="False"
				MultiPlayerOnly="False"
				AffectedByStealth="True"
				InvertStealthOpacity="False"
				HighDetailOnly="False"
				SetAnimsToLastFrameOnConstructionComplete="True"
				RefreshTime="2s"
				SweepTime="1s"
				AlwaysOn="False">
				<ModelConditionState
					ParseCondStateType="PARSE_DEFAULT"
					PortraitImage=""
					ButtonImage=""
					RetainSubObjects="False">
					<Model
						Name="FXSPOTLIGHT"
						ExtraMesh="False" />
				</ModelConditionState>
				<ModelConditionState
					ParseCondStateType="PARSE_NORMAL"
					ConditionsYes="BUILD_PLACEMENT_CURSOR"
					PortraitImage=""
					ButtonImage=""
					RetainSubObjects="False">
					<Model
						Name=""
						ExtraMesh="False" />
				</ModelConditionState>
				<ModelConditionState
					ParseCondStateType="PARSE_NORMAL"
					ConditionsYes="FORMATION_PREVIEW"
					PortraitImage=""
					ButtonImage=""
					RetainSubObjects="False">
					<Model
						Name=""
						ExtraMesh="False" />
				</ModelConditionState>
			</SpotlightDraw>
		</Draws>
		<Behaviors>
			<WeaponSetUpdate
				id="ModuleTag_WeaponSetUpdate">
				<WeaponSlotHardpoint
					ID="1"
					AllowInterleavedFiring="true"
					InterleavedStyle="INTERLEAVE_RANDOM">
					<Weapon
						Ordering="PRIMARY_WEAPON"
						Template="NODAvatarLaser" />
					<Weapon
						Ordering="SECONDARY_WEAPON"
						Template="NODAvatarBeamCannonLaser"
						ObjectStatus="WEAPON_UPGRADED_02" />
				</WeaponSlotHardpoint>
				<WeaponSlotTurret
					ID="2">
					<Weapon
						Ordering="PRIMARY_WEAPON"
						Template="BlackHandCustomWarmechUpgradedFlamer"
						ObjectStatus="WEAPON_UPGRADED_01" />
					<TurretSettings
						TurretTurnRate="180"
						TurretPitchRate="60"
						AllowsPitch="true"
						MinimumPitch="-45d"
						MinIdleScanTime="1.0s"
						MaxIdleScanTime="2.0s"
						MinIdleScanAngle="0.0"
						MaxIdleScanAngle="90.0">
						<TurretAITargetChooserData
							CanAcquireDynamicIfAssignedOutOfRange="true" />
					</TurretSettings>
				</WeaponSlotTurret>
			</WeaponSetUpdate>
			<ModelConditionUpgrade
				id="ModuleTag_BeamModel"
				AddTempConditionFlag="USER_1"
				TempConditionTime="2.8s">
				<TriggeredBy>Upgrade_AvatarBeamCannon</TriggeredBy>
			</ModelConditionUpgrade>
			<ModelConditionUpgrade
				id="ModuleTag_FlameTankModel"
				AddTempConditionFlag="USER_2"
				TempConditionTime="2.7s">
				<TriggeredBy>Upgrade_AvatarFlamer</TriggeredBy>
			</ModelConditionUpgrade>
			<ModelConditionUpgrade
				id="ModuleTag_InvisibilityModel"
				AddTempConditionFlag="USER_3"
				TempConditionTime="2.7s">
				<TriggeredBy>Upgrade_AvatarInvisibility</TriggeredBy>
			</ModelConditionUpgrade>
			<ModelConditionUpgrade
				id="ModuleTag_StealthDetectorModel"
				AddTempConditionFlag="USER_4"
				TempConditionTime="2.7s">
				<TriggeredBy>Upgrade_AvatarStealthDetect</TriggeredBy>
			</ModelConditionUpgrade>
			<StealthUpgrade
				id="ModuleTag_StealhUpgrade">
				<TriggeredBy>Upgrade_AvatarInvisibility</TriggeredBy>
			</StealthUpgrade>
			<SubObjectsUpgrade
				id="ModuleTag_ShowStealth"
				ShowSubObjects="S_GENERATOR">
				<TriggeredBy>Upgrade_AvatarInvisibility</TriggeredBy>
			</SubObjectsUpgrade>
			<SubObjectsUpgrade
				id="ModuleTag_ShowFlamer"
				ShowSubObjects="FLAMETANK">
				<TriggeredBy>Upgrade_AvatarFlamer</TriggeredBy>
			</SubObjectsUpgrade>
			<StatusBitsUpgrade
				id="ModuleTag_StatusBitUpgradeFor01"
				StatusToSet="WEAPON_UPGRADED_01">
				<TriggeredBy>Upgrade_AvatarFlamer</TriggeredBy>
			</StatusBitsUpgrade>
			<SubObjectsUpgrade
				id="ModuleTag_ShowBeamCannon"
				ShowSubObjects="NUBEAM">
				<TriggeredBy>Upgrade_AvatarBeamCannon</TriggeredBy>
			</SubObjectsUpgrade>
			<StatusBitsUpgrade
				id="ModuleTag_StatusBitUpgradeFor02"
				StatusToSet="WEAPON_UPGRADED_02">
				<CustomAnimAndDuration
					AnimState="USER_10" />
				<TriggeredBy>Upgrade_AvatarBeamCannon</TriggeredBy>
			</StatusBitsUpgrade>
			<InvisibilityUpdate
				id="ModuleTag_Invisibility_Upgraded"
				UpdatePeriod="0.5s">
				<InvisibilityNugget
					ForbiddenConditions="MOVING PREATTACK_A FIRING_A FIRING_OR_PREATTACK_A RELOADING_A USING_WEAPON_A REALLYDAMAGED" 
					EnteringStealthFX="FX_NODStealthTransitionOn"
					LeavingStealthFX="FX_NODStealthTransitionOff"/>
				<RequiresUpgrade>Upgrade_AvatarInvisibility</RequiresUpgrade>
			</InvisibilityUpdate>
			<StealthDetectorUpdate
				id="ModuleTag_StealthDetect"
				DetectionRange="200"
				InitiallyDisabled="true">
				<TriggeredBy>Upgrade_AvatarStealthDetect</TriggeredBy>
			</StealthDetectorUpdate>
			<SubObjectsUpgrade
				id="ModuleTag_ShowStealthDetect"
				ShowSubObjects="S_DETECTOR">
				<TriggeredBy>Upgrade_AvatarStealthDetect</TriggeredBy>
			</SubObjectsUpgrade>
			<!--Commandeer Ability.
				This works as Follows:
				Get in Range Dispatcher - This is a dispatcher that tells the unit to
				get into range of the targeted unit type.  It dispatches 4 powers one for each unit 
				type it can affect.  It does this so it can put in checks in the special power templates
				for things like wether or not it already has the upgrade its trying to get IE already
				got the attack back upgrade so it can't get another one.
				
				Paralyze Weapon - After the Avatar has gotten into range it will fire a weapon to 
				paralyze the targeted unit type.  It does this by using a chain command.  There
				are four powers that all fire the same weapon.  We have four so that we can again
				check any requirements and bail out for specific reasons if necessary here.  It is possible
				that this can be made into one power that fires the weapon to simplify it but this whole
				thing is so fagile that I don't want to chance it.
				
				Give and Kill - This stage is right after we fire the paralyze weapon.  The unit is now
				immobile and we are free to get our upgrades and kill the unit.  This is done with a 
				series of GiveOrRestoreUpgradeSpecialPowers.   Theses special powers then chain off
				to four powers that all fire a weapon that is intended to kill the target object.
			-->				
			<!-- This dispatcher gets the Avatar within range of its target unit.  It requires
				a dispatcher because each of the SP's have their own forbidden upgrade, so that
				for example you can't Commandeer a Flame Tank twice.  -->
			<SpecialPowerDispatchSpecialPower
				id="ModuleTag_AvatarCommandeerGetIntoRangeTriggerDispatch"
				SpecialPowerTemplate="SpecialPower_AvatarCommandeerGetInRange"
				RequireAllPowersToFunction="false">
				<SpecialPower
					SpecialPowerTemplate="SpecialPower_AvatarCommandeerGetInRangeBeam" />
				<SpecialPower
					SpecialPowerTemplate="SpecialPower_AvatarCommandeerGetInRangeFlame" />
				<SpecialPower
					SpecialPowerTemplate="SpecialPower_AvatarCommandeerGetInRangeBike" />
				<SpecialPower
					SpecialPowerTemplate="SpecialPower_AvatarCommandeerGetInRangeStealth" />
			</SpecialPowerDispatchSpecialPower>
			<SpecialPower
				id="ModuleTag_CommandeerGetIntoRangeTriggerBeam"
				SpecialPowerTemplate="SpecialPower_AvatarCommandeerGetInRangeBeam"
				UpdateModuleStartsAttack="true" />
			<SpecialPower
				id="ModuleTag_CommandeerGetIntoRangeTriggerFlame"
				SpecialPowerTemplate="SpecialPower_AvatarCommandeerGetInRangeFlame"
				UpdateModuleStartsAttack="true" />
			<SpecialPower
				id="ModuleTag_CommandeerGetIntoRangeTriggerBike"
				SpecialPowerTemplate="SpecialPower_AvatarCommandeerGetInRangeBike"
				UpdateModuleStartsAttack="true" />
			<SpecialPower
				id="ModuleTag_CommandeerGetIntoRangeTriggerStealth"
				SpecialPowerTemplate="SpecialPower_AvatarCommandeerGetInRangeStealth"
				UpdateModuleStartsAttack="true" />
			<!-- These special powers are the ones that actually get us in range. 
				They chain to the next dispatcher, below.-->
			<SpecialAbilityUpdate
				id="ModuleTag_CommandeerGetIntoRangeBeamUpdate"
				SpecialPowerTemplate="SpecialPower_AvatarCommandeerGetInRangeBeam"
				UnpackTime="0s"
				PackTime="0s"
				StartAbilityRange="15.0"
				Options="CHECK_SPECIALPOWER_REQUIREMENTS_DURING_UPDATE" 
				ChainedButton="Command_AvatarCommandeerParalyzeBeamCannon" />
			<SpecialAbilityUpdate
				id="ModuleTag_CommandeerGetIntoRangeFlameUpdate"
				SpecialPowerTemplate="SpecialPower_AvatarCommandeerGetInRangeFlame"
				UnpackTime="0s"
				PackTime="0s"
				StartAbilityRange="15.0"
				Options="CHECK_SPECIALPOWER_REQUIREMENTS_DURING_UPDATE" 
				ChainedButton="Command_AvatarCommandeerParalyzeFlameTank" />
			<SpecialAbilityUpdate
				id="ModuleTag_CommandeerGetIntoRangeBikeUpdate"
				SpecialPowerTemplate="SpecialPower_AvatarCommandeerGetInRangeBike"
				UnpackTime="0s"
				PackTime="0s"
				StartAbilityRange="15.0"
				Options="CHECK_SPECIALPOWER_REQUIREMENTS_DURING_UPDATE" 
				ChainedButton="Command_AvatarCommandeerParalyzeBike" />
			<SpecialAbilityUpdate
				id="ModuleTag_CommandeerGetIntoRangeStealthUpdate"
				SpecialPowerTemplate="SpecialPower_AvatarCommandeerGetInRangeStealth"
				UnpackTime="0s"
				PackTime="0s"
				StartAbilityRange="15.0"
				Options="CHECK_SPECIALPOWER_REQUIREMENTS_DURING_UPDATE" 
				ChainedButton="Command_AvatarCommandeerParalyzeStealthTank" />
			<!--Paralyze weapon fire ability updates.  This will freeze the unit about to be commandeered so it can't run away.  This
			    will then chain to the actual Commandeer dispatch.-->
			<SpecialPower
				id="SpecialPower_AvatarCommandeerParalyzeBeamCannon"
				SpecialPowerTemplate="SpecialPower_AvatarCommandeerParalyzeBeamCannon"
				AttributeModifierAffectsSelf="true"
				UpdateModuleStartsAttack="true" />
			<WeaponFireSpecialAbilityUpdate
				id="SpecialPower_AvatarCommandeerParalyzeBeamCannonUpdate"
				SpecialPowerTemplate="SpecialPower_AvatarCommandeerParalyzeBeamCannon"
				SpecialWeapon="NODAvatarCommandeerParalyzeWeapon"
				UnpackTime="0s"
				PackTime="0s"
				StartAbilityRange="15.0"
				BusyForDuration="0s"
				WhichSpecialWeapon="1"
				Options="CHECK_SPECIALPOWER_REQUIREMENTS_DURING_UPDATE"
				ChainedButton="Command_AvatarCommandeerDispatch"/>
			<SpecialPower
				id="SpecialPower_AvatarCommandeerParalyzeBike"
				SpecialPowerTemplate="SpecialPower_AvatarCommandeerParalyzeBike"
				AttributeModifierAffectsSelf="true"
				UpdateModuleStartsAttack="true" />
			<WeaponFireSpecialAbilityUpdate
				id="SpecialPower_AvatarCommandeerParalyzeBikeUpdate"
				SpecialPowerTemplate="SpecialPower_AvatarCommandeerParalyzeBike"
				SpecialWeapon="NODAvatarCommandeerParalyzeWeapon"
				UnpackTime="0s"
				PackTime="0s"
				StartAbilityRange="15.0"
				BusyForDuration="0s"
				WhichSpecialWeapon="1"
				Options="CHECK_SPECIALPOWER_REQUIREMENTS_DURING_UPDATE"
				ChainedButton="Command_AvatarCommandeerDispatch"/>
			<SpecialPower
				id="SpecialPower_AvatarCommandeerParalyzeStealthTank"
				SpecialPowerTemplate="SpecialPower_AvatarCommandeerParalyzeStealthTank"
				AttributeModifierAffectsSelf="true"
				UpdateModuleStartsAttack="true" />
			<WeaponFireSpecialAbilityUpdate
				id="SpecialPower_AvatarCommandeerParalyzeStealthTankUpdate"
				SpecialPowerTemplate="SpecialPower_AvatarCommandeerParalyzeStealthTank"
				SpecialWeapon="NODAvatarCommandeerParalyzeWeapon"
				UnpackTime="0s"
				PackTime="0s"
				StartAbilityRange="15.0"
				BusyForDuration="0s"
				WhichSpecialWeapon="1" 
				Options="CHECK_SPECIALPOWER_REQUIREMENTS_DURING_UPDATE" 
				ChainedButton="Command_AvatarCommandeerDispatch"/>
			<SpecialPower
				id="SpecialPower_AvatarCommandeerParalyzeFlameTank"
				SpecialPowerTemplate="SpecialPower_AvatarCommandeerParalyzeFlameTank"
				AttributeModifierAffectsSelf="true"
				UpdateModuleStartsAttack="true" />
			<WeaponFireSpecialAbilityUpdate
				id="SpecialPower_AvatarCommandeerParalyzeFlameTankUpdate"
				SpecialPowerTemplate="SpecialPower_AvatarCommandeerParalyzeFlameTank"
				SpecialWeapon="NODAvatarCommandeerParalyzeWeapon"
				UnpackTime="0s"
				PackTime="0s"
				StartAbilityRange="15.0"
				BusyForDuration="0s"
				WhichSpecialWeapon="1"
				Options="CHECK_SPECIALPOWER_REQUIREMENTS_DURING_UPDATE"
				ChainedButton="Command_AvatarCommandeerDispatch"/>			
			<!--This dispatch will go through all the special powers and pick the correct one base on 
			    an object filter.  It will then destroy the target 2nd set of powers.  The 2nd
			    set of powers may not be entirely necessary.  -->
			<SpecialPowerDispatchSpecialPower
				id="ModuleTag_AvatarCommandeerDispatch"
				SpecialPowerTemplate="SpecialPower_AvatarCommandeerDispatch"
				RequireAllPowersToFunction="false"
				AttributeModifierAffectsSelf="true">
				<SpecialPower
					SpecialPowerTemplate="SpecialPower_AvatarInvisibility" />
				<SpecialPower
					SpecialPowerTemplate="SpecialPower_AvatarStealthDetect" />
				<SpecialPower
					SpecialPowerTemplate="SpecialPower_AvatarBeamCannon" />
				<SpecialPower
					SpecialPowerTemplate="SpecialPower_AvatarFlamer" />
				<SpecialPower
					SpecialPowerTemplate="SpecialPower_AvatarCommandeerDestroyBeamCannon" />
				<SpecialPower
					SpecialPowerTemplate="SpecialPower_AvatarCommandeerDestroyBike" />
				<SpecialPower
					SpecialPowerTemplate="SpecialPower_AvatarCommandeerDestroyFlameTank" />
				<SpecialPower
					SpecialPowerTemplate="SpecialPower_AvatarCommandeerDestroyStealthTank" />
			</SpecialPowerDispatchSpecialPower>
			<!--These upgrades determine what the new avatar functionality is-->
			<GiveOrRestoreUpgradeSpecialPower
				id="SpecialPower_AvatarStealthDetectUpdate"
				SpecialPowerTemplate="SpecialPower_AvatarStealthDetect"
				UpgradeToGive="Upgrade_AvatarStealthDetect" />
			<GiveOrRestoreUpgradeSpecialPower
				id="SpecialPower_AvatarFlamerUpdate"
				SpecialPowerTemplate="SpecialPower_AvatarFlamer"
				UpgradeToGive="Upgrade_AvatarFlamer" />
			<GiveOrRestoreUpgradeSpecialPower
				id="SpecialPower_AvatarBeamCannonUpdate"
				SpecialPowerTemplate="SpecialPower_AvatarBeamCannon"
				UpgradeToGive="Upgrade_AvatarBeamCannon" />
			<GiveOrRestoreUpgradeSpecialPower
				id="SpecialPower_AvatarInvisibilityUpdate"
				SpecialPowerTemplate="SpecialPower_AvatarInvisibility"
				UpgradeToGive="Upgrade_AvatarInvisibility" />
			<SpecialPower
				id="SpecialPower_AvatarInvisibility"
				SpecialPowerTemplate="SpecialPower_AvatarInvisibility" />
			<SpecialPower
				id="SpecialPower_AvatarStealthDetect"
				SpecialPowerTemplate="SpecialPower_AvatarStealthDetect" />
			<SpecialPower
				id="SpecialPower_AvatarBeamCannon"
				SpecialPowerTemplate="SpecialPower_AvatarBeamCannon" />
			<SpecialPower
				id="SpecialPower_AvatarFlamer"
				SpecialPowerTemplate="SpecialPower_AvatarFlamer" />
			<!--Destroy the target object-->
			<SpecialPower
				id="SpecialPower_AvatarCommandeerDestroyBeamCannon"
				SpecialPowerTemplate="SpecialPower_AvatarCommandeerDestroyBeamCannon"
				AttributeModifierAffectsSelf="true"
				UpdateModuleStartsAttack="true" />
			<WeaponFireSpecialAbilityUpdate
				id="SpecialPower_AvatarCommandeerDestroyBeamCannonUpdate"
				SpecialPowerTemplate="SpecialPower_AvatarCommandeerDestroyBeamCannon"
				SpecialWeapon="NODAvatarCommandeerWeapon"
				UnpackTime="0s"
				PackTime="0s"
				StartAbilityRange="15.0"
				BusyForDuration="2.7s"
				WhichSpecialWeapon="1" />
			<SpecialPower
				id="SpecialPower_AvatarCommandeerDestroyBike"
				SpecialPowerTemplate="SpecialPower_AvatarCommandeerDestroyBike"
				AttributeModifierAffectsSelf="true"
				UpdateModuleStartsAttack="true" />
			<WeaponFireSpecialAbilityUpdate
				id="SpecialPower_AvatarCommandeerDestroyBikeUpdate"
				SpecialPowerTemplate="SpecialPower_AvatarCommandeerDestroyBike"
				SpecialWeapon="NODAvatarCommandeerWeapon"
				UnpackTime="0s"
				PackTime="0s"
				StartAbilityRange="15.0"
				BusyForDuration="2.7s"
				WhichSpecialWeapon="1" />
			<SpecialPower
				id="SpecialPower_AvatarCommandeerDestroyFlameTank"
				SpecialPowerTemplate="SpecialPower_AvatarCommandeerDestroyFlameTank"
				AttributeModifierAffectsSelf="true"
				UpdateModuleStartsAttack="true" />
			<WeaponFireSpecialAbilityUpdate
				id="SpecialPower_AvatarCommandeerDestroyFlameTankUpdate"
				SpecialPowerTemplate="SpecialPower_AvatarCommandeerDestroyFlameTank"
				SpecialWeapon="NODAvatarCommandeerWeapon"
				UnpackTime="0s"
				PackTime="0s"
				StartAbilityRange="15.0"
				BusyForDuration="2.7s"
				WhichSpecialWeapon="1" />
			<SpecialPower
				id="SpecialPower_AvatarCommandeerDestroyStealthTank"
				SpecialPowerTemplate="SpecialPower_AvatarCommandeerDestroyStealthTank"
				AttributeModifierAffectsSelf="true"
				UpdateModuleStartsAttack="true" />
			<WeaponFireSpecialAbilityUpdate
				id="SpecialPower_AvatarCommandeerDestroyStealthTankUpdate"
				SpecialPowerTemplate="SpecialPower_AvatarCommandeerDestroyStealthTank"
				SpecialWeapon="NODAvatarCommandeerWeapon"
				UnpackTime="0s"
				PackTime="0s"
				StartAbilityRange="15.0"
				BusyForDuration="2.7s"
				WhichSpecialWeapon="1" />
			<LaserState
				id="ModuleTag_DefaultLaserState"
				LaserId="1" />
			<LaserState
				id="ModuleTag_BeamLaserState"
				LaserId="2" />
			<Physics
				id="ModuleTag_Physics" />
			<ProductionUpdate
				id="ModuleTag_ProductionUpdate" />
			<FXListBehavior
				id="ModuleTag_FXList">
				<DieMuxData
					DeathTypes="ALL" />
				<Event
					Index="onDeath"
					FX="FX_NOD_AvatarExplodeWithVoice" />
			</FXListBehavior>
			<!-- dying, spawn a husk -->
			<CreateObjectDie
				id="ModuleTag_CreateObjectDie"
				CreationList="NODAvatarDieOCL">
				<DieMuxData
					DeathTypes="ALL" />
			</CreateObjectDie>
			<DestroyDie
				id="ModuleTag_DestroyDie">
				<DieMuxData
					DeathTypes="ALL" />
			</DestroyDie>
			<AISpecialPowerUpdate
				id="ModuleTag_NODAvatarCommandeer"
				CommandButtonName="Command_AvatarCommandeerGetInRange"
				SpecialPowerAIType="SPECIAL_POWER_BASIC_SELF_BUFF" />
			<ModelConditionUpgrade
				id="ModuleTag_AllFactionUpgrade"
				AddConditionFlags="USER_6">
				<TriggeredBy>Upgrade_AllFactionUpgrade</TriggeredBy>
			</ModelConditionUpgrade>	
			<StatusBitsUpgrade
				id="ModuleTag_VeterancyUpgrade"
				StatusToSet="WEAPON_UPGRADED_03">
				<TriggeredBy>Upgrade_Veterancy_HEROIC</TriggeredBy>
			</StatusBitsUpgrade>			
		</Behaviors>
		<AI>
			<AIUpdate
				id="ModuleTag_AI"
				AutoAcquireEnemiesWhenIdle="YES"
				AILuaEventsList="MetaTechSuperAvatarFunctions">
				<UnitAITargetChooserData />
			</AIUpdate>
		</AI>
		<Body>
			<ActiveBody
				id="ModuleTag_Body"
				MaxHealth="12500.0" />
		</Body>
		<ClientBehaviors>
			<AnimationSoundClientBehavior
				id="ModuleTag_ASCB">
				<Sound Sound="AudioEvent:NOD_AvatarWarMech_Commandeer" Animation="NUMECH_GRBA" Frame="50" />
				<Sound Sound="AudioEvent:NOD_AvatarWarMech_Commandeer" Animation="NUMECH_GRBB" Frame="53" />
				<Sound Sound="AudioEvent:NOD_AvatarWarMech_Commandeer" Animation="NUMECH_GRBC" Frame="48" />
				<Sound Sound="AudioEvent:NOD_AvatarWarMech_Commandeer" Animation="NUMECH_GRBD" Frame="54" />
				<Sound Sound="AudioEvent:NOD_AvatarWarMech_Footstep" Animation="NUMECH_ABTA" Frame="22 44" />
				<Sound Sound="AudioEvent:NOD_AvatarWarMech_Footstep" Animation="NUMECH_AIDA" Frame="139 168" />
				<Sound Sound="AudioEvent:NOD_AvatarWarMech_Footstep" Animation="NUMECH_ACCL" Frame="14" />
				<Sound Sound="AudioEvent:NOD_AvatarWarMech_Footstep" Animation="NUMECH_BATA" Frame="16 31" />
				<Sound Sound="AudioEvent:NOD_AvatarWarMech_Footstep" Animation="NUMECH_DECL" Frame="15" />
				<Sound Sound="AudioEvent:NOD_AvatarWarMech_Footstep" Animation="NUMECH_GRBA" Frame="18 59" />
				<Sound Sound="AudioEvent:NOD_AvatarWarMech_Footstep" Animation="NUMECH_GRBB" Frame="17 60" />
				<Sound Sound="AudioEvent:NOD_AvatarWarMech_Footstep" Animation="NUMECH_GRBC" Frame="17 60" />
				<Sound Sound="AudioEvent:NOD_AvatarWarMech_Footstep" Animation="NUMECH_GRBD" Frame="18 59" />
				<Sound Sound="AudioEvent:NOD_AvatarWarMech_Footstep" Animation="NUMECH_GTPA" Frame="45 53 76" />
				<Sound Sound="AudioEvent:NOD_AvatarWarMech_Footstep" Animation="NUMECH_TRNL" Frame="22 45" />
				<Sound Sound="AudioEvent:NOD_AvatarWarMech_Footstep" Animation="NUMECH_TRNR" Frame="22 45" />
				<Sound Sound="AudioEvent:NOD_AvatarWarMech_Footstep" Animation="NUMECH_WLKA" Frame="1 25" />
				<Sound Sound="AudioEvent:NOD_AvatarWarMech_Footstep" Animation="NUMECH_WLKB" Frame="23 46" />
				<Sound Sound="AudioEvent:NOD_AvatarWarMech_GearMovement_Short" Animation="NUMECH_GRBA" Frame="7 51" />
				<Sound Sound="AudioEvent:NOD_AvatarWarMech_GearMovement_Long" Animation="NUMECH_GRBA" Frame="14 34 66" />
				<Sound Sound="AudioEvent:NOD_AvatarWarMech_GearMovement_Short" Animation="NUMECH_GRBB" Frame="10 51" />
				<Sound Sound="AudioEvent:NOD_AvatarWarMech_GearMovement_Long" Animation="NUMECH_GRBB" Frame="11 37" />
				<Sound Sound="AudioEvent:NOD_AvatarWarMech_GearMovement_Short" Animation="NUMECH_GRBC" Frame="10 53" />
				<Sound Sound="AudioEvent:NOD_AvatarWarMech_GearMovement_Long" Animation="NUMECH_GRBC" Frame="12 35" />
				<Sound Sound="AudioEvent:NOD_AvatarWarMech_GearMovement_Short" Animation="NUMECH_GRBD" Frame="10 54" />
				<Sound Sound="AudioEvent:NOD_AvatarWarMech_GearMovement_Long" Animation="NUMECH_GRBD" Frame="24 42" />
				<Sound Sound="AudioEvent:NOD_AvatarWarMech_Recovered2" Animation="NUMECH_GTPA" Frame="25" />
				<Sound Sound="AudioEvent:NOD_AvatarWarMech_Recovered1" Animation="NUMECH_GTPA" Frame="50" />
				<Sound Sound="AudioEvent:NOD_AvatarWarMech_GearMovement_Short" Animation="NUMECH_AIDA" Frame="47 76 88" />
				<Sound Sound="AudioEvent:NOD_AvatarWarMech_GearMovement_Long" Animation="NUMECH_AIDA" Frame="47 103" />
			</AnimationSoundClientBehavior>
		</ClientBehaviors>
		<Geometry
			IsSmall="true">
			<Shape
				Type="CYLINDER"
				MajorRadius="20.0"
				Height="50.0"
				ContactPointGeneration="INFANTRY" />
		</Geometry>
		<AudioArrayVoice>
			<AudioEntry
				Sound="AudioEvent:NOD_Avatar_VoiceAttack"
				AudioType="voiceAttack" />
			<AudioEntry
				Sound="AudioEvent:NOD_Avatar_VoiceMoveAttack"
				AudioType="voiceAttackAfterMoving" />
			<AudioEntry
				Sound="AudioEvent:NOD_Avatar_VoiceCreate"
				AudioType="voiceCreated" />
			<AudioEntry
				Sound="AudioEvent:NOD_Avatar_VoiceMove"
				AudioType="voiceGuard" />
			<AudioEntry
				Sound="AudioEvent:NOD_Avatar_VoiceMove"
				AudioType="voiceMove" />
			<AudioEntry
				Sound="AudioEvent:NOD_Avatar_VoiceRetreat"
				AudioType="voiceRetreatToCastle" />
			<AudioEntry
				Sound="AudioEvent:NOD_Avatar_VoiceSelectMS"
				AudioType="voiceSelect" />
			<AudioEntry
				Sound="AudioEvent:NOD_Avatar_VoiceSelectBattleMS"
				AudioType="voiceSelectBattle" />
      <NamedEntry
				Sound="AudioEvent:NOD_Avatar_VoiceTakeTechnology"
				Name="InitiateTakeTechnology" />
		</AudioArrayVoice>
		
		<AudioArraySound>
			<AudioEntry
				Sound="AudioEvent:NOD_AvatarWarMech_MoveStart"
				AudioType="soundMoveStart" />
			<AudioEntry
				Sound="AudioEvent:NOD_AvatarWarMech_IdleLoop"
				AudioType="soundAmbient" />
		</AudioArraySound>
		<ShadowInfo
			Type="VOLUME" />
		<VisionInfo
			VisionRange="450"
			ShroudClearingRange="500" />
		<CrusherInfo
			CrusherLevel="3"
			CrushableLevel="3" />
	</GameObject>
</AssetDeclaration>
