<?xml version="1.0" encoding="utf-8"?>
<AssetDeclaration xmlns="uri:ea.com:eala:asset">
	<GameObject
		id="MetaTechMCV"
		KindOf="SELECTABLE CAN_CAST_REFLECTIONS PRELOAD SCORE FS_FACTORY IGNORES_SELECT_ALL CAN_REVERSE_MOVE VEHICLE EXPANSION_UNIT CAN_BE_FAVORITE_UNIT MCV"
		Description="Desc:GDIMCV"
		TypeDescription="Type:GDIMCV"
		RadarPriority="UNIT"
		BuildCompletion="INVALID"
		FenceWidth="0"
		FenceXOffset="0"
		RemoveTerrainRadius="0"
		EmotionRange="0"
		PlacementViewAngle="315d"
		BuildFadeInOnCreateTimeSeconds="0.25s"
		FactoryExitWidth="0"
		FactoryExtraBibWidth="0"
		Side="MetaTech"
		EditorName="SteelTalonsMCV"
		EditorSorting="UNIT"
		BountyValue="0"
		BuildTime="35"
		BuildFadeInOnCreateTime="0"
		EnergyProduction="0"
		EnergyBonus="0"
		CommandSet="SteelTalonsMCVCommandSet"
		SelectPortrait="Portrait_GDIMCV"
		ButtonImage="Portrait_GDIMCV"
		VoicePriority="32"
		MinZIncreaseForVoiceMoveToHigherGround="-1"
		CrowdResponse=""
		CampnessValue="0"
		CampnessValueRadius="600"
		Scale="1"
		HealthBoxScale="1.5"
		HealthBoxHeightOffset="10"
		OcclusionDelay="0"
		LiveCameraPitch="0"
		FormationWidth="1"
		FormationDepth="1"
		InstanceScaleFuzziness="0"
		ThreatRadius="-1"
		RamPower="0"
		RamZMult="1"
		ShockwaveResistance="100"
		CommandPoints="100"
		CommandPointBonus="0"
		VoiceAttackChargeTimeout="0"
		MaxDistanceForEngaged="0"
		EngagedStateTimeout="0"
		ThreatLevel="1"
		SlopeLimitIndex="0"
		PathfindDiameter="-1"
		SupplyOverride="0"
		DisplayMeleeDamage="-1"
		DisplayRangedDamage="-1"
		HeroSortOrder="2147483647"
		FiringArc="360"
		CamouflageDetectionMultiplier="1"
		SelectionPriority="2147483647"
		ProductionQueueType="VEHICLE"
		BuildPlacementTypeFlag="INVALID"
		BuildOnRequiredObjectKindOf=""
		UnitCategory="VEHICLE"
		WeaponCategory="NONE"
		HasFiredRecentlyTime="2s"
		UnitTypeIcon=""
		ReinvisibilityDelay="7s"
		CaptureTime="0s"
		BuildCost="3500"
		RefundValue="0"
		ThreatValue="0"
		MaxSimultaneousOfType="0"
		TransportSlotCount="1"
		IsTrainable="True"
		IsForbidden="False"
		IsPrerequisite="False"
		IsGrabbable="False"
		IsHarvestable="False"
		StructureRubbleHeight="0"
		ForceLuaRegistration="False"
		ShowHealthInSelectionDecal="False"
		KeepSelectableWhenDead="False"
		IsAutoBuilt="False"
		CanPathThroughGates="True"
		ShouldClearShotsOnIdle="False"
		BuildInProximityToSamePlayerStucture="True">
		<EquivalentTo>SteelTalonsMCV</EquivalentTo>
		<DisplayName>Name:GDIMCV</DisplayName>
		<ArmorSet
			Armor="GDIMCVArmor"
			DamageFX="VehicleDamageFX"
			Conditions="" />
		<LocomotorSet
			Speed="40"
			Condition="NORMAL"
			Locomotor="GDIMCVLocomotor" />
		<Draws>
			<TruckDraw
				id="50DF2C46"
				RecoilDamping="0.4"
				MaxRecoilDistance="3"
				InitialRecoilSpeed="2"
				RecoilSettleSpeed="0.065"
				MinLODRequired="LOW"
				ProjectileBoneFeedbackEnabledSlots=""
				TrackMarks=""
				DependencySharedModelFlags=""
				HighDetailLODThreshold="0"
				LowDetailLODThreshold="0"
				WadingParticleSys=""
				AlphaCameraFadeOuterRadius="0"
				AlphaCameraFadeInnerRadius="0"
				AlphaCameraAtInnerRadius="100%"
				StaticSortLevelWhileFading="-1"
				BirthFadeTime="0"
				OkToChangeModelColor="True"
				AnimationsRequirePower="True"
				UseYAxisForTurretRotation="False"
				TrackMarksOnlyWhenCorneringQuickly="False"
				UseProducerTexture="False"
				NoRotate="False"
				UseFiringArcRotation="False"
				Selectable="True"
				RandomTextureFixedRandomIndex="False"
				ParticlesAttachedToAnimatedBones="False"
				ParticleBonesCheckDrawable="False"
				ShadowForceDisable="False"
				SwitchModelLODMode="False"
				StaticModelLODMode="False"
				ShowShadowWhileContained="False"
				UseStandardModelNames="False"
				UseDefaultAnimation="False"
				BirthFadeAdditive="False"
				ZWriteDisableOverride="False"
				MultiPlayerOnly="False"
				AffectedByStealth="True"
				InvertStealthOpacity="False"
				HighDetailOnly="False"
				SetAnimsToLastFrameOnConstructionComplete="True"
				Dust=""
				DirtSpray=""
				PowerslideSpray=""
				LeftFrontTireBone="BONE_TireCabL"
				RightFrontTireBone="BONE_TireCabR"
				LeftRearTireBone="BONE_TrailerLR"
				RightRearTireBone="BONE_TrailerRR"
				MidLeftRearTireBone="BONE_TrailerLF"
				MidRightRearTireBone="BONE_TrailerRF"
				TireRotationMultiplier="0.2"
				TireRotationMultiplierFront="0.5"
				PowerslideRotationAddition="0"
				CabRotationMultiplier="1"
				TrailerRotationMultiplier="1"
				RotationDamping="1">
				<ModelConditionState
					ParseCondStateType="PARSE_DEFAULT"
					PortraitImage=""
					ButtonImage=""
					RetainSubObjects="False">
					<Model
						Name="GUMCV_SKN"
						ExtraMesh="False" />
				</ModelConditionState>
				<ModelConditionState
					ParseCondStateType="PARSE_NORMAL"
					ConditionsYes="UNPACKING REALLYDAMAGED"
					PortraitImage=""
					ButtonImage=""
					RetainSubObjects="False">
					<Model
						Name="GUMCVUPAK_SN"
						ExtraMesh="False" />
					<Texture
						Original="GB_Conyard01"
						New="GB_Conyard01D" />
				</ModelConditionState>
				<ModelConditionState
					ParseCondStateType="PARSE_NORMAL"
					ConditionsYes="UNPACKING DAMAGED"
					PortraitImage=""
					ButtonImage=""
					RetainSubObjects="False">
					<Model
						Name="GUMCVUPAK_SN"
						ExtraMesh="False" />
					<Texture
						Original="GB_Conyard01"
						New="GB_Conyard01D" />
				</ModelConditionState>
				<ModelConditionState
					ParseCondStateType="PARSE_NORMAL"
					ConditionsYes="UNPACKING"
					PortraitImage=""
					ButtonImage=""
					RetainSubObjects="False">
					<Model
						Name="GUMCVUPAK_SN"
						ExtraMesh="False" />
				</ModelConditionState>
				<ModelConditionState
					ParseCondStateType="PARSE_NORMAL"
					ConditionsYes="DYING"
					PortraitImage=""
					ButtonImage=""
					RetainSubObjects="False">
					<Model
						Name="GUMCVR_SKN"
						ExtraMesh="False" />
				</ModelConditionState>
				<ModelConditionState
					ParseCondStateType="PARSE_NORMAL"
					ConditionsYes="REALLYDAMAGED"
					PortraitImage=""
					ButtonImage=""
					RetainSubObjects="False">
					<Model
						Name="GUMCV_SKN"
						ExtraMesh="False" />
					<Texture
						Original="GB_Conyard01"
						New="GB_Conyard01D" />
				</ModelConditionState>
				<ModelConditionState
					ParseCondStateType="PARSE_NORMAL"
					ConditionsYes="DAMAGED"
					PortraitImage=""
					ButtonImage=""
					RetainSubObjects="False">
					<Model
						Name="GUMCV_SKN"
						ExtraMesh="False" />
					<Texture
						Original="GB_Conyard01"
						New="GB_Conyard01D" />
				</ModelConditionState>
				<ModelConditionState
					ParseCondStateType="PARSE_NORMAL"
					ConditionsYes="FORMATION_PREVIEW"
					PortraitImage=""
					ButtonImage=""
					RetainSubObjects="False">
					<Model
						Name="GUMCV_FP"
						ExtraMesh="False" />
				</ModelConditionState>
				<AnimationState
					ParseCondStateType="PARSE_DEFAULT"
					EnteringStateFX=""
					FrameForPristineBonePositions="0"
					ShareAnimation="False"
					AllowRepeatInRandomPick="False"
					SimilarRestart="False" />
				<AnimationState
					ParseCondStateType="PARSE_NORMAL"
					ConditionsYes="MOVING"
					EnteringStateFX=""
					FrameForPristineBonePositions="0"
					ShareAnimation="False"
					AllowRepeatInRandomPick="False"
					SimilarRestart="False">
					<Script>
						Prev = CurDrawablePrevAnimationState()
						if Prev == "STATE_built" then
						CurDrawableSetTransitionAnimState("TRANS_built")
						end
					</Script>
				</AnimationState>
				<AnimationState
					ParseCondStateType="PARSE_NORMAL"
					ConditionsYes="UNPACKING"
					Flags="START_FRAME_LAST"
					EnteringStateFX=""
					FrameForPristineBonePositions="0"
					ShareAnimation="False"
					AllowRepeatInRandomPick="False"
					SimilarRestart="False">
					<Animation
						AnimationName="GUMCVUPAK_AN"
						AnimationMode="ONCE_BACKWARDS"
						Distance="0"
						AnimationBlendTime="5"
						AnimationSpeedFactorMin="1"
						AnimationSpeedFactorMax="1"
						WeaponTimingOrdering="PRIMARY_WEAPON"
						WeaponTimingSlotID="1"
						AnimationPriority="1"
						FadeBeginFrame="-1"
						FadeEndFrame="-1"
						AnimationMustCompleteBlend="False"
						UseWeaponTiming="False"
						FadingIn="False" />
				</AnimationState>
				<AnimationState
					ParseCondStateType="PARSE_NORMAL"
					ConditionsYes="COMING_OUT_OF_FACTORY"
					StateName="STATE_built"
					EnteringStateFX=""
					FrameForPristineBonePositions="0"
					ShareAnimation="False"
					AllowRepeatInRandomPick="False"
					SimilarRestart="False">
					<Animation
						AnimationName="GUMCV_BLDA"
						AnimationMode="ONCE"
						Distance="0"
						AnimationBlendTime="5"
						AnimationSpeedFactorMin="1"
						AnimationSpeedFactorMax="1"
						WeaponTimingOrdering="PRIMARY_WEAPON"
						WeaponTimingSlotID="1"
						AnimationPriority="1"
						FadeBeginFrame="-1"
						FadeEndFrame="-1"
						AnimationMustCompleteBlend="False"
						UseWeaponTiming="False"
						FadingIn="False" />
				</AnimationState>
				<AnimationState
					ParseCondStateType="PARSE_TRANSITION"
					StateName="TRANS_built"
					EnteringStateFX=""
					FrameForPristineBonePositions="0"
					ShareAnimation="False"
					AllowRepeatInRandomPick="False"
					SimilarRestart="False">
					<Animation
						AnimationName="GUMCV_BLDA"
						AnimationMode="ONCE"
						Distance="0"
						AnimationBlendTime="5"
						AnimationSpeedFactorMin="1"
						AnimationSpeedFactorMax="1"
						WeaponTimingOrdering="PRIMARY_WEAPON"
						WeaponTimingSlotID="1"
						AnimationPriority="1"
						FadeBeginFrame="-1"
						FadeEndFrame="-1"
						AnimationMustCompleteBlend="False"
						UseWeaponTiming="False"
						FadingIn="False" />
				</AnimationState>
			</TruckDraw>
			<ScriptedModelDraw
				id="B4CD3005"
				RecoilDamping="0.4"
				MaxRecoilDistance="3"
				InitialRecoilSpeed="2"
				RecoilSettleSpeed="0.065"
				MinLODRequired="LOW"
				ProjectileBoneFeedbackEnabledSlots=""
				TrackMarks=""
				ExtraPublicBone="FXTracksLR FXTracksRR FXTracksLF FXTracksRF MUZZLEFX01 MUZZLEFX02"
				DependencySharedModelFlags=""
				HighDetailLODThreshold="0"
				LowDetailLODThreshold="0"
				WadingParticleSys=""
				AlphaCameraFadeOuterRadius="0"
				AlphaCameraFadeInnerRadius="0"
				AlphaCameraAtInnerRadius="100%"
				StaticSortLevelWhileFading="-1"
				BirthFadeTime="0"
				OkToChangeModelColor="False"
				AnimationsRequirePower="True"
				UseYAxisForTurretRotation="False"
				TrackMarksOnlyWhenCorneringQuickly="False"
				UseProducerTexture="False"
				NoRotate="False"
				UseFiringArcRotation="False"
				Selectable="True"
				RandomTextureFixedRandomIndex="False"
				ParticlesAttachedToAnimatedBones="False"
				ParticleBonesCheckDrawable="False"
				ShadowForceDisable="False"
				SwitchModelLODMode="False"
				StaticModelLODMode="False"
				ShowShadowWhileContained="False"
				UseStandardModelNames="False"
				UseDefaultAnimation="False"
				BirthFadeAdditive="False"
				ZWriteDisableOverride="False"
				MultiPlayerOnly="False"
				AffectedByStealth="True"
				InvertStealthOpacity="False"
				HighDetailOnly="False"
				SetAnimsToLastFrameOnConstructionComplete="True">
				<ModelConditionState
					ParseCondStateType="PARSE_DEFAULT"
					PortraitImage=""
					ButtonImage=""
					RetainSubObjects="False">
					<Model
						Name="GUMAMM_FX"
						ExtraMesh="False" />
				</ModelConditionState>
				<AnimationState
					ParseCondStateType="PARSE_NORMAL"
					ConditionsYes="MOVING"
					EnteringStateFX=""
					FrameForPristineBonePositions="0"
					ShareAnimation="False"
					AllowRepeatInRandomPick="False"
					SimilarRestart="False">
					<ParticleSysBone
						BoneName="FXTracksLF"
						FXParticleSystemTemplate="TreadDust"
						PersistID="0"
						FollowBone="True"
						OnlyIfOnWater="False"
						OnlyIfOnLand="False" />
					<ParticleSysBone
						BoneName="FXTracksRF"
						FXParticleSystemTemplate="TreadDust"
						PersistID="0"
						FollowBone="True"
						OnlyIfOnWater="False"
						OnlyIfOnLand="False" />
					<ParticleSysBone
						BoneName="FXTracksRF"
						FXParticleSystemTemplate="TreadDirt"
						PersistID="0"
						FollowBone="True"
						OnlyIfOnWater="False"
						OnlyIfOnLand="False" />
					<ParticleSysBone
						BoneName="FXTracksLF"
						FXParticleSystemTemplate="TreadDirt"
						PersistID="0"
						FollowBone="True"
						OnlyIfOnWater="False"
						OnlyIfOnLand="False" />
				</AnimationState>
			</ScriptedModelDraw>
		</Draws>
		<Behaviors>
			<AttributeModifierPoolUpdate
				id="513BC476" />
			<SquishCollide
				id="8CCB269A"
				CrushAnimTime="1s"
				CrushKillDelay="0.5s"
				UseDirectionCheck="True" />
			<FireWeaponWhenDead
				id="DDED328F"
				RequiresAllTriggers="False"
				RequiresAllConflictingTriggers="False"
				Permanent="False"
				WaypointMode="False"
				WaypointModeTerminal="True"
				DelayTime="0s"
				DeathWeapon="CatalystInfantryDeathWeapon"
				FocusFireKindOfFlag=""
				InitiallyActive="True"
				ActiveDuringConstruction="False"
				ContinueToBezierDestination="False">
				<DieMuxData
					ExemptStatus=""
					RequiredStatus=""
					DamageAmountRequired="-1"
					MinKillerAngle="0.9999999d"
					MaxKillerAngle="-0.9999999d"
					DeathTypes="CATALYST"
					DeathTypesForbidden="" />
			</FireWeaponWhenDead>
			<AutoHealBehavior
				id="C07BF5C0"
				RequiresAllTriggers="False"
				RequiresAllConflictingTriggers="False"
				Permanent="False"
				WaypointMode="False"
				WaypointModeTerminal="True"
				HealingAmount="100"
				HealingDelay="0.5s"
				StartHealingDelay="1s"
				Radius="0"
				KindOf=""
				HealFXList=""
				SpawnFXList=""
				RespawnMinimumDelay="0s"
				InitiallyActive="False"
				AffectsWholePlayer="False"
				AffectsContained="False"
				HealOnlyIfNotUnderAttack="False"
				HealOnlyIfNotInCombat="False"
				HealOnlyOthers="False"
				NonStackable="False"
				RespawnNearbyHordeMembers="False">
				<TriggeredBy>Upgrade_Veterancy_HEROIC</TriggeredBy>
			</AutoHealBehavior>
			<AttributeModifierUpgrade
				id="AA36A1AA"
				RequiresAllTriggers="False"
				RequiresAllConflictingTriggers="False"
				Permanent="False"
				WaypointMode="False"
				WaypointModeTerminal="True"
				AttributeModifier="Modifier_MultifunctionUpgradeCenterSpeed">
				<TriggeredBy>Upgrade_MultifunctionUpgradeCenterSpeed</TriggeredBy>
			</AttributeModifierUpgrade>
			<AttributeModifierUpgrade
				id="81C6F752"
				RequiresAllTriggers="False"
				RequiresAllConflictingTriggers="False"
				Permanent="False"
				WaypointMode="False"
				WaypointModeTerminal="True"
				AttributeModifier="Modifier_MultifunctionUpgradeCenterDamage">
				<TriggeredBy>Upgrade_MultifunctionUpgradeCenterDamage</TriggeredBy>
			</AttributeModifierUpgrade>
			<AttributeModifierUpgrade
				id="E35F7EC4"
				RequiresAllTriggers="False"
				RequiresAllConflictingTriggers="False"
				Permanent="False"
				WaypointMode="False"
				WaypointModeTerminal="True"
				AttributeModifier="Modifier_MultifunctionUpgradeCenterArmor">
				<TriggeredBy>Upgrade_MultifunctionUpgradeCenterArmor</TriggeredBy>
			</AttributeModifierUpgrade>
			<LevelUpUpgrade
				id="A92BDFEA"
				RequiresAllTriggers="False"
				RequiresAllConflictingTriggers="False"
				Permanent="False"
				WaypointMode="False"
				WaypointModeTerminal="True"
				LevelsToGain="1"
				LevelCap="4"
				DoFlash="True">
				<TriggeredBy>Upgrade_ProductionVeterancy_VETERAN</TriggeredBy>
			</LevelUpUpgrade>
			<LevelUpUpgrade
				id="5C3F216A"
				RequiresAllTriggers="False"
				RequiresAllConflictingTriggers="False"
				Permanent="False"
				WaypointMode="False"
				WaypointModeTerminal="True"
				LevelsToGain="2"
				LevelCap="4"
				DoFlash="True">
				<TriggeredBy>Upgrade_ProductionVeterancy_ELITE</TriggeredBy>
			</LevelUpUpgrade>
			<LevelUpUpgrade
				id="379F3CE2"
				RequiresAllTriggers="False"
				RequiresAllConflictingTriggers="False"
				Permanent="False"
				WaypointMode="False"
				WaypointModeTerminal="True"
				LevelsToGain="3"
				LevelCap="4"
				DoFlash="True">
				<TriggeredBy>Upgrade_ProductionVeterancy_HEROIC</TriggeredBy>
			</LevelUpUpgrade>
			<InvisibilityUpdate
				id="3BD7F2F5"
				Options=""
				UpdatePeriod="0.5s"
				BroadcastRange="0"
				OpacityMin="40%"
				OpacityMax="100%">
				<InvisibilityNugget
					ForbiddenConditions="PREATTACK_A FIRING_A FIRING_OR_PREATTACK_A RELOADING_A PREATTACK_B FIRING_B FIRING_OR_PREATTACK_B RELOADING_B PREATTACK_C FIRING_C FIRING_OR_PREATTACK_C RELOADING_C USING_WEAPON_A USING_WEAPON_B USING_WEAPON_C"
					ForbiddenConditionExceptions=""
					ForbiddenWeaponSets=""
					ForbiddenStatus="IS_FIRING_WEAPON USING_ABILITY IS_AIMING_WEAPON SPECIAL_ABILITY_PACKING_UNPACKING_OR_USING"
					CamouflageLevel="0"
					InvisibilityType="STEALTH"
					Options=""
					EnteringStealthFX=""
					LeavingStealthFX=""
					HintDetectableStates="IS_ATTACKING"
					NoStealthForAttackWindow="0s" />
				<RequiresUpgrade>Upgrade_CloakingFieldInvisibility</RequiresUpgrade>
			</InvisibilityUpdate>
			<StealthUpgrade
				id="F2B9DFBE"
				RequiresAllTriggers="False"
				RequiresAllConflictingTriggers="False"
				Permanent="False"
				WaypointMode="False"
				WaypointModeTerminal="True">
				<TriggeredBy>Upgrade_CloakingFieldInvisibility</TriggeredBy>
			</StealthUpgrade>
			<TemporarilyDefectUpdate
				id="3473AFD2"
				DefectionFrameCount="300" />
			<Physics
				id="6D41764B"
				MaxXRotationVelocity="360"
				MaxYRotationVelocity="360"
				MaxZRotationVelocity="360"
				GravityMultiplier="1"
				ShockStunnedTimeLow="5"
				ShockStunnedTimeHigh="10"
				ShockStandingTime="5"
				FirstHeight="1.3"
				SecondHeight="1.3"
				FirstPercentIndent="33%"
				SecondPercentIndent="66%"
				BounceCount="2"
				BounceDistance="5"
				BounceFirstHeight="1.3"
				BounceSecondHeight="1.3"
				BounceFirstPercentIndent="33%"
				BounceSecondPercentIndent="66%"
				GroundHitFX=""
				GroundBounceFX=""
				FirstPercentHeight="33%"
				SecondPercentHeight="66%"
				CurveFlattenMinDist="0"
				TumbleRandomly="False"
				AllowBouncing="False"
				KillWhenRestingOnGround="False"
				OrientToFlightPath="False"
				IgnoreTerrainHeight="False" />
			<ProductionUpdate
				id="749674DE"
				MaxQueueEntries="99"
				NumDoorAnimations="0"
				DoorOpeningTime="0s"
				DoorOpeningTimeMetaUnit="0s"
				DoorWaitOpenTime="0s"
				DoorCloseTime="0s"
				ConstructionCompleteDuration="0"
				DisabledTypesToProcess=""
				UnitInvulnerableTime="0"
				SpecialPrepModelconditionTime="0"
				BonusForType=""
				SpeedBonusAudioLoop=""
				Type="INVALID"
				ProductionTimeDelayScalar="0s"
				GiveNoXP="False"
				VeteranUnitsFromVeteranFactory="False"
				SetBonusModelConditionOnSpeedBonus="False"
				SecondaryQueue="False"
				IgnorePreReqs="False" />
			<ProductionUpdateInfo
				id="EF2F9805" />
			<SlowDeath
				id="73542D4A"
				SinkRate="1"
				ProbabilityModifier="10"
				ModifierBonusPerOverkillPercent="0%"
				SinkDelay="3s"
				SinkDelayVariance="0s"
				DestructionDelay="7s"
				DestructionDelayVariance="0s"
				DecayBeginTime="0s"
				FlingForce="0"
				FlingForceVariance="0"
				FlingPitch="0d"
				FlingPitchVariance="0d"
				DeathFlags=""
				FadeTime="0s"
				FadeDelay="0s"
				DeathTypes=""
				DeathObjectStatusBits="DONT_CLEAR_FOR_BUILD"
				ShadowWhenDead="False"
				Fade="False">
				<OCL
					Type="INITIAL">
					<OCL>OCL_GDIMCVDebris</OCL>
				</OCL>
				<Sound
					Type="INITIAL"
					List="GDI_Generic_VoiceDieMS" />
				<DieMuxData
					ExemptStatus=""
					RequiredStatus=""
					DamageAmountRequired="-1"
					MinKillerAngle="0.9999999d"
					MaxKillerAngle="-0.9999999d"
					DeathTypes="ALL"
					DeathTypesForbidden="TOPPLED" />
			</SlowDeath>
			<FXListBehavior
				id="C74C39D8">
				<DieMuxData
					ExemptStatus=""
					RequiredStatus=""
					DamageAmountRequired="-1"
					MinKillerAngle="0.9999999d"
					MaxKillerAngle="-0.9999999d"
					DeathTypes="ALL"
					DeathTypesForbidden="" />
				<Event
					Index="onDeath"
					FX="FX_GDIVehicleExplode"
					MinThreshold="0"
					MaxThreshold="0"
					Direction="Default"
					OrientToObject="True"
					ForceUseDoFXObj="False" />
			</FXListBehavior>
			<SpecialPower
				id="DC3024FE"
				SpecialPowerTemplate="SpecialPower_GrantUnpackUpgrade"
				AntiCategory=""
				AntiFX=""
				AttributeModifier=""
				AttributeModifierRange="0"
				AttributeModifierFX=""
				WeatherDuration="0"
				InitiateFX=""
				TriggerFX=""
				SetModelCondition="TOPPLED"
				SetModelConditionTime="0s"
				GiveLevels="0"
				ChangeWeather="NORMAL"
				OnTriggerRechargeSpecialPower=""
				BurnDecayModifier="0"
				MaxDistanceFromCommandCenter="0"
				UpdateModuleStartsAttack="True"
				StartsPaused="False"
				ReEnableAntiCategory="False"
				AttributeModifierAffectsSelf="False"
				AttributeModifierWeatherBased="False"
				TargetEnemy="False"
				TargetAllSides="False"
				DisableDuringAnimDuration="False"
				IdleWhenStartingPower="False"
				AffectGood="False"
				AffectEvil="False"
				AffectAllies="True"
				AvailableAtStart="True"
				AdjustVictim="False"
				UseDistanceFromCommandCenter="False"
				ChildModuleHandlesFX="False">
				<AttributeModifierAffects
					Rule="UNPARSED"
					Relationship=""
					Alignment="NONE"
					Include=""
					Exclude=""
					StatusBitFlags=""
					RejectStatusBitFlags=""
					AcceptModelCondition=""
					RejectModelCondition="" />
				<RequirementsFilterMP
					Rule="UNPARSED"
					Relationship=""
					Alignment="NONE"
					Include=""
					Exclude=""
					StatusBitFlags=""
					RejectStatusBitFlags=""
					AcceptModelCondition=""
					RejectModelCondition="" />
				<RequirementsFilterStrategic
					Rule="UNPARSED"
					Relationship=""
					Alignment="NONE"
					Include=""
					Exclude=""
					StatusBitFlags=""
					RejectStatusBitFlags=""
					AcceptModelCondition=""
					RejectModelCondition="" />
			</SpecialPower>
			<GiveOrRestoreUpgradeSpecialPower
				id="596013F6"
				GrabPassengerHealGain="0%"
				SpecialPowerTemplate="SpecialPower_GrantUnpackUpgrade"
				StartAbilityRange="1E+07"
				AbilityAbortRange="1E+07"
				PreparationTime="0s"
				PersistentPrepTime="0s"
				PersistentCount="-1"
				PackTime="0s"
				UnpackTime="0s"
				PreTriggerUnstealthTime="0s"
				Options=""
				PackUnpackVariationFactor="0"
				ParalyzeDurationWhenCompleted="0s"
				ParalyzeDurationWhenAborted="0s"
				SpecialObject=""
				MaxSpecialObjects="1"
				EffectDuration="0s"
				EffectValue="1"
				EffectRange="0"
				FleeRangeAfterCompletion="0"
				DisableFXParticleSystem=""
				PackSound="AudioEvent:"
				UnpackSound="AudioEvent:"
				PrepSoundLoop=""
				TriggerSound="AudioEvent:"
				ActiveLoopSound="AudioEvent:"
				AwardXPForTriggering="0"
				SkillPointsForTriggering="-1"
				UnpackingVariation="0"
				FreezeAfterTriggerDuration="0s"
				RequiredConditions=""
				RejectedConditions=""
				SetObjectStatusOnTrigger=""
				ClearObjectStatusOnExit=""
				TriggerAttributeModifier=""
				AttributeModifierDuration="0s"
				ChainedButton=""
				RequireAndSpendTiberiumOnCaster="0"
				DisabledTypesToProcess="HELD"
				DisabledTypesToContinueSoundsFor="HELD"
				StartRechargeOnExit="False"
				GoIdleInStartPreparation="True"
				FaceTarget="True"
				UpgradeToGive="Upgrade_UnPack"
				WeaponFlags="" />
			<AISpecialPowerUpdate
				id="37DB893B"
				CommandButtonName="Command_UnPackGDIMCV"
				SecondaryCommandButtonName=""
				SpecialPowerAIType="SPECIAL_POWER_BUILD_CONYARD"
				SpecialPowerRadius="-1"
				ReinforceDistance="0"
				SpellMakesAStructure=""
				SpecificUnit=""
				UnitKindOf=""
				AllyUnitInclude=""
				AllyUnitExclude=""
				EnemyUnitInclude=""
				EnemyUnitExclude=""
				MinimumCutoff="0"
				UpdateTime="1s"
				MaxFrequency="0"
				RandomizeTargetLocation="False" />
			<ReplaceSelfUpgrade
				id="FC1FA9EE"
				RequiresAllTriggers="False"
				RequiresAllConflictingTriggers="False"
				Permanent="False"
				WaypointMode="False"
				WaypointModeTerminal="True"
				NewObjectUnpackTime="5s"
				DisabledDuringUnpack="False"
				CheckBuildAssistant="True">
				<TriggeredBy>Upgrade_UnPack</TriggeredBy>
				<ReplacementTemplate>MetaTechConstructionYard</ReplacementTemplate>
			</ReplaceSelfUpgrade>
		</Behaviors>
		<AI>
			<AIUpdate
				id="12FA48BA"
				AutoAcquireEnemiesWhenIdle="NO"
				StopChaseDistance="500"
				HoldGroundCloseRangeDistance="0"
				MinCowerTime="0s"
				MaxCowerTime="0s"
				RampageTime="0s"
				BurningDeathTime="0s"
				TimeToEjectPassengersOnRampage="0"
				ComboLocomotorSet="NORMAL"
				ComboLocoAttackDistance="80"
				IdleTargetTime="0s"
				MaxCombineChildren="1"
				SpawnOffsetRadius="0"
				StandGround="False"
				CanAttackWhileContained="False"
				RampageRequiresAflame="False"
				FadeOnPortals="False" />
		</AI>
		<Body>
			<ActiveBody
				id="B313F576"
				MaxHealth="5000"
				MaxHealthDamaged="0"
				MaxHealthReallyDamaged="0"
				InitialHealth="-1"
				RecoveryTime="0"
				DodgePercent="0"
				EnteringDamagedTransitionTime="0s"
				EnteringReallyDamagedTransitionTime="0s"
				GrabFX=""
				GrabDamage="200"
				HealingBuffFX=""
				DamagedAttributeModifier=""
				ReallyDamagedAttributeModifier=""
				CheerRadius="200"
				BurningDeathFX=""
				SecondChanceUpgrade=""
				SecondChanceHeal="0"
				UseDefaultDamageSettings="True"
				RemoveUpgradesOnDeath="False"
				BurningDeathBehavior="False" />
		</Body>
		<ClientBehaviors>
			<ModelConditionAudioLoopClientBehavior
				id="ModuleTag_MCALCB">
				<ModelConditionSound
					Sound="AudioEvent:GDI_MCVPackBed"
					RequiredFlags="UNPACKING" />
			</ModelConditionAudioLoopClientBehavior>
			<AnimationSoundClientBehavior
				id="AnimationSoundCB" >
				<Sound
					Sound="AudioEvent:GDI_MCVPack1"
					Animation="GUMCVUPAK_AN"
					Frame="84" />
				<Sound
					Sound="AudioEvent:GDI_MCVPack2"
					Animation="GUMCVUPAK_AN"
					Frame="52" />
				<Sound
					Sound="AudioEvent:GDI_MCVPack3"
					Animation="GUMCVUPAK_AN"
					Frame="12" />
				<Sound
					Sound="AudioEvent:GDI_MCVPack4"
					Animation="GUMCVUPAK_AN"
					Frame="20" />
				<Sound
					Sound="AudioEvent:GDI_MCVPack5"
					Animation="GUMCVUPAK_AN"
					Frame="1" />
			</AnimationSoundClientBehavior>				
		</ClientBehaviors>
		<Geometry
			IsSmall="True">
			<Shape
				Type="BOX"
				ContactPointGeneration="VEHICLE"
				MajorRadius="30"
				MinorRadius="20"
				Height="20"
				FrontAngle="0d"
				Active="True"
				UsedForHealthBox="True">
				<Offset
					x="-10"
					y="0"
					z="0" />
			</Shape>
		</Geometry>
		<AudioArrayVoice>
			<AudioEntry
				Sound="AudioEvent:GDI_MCV_VoicePackedUp"
				AudioType="voiceCreated" />
			<AudioEntry
				Sound="AudioEvent:GDI_MCV_VoiceMove"
				AudioType="voiceGuard" />
			<AudioEntry
				Sound="AudioEvent:GDI_MCV_VoiceMove"
				AudioType="voiceMove" />
			<AudioEntry
				Sound="AudioEvent:GDI_MCV_VoiceSelectMS"
				AudioType="voiceSelect" />
			<ObjectSpecificEntry
				Sound="AudioEvent:GDI_MCV_VoiceCreate"
				AudioType="voiceCreatedFrom"
				TargetObject="GDIWarFactory" />
			<ObjectSpecificEntry
				Sound="AudioEvent:GDI_MCV_VoiceCreate"
				AudioType="voiceCreatedFrom"
				TargetObject="ReinforcementBay" />
		</AudioArrayVoice>
		<AudioArraySound>
			<AudioEntry
				Sound="AudioEvent:MCVMoveStart"
				AudioType="soundMoveStart" />
			<AudioEntry
				Sound="AudioEvent:MammothIdleLoop"
				AudioType="soundAmbient" />
		</AudioArraySound>
		<EvaEvents
			EvaEventDieOwner="UnitLost"
			EvaEventDamagedOwner="UnitUnderAttack"
			EvaEventDamagedFromShroudedSourceOwner="UnitUnderAttackFromShroudedUnit"
			EvaEventDamagedByFireOwner="GenericUnitBeingBurned"
			EvaEventSecondDamageFarFromFirstScanRange="600"
			EvaEventSecondDamageFarFromFirstTimeoutMS="155"
			EvaEventAmbushed="UnitAmbushed"
			EvaEnemyObjectSightedEvent="GenericEnemyUnitSighted"
			EvaEventDetectedEnemy="EnemyStealthUnitDiscovered"
			EvaEventAvailableForProduction="NewConstructionOptions"
			EvaEventProductionStarted="UnitConstructionStarted"
			EvaEventBuildOnHold="BuildOnHold"
			EvaEventBuildCancelled="BuildCancelled"
			EvaEventPromotedOwner="UnitPromoted" />
		<ShadowInfo
			Type="VOLUME"
			Texture=""
			AdditionalTexture=""
			SizeX="0"
			SizeY="0"
			OffsetX="0"
			OffsetY="0"
			OpacityStart="0"
			OpacityFadeInTime="0s"
			OpacityPeak="1"
			OpacityFadeOutTime="0s"
			OpacityEnd="0"
			MaxHeight="20"
			SunAngle="0"
			OverrideLODVisibility="False"
			UseHouseColor="False"
			IsRotatingWithObject="True"
			LocalPlayerOnly="False" />
		<VisionInfo
			VisionRange="100"
			ShroudClearingRange="200"
			VisionSide="100%"
			VisionRear="100%"
			VisionBonusTestRadius="100"
			VisionBonusTestSegments="8"
			VisionBonusPercentPerFoot="0%"
			MaxVisionBonusPercent="50%"
			MinVisionBonusPercent="-50%" />
		<CrusherInfo
			CrushKnockback="0"
			CrushZFactor="1"
			MinCrushVelocityPercent="1%"
			CrushDecelerationPercent="0%"
			CrushWeapon=""
			CrushRevengeWeapon=""
			CrusherLevel="1"
			CrushableLevel="2"
			MountedCrusherLevel="255"
			MountedCrushableLevel="255"
			CrushEqualLevelProps="False"
			UseCrushAttack="True"
			CrushOnlyWhileCharging="False"
			CrushAllies="False" />
	</GameObject>
</AssetDeclaration>