<?xml version="1.0"?>
<SageLuaScriptSection xmlns="http://tempuri.org/ScriptEvents.xsd">
    <Events>
		<!-- All internal events have a first parameter of self, which is the object receiving the event.  They may have additial parameters, depending
			 on the specific event. -->
        <InternalEvent Name="OnDamaged" /> <!-- OnDamaged(self, other) other is attacking object, may be nil -->
        <InternalEvent Name="OnDestroyed" /> <!-- OnDestroyed(self) No parameters. Note that self is dead, but name and team are still valid. -->
        <InternalEvent Name="OnArrived" /> <!-- OnArrived(self) Arrived at the end of a waypoint path.  No parameters. -->
        <InternalEvent Name="OnUnitEntered" /> <!-- OnUnitEntered(self, areaName) Unit entered an area. Name of area is parameter. -->
        <!-- disabled since its really slow and nobody is using it... [mh, 5/7/2004]--><InternalEvent Name="OnTeamEntered" /> <!-- OnTeamEntered(self, areaName) Sent to the last unit of a team entering an area. -->
        <InternalEvent Name="OnUnitExited" /> <!-- OnUnitExited(self, areaName) Unit left an area. Name of area is parameter. -->
        <!-- disabled since its really slow and nobody is using it... [mh, 5/7/2004] --><InternalEvent Name="OnTeamExited" /> <!-- OnTeamExited(self, areaName) Sent to the last unit of a team leaving an area. -->
        <InternalEvent Name="OnTeamDestroyed" /> <!-- OnTeamDestroyed(self) Sent to the last unit of a team as it is destroyed. -->
        <InternalEvent Name="BeScary" /> <!-- Broadcast to a unit when he uses a power that makes him radiate scariness.. -->
		<InternalEvent Name="OnAflame" /> <!-- OnAflame(self) Broadcast to allies that I am on fire :) -->
		<InternalEvent Name="OnQuenched" /> <!-- OnQuenched(self) Broadcast to allies that I am no longer on fire :) -->
		<InternalEvent Name="OnCreated" /> <!-- OnCreated(self) sent when an object has been constructed -->
		<InternalEvent Name="OnBuildingComplete" /> <!--OnBuildingComplete sent when an object has completed building. IE construction complete-->
		<InternalEvent Name="DamageIncoming" /> <!-- DamageIncoming(self, other, delay, amount) other is shooter, delay is when the damage should hit, amount is how much.  So we can do a defense, or a "Oh heck" animation -->
        <InternalEvent Name="OnSlaughtered" /> <!-- OnSlaughtered(self, slaughterer). -->
        <InternalEvent Name="OnGenericEvent" /> <!-- self, string -->
        <InternalEvent Name="OnBuildVariation" /> <!-- self, real -->

		<!-- Scripted events are of two kinds - first is one generated by the ObjectDispatchEvent or ObjectBroadcastEvent script.  The calling is
			DispatchedEvent(self, dispatchingObject, arbitraryString)  -->
        <ScriptedEvent Name="ExampleGuardMe" /> <!-- GuardMe(self, other, string) other is object generating the scripted event.  May be nil. -->
        <!-- Second kind of scripted event is a spy event. --> 
        <ScriptedEvent Name="ExampleSpyMoving" /> <!-- SpyMoving(self, spySelf, parameters...) spySelf is the object self is spying on, parameters is the spied event paramters, may be nil. -->
		
		<ScriptedEvent Name="BeAfraidOfBalrog" /> <!-- Becoming afraid of balrog -->
		<ScriptedEvent Name="BeAfraidOfRampage" /> <!-- Becoming afraid of rampage -->
		<ScriptedEvent Name="BeAfraidOfPhial" /> <!-- Becoming afraid of Frodo -->
		<ScriptedEvent Name="BeUncontrollablyAfraid" /> <!-- Becoming afraid whether we like it or not -->
		<ScriptedEvent Name="BeingEnraged" /> <!-- Be enraged! Revenge!! -->
		<ScriptedEvent Name="BeAfraidOfGateDamaged" /> <!-- Be afraid of the gate being damaged -->
		<ScriptedEvent Name="BeTerrified" /> <!-- Run Away! -->
		
		<ScriptedEvent Name="ChantForUnit" />		<!-- Chant for a special unit! -->
		<ScriptedEvent Name="StopChantForUnit" />	<!-- Stop Chant for a special unit! -->
		<ScriptedEvent Name="BeginChanting" />		<!-- Begin Chanting! -->
		<ScriptedEvent Name="StopChanting" />		<!-- Stop Chanting! -->
		
		<!-- Cinematic Events -->
		<ScriptedEvent Name="CinematicRampageDamaged" />
		
		<!-- All ModelCondition and ObjectStatus events have a single parameter of self, which is the object matching the conditions. -->
        <ModelConditionEvent Name="OnFire"> <!-- OnFire(self) self is object matching the modelconditions specified. -->
            <Conditions>-DYING +AFLAME</Conditions>
        </ModelConditionEvent>
        <ModelConditionEvent Name="ExampleMovingDamaged">
            <Conditions>+MOVING +DAMAGED -AFLAME</Conditions>
        </ModelConditionEvent>
        <ModelConditionEvent Name="Moving">
            <Conditions>+MOVING</Conditions>
        </ModelConditionEvent>
		<ModelConditionEvent Name="ReallyDamaged">
			<Conditions>+REALLYDAMAGED</Conditions>
		</ModelConditionEvent>
	
		<ModelConditionEvent Name="RecoverFromTerror">
			<Conditions>-EMOTION_TERROR -DYING</Conditions>
		</ModelConditionEvent>
		
		<ModelConditionEvent Name="UsingSpecialOne">
			<Conditions>+SPECIAL_POWER_1 -UNPACKING -PACKING</Conditions>
		</ModelConditionEvent>
       
		<ModelConditionEvent Name="UsingSpecialTwo">
			<Conditions>+SPECIAL_POWER_2 -UNPACKING -PACKING</Conditions>
		</ModelConditionEvent>
		
		<ModelConditionEvent Name="UsingSpecialThree">
			<Conditions>+SPECIAL_POWER_3 -UNPACKING -PACKING</Conditions>
		</ModelConditionEvent>
		
		<ModelConditionEvent Name="CinematicRampageUser">
			<Conditions>+USER_4</Conditions>
		</ModelConditionEvent>
    </Events>
    
    <EventList Name="BaseScriptFunctions">
		<!-- If there are any events that need to apply to all units, put them here. jba -->
    </EventList>
    
    <EventList Name="CaptureFlagFunctions" Inherit="BaseScriptFunctions">
        <EventHandler EventName="OnGenericEvent"	ScriptFunctionName="OnCaptureFlagGenericEvent" DebugSingleStep="false"/>
    </EventList>

    <EventList Name="TrollFunctions" Inherit="BaseScriptFunctions">
        <EventHandler EventName="ReallyDamaged"	ScriptFunctionName="GoIntoRampage" DebugSingleStep="false"/>
        <EventHandler EventName="OnCreated" ScriptFunctionName="OnTrollCreated" DebugSingleStep="false"/>
        <EventHandler EventName="OnGenericEvent" ScriptFunctionName="OnTrollGenericEvent" DebugSingleStep="false"/>
		<EventHandler EventName="BeTerrified" ScriptFunctionName="BecomeTerrified" DebugSingleStep="false"/>
    </EventList>

    <EventList Name="CreepTrollFunctions" Inherit="BaseScriptFunctions">
        <EventHandler EventName="ReallyDamaged"	ScriptFunctionName="GoIntoRampage" DebugSingleStep="false"/>
        <EventHandler EventName="OnCreated" ScriptFunctionName="OnCreepTrollCreated" DebugSingleStep="false"/>
        <EventHandler EventName="OnGenericEvent" ScriptFunctionName="OnTrollGenericEvent" DebugSingleStep="false"/>
		<EventHandler EventName="BeTerrified" ScriptFunctionName="BecomeTerrified" DebugSingleStep="false"/>
    </EventList>

    <EventList Name="DrummerTrollFunctions" Inherit="BaseScriptFunctions">
		<EventHandler EventName="BeScary"			ScriptFunctionName="RadiateTerrorEx"			DebugSingleStep="false"/>
    </EventList>
    
    <EventList Name="BarrowWightFunctions" Inherit="BaseScriptFunctions">
		<EventHandler EventName="BeTerrified" ScriptFunctionName="BecomeTerrified" DebugSingleStep="false"/>
    </EventList>
    
    <EventList Name="SauronFunctions" Inherit="BaseScriptFunctions">
		<EventHandler EventName="OnCreated"			ScriptFunctionName="OnMordorSauronCreated"		DebugSingleStep="false"/>
		<EventHandler EventName="BeScary"			ScriptFunctionName="RadiateTerrorEx"			DebugSingleStep="false"/>
    </EventList>
   
	<EventList Name="MumakilFunctions" Inherit="BaseScriptFunctions">
        <EventHandler EventName="OnCreated" ScriptFunctionName="OnMumakilCreated" DebugSingleStep="false"/>
    </EventList>
	
	<EventList Name="SunbeamFunctions" Inherit="BaseScriptFunctions">
		<EventHandler EventName="BeScary" ScriptFunctionName="RadiateTerrorEx" DebugSingleStep="false"/>
    </EventList>

    <EventList Name="TheodenFunctions" Inherit="BaseScriptFunctions">
    </EventList>
    
    <EventList Name="BallistaFunctions" Inherit="BaseScriptFunctions">
        <EventHandler EventName="OnCreated" ScriptFunctionName="OnBallistaCreated" DebugSingleStep="false"/>
    </EventList>
    
    <EventList Name="CatapultFunctions" Inherit="BaseScriptFunctions">
        <EventHandler EventName="OnCreated" ScriptFunctionName="OnCatapultCreated" DebugSingleStep="false"/>
    </EventList>
    
    <EventList Name="TrebuchetFunctions" Inherit="BaseScriptFunctions">
        <EventHandler EventName="OnCreated" ScriptFunctionName="OnTrebuchetCreated" DebugSingleStep="false"/>
    </EventList>
    
    <EventList Name="TrollSlingFunctions" Inherit="BaseScriptFunctions">
        <EventHandler EventName="OnCreated" ScriptFunctionName="OnTrollSlingCreated" DebugSingleStep="false"/>
    </EventList>
    
    <EventList Name="StandardPorterFunctions" Inherit="BaseScriptFunctions">
		<EventHandler EventName="BeTerrified" ScriptFunctionName="BecomeTerrified" DebugSingleStep="false"/>
        <EventHandler EventName="OnCreated" ScriptFunctionName="OnPorterCreated" DebugSingleStep="false"/>
    </EventList>

    <EventList Name="EvilPorterFunctions" Inherit="InfantryFunctions">
		<EventHandler EventName="BeTerrified" ScriptFunctionName="BecomeTerrified" DebugSingleStep="false"/>
        <EventHandler EventName="OnCreated" ScriptFunctionName="OnEvilPorterCreated" DebugSingleStep="false"/>
    </EventList>
    
    <EventList Name="StandardPeasantFunctions" Inherit="BaseScriptFunctions">
        <EventHandler EventName="OnCreated" ScriptFunctionName="OnPeasantCreated" DebugSingleStep="false"/>
    </EventList>
    
    <EventList Name="GandalfFunctions" Inherit="BaseScriptFunctions">
        <!-- <EventHandler EventName="DamageIncoming" ScriptFunctionName="GandalfConsiderUsingDefensePower" DebugSingleStep="false"/> -->
        <EventHandler EventName="UsingSpecialOne" ScriptFunctionName="GandalfTriggerWizardBlast" DebugSingleStep="false"/>
    </EventList>
    
     <EventList Name="SarumanFunctions" Inherit="BaseScriptFunctions">
         <!-- <EventHandler EventName="DamageIncoming" ScriptFunctionName="SarumanConsiderUsingDefensePower" DebugSingleStep="false"/> -->
    </EventList>
   
	<EventList Name="LegolasFunctions" Inherit="BaseScriptFunctions">
        <EventHandler EventName="OnCreated"				ScriptFunctionName="OnLegolasCreated" DebugSingleStep="false"/>
    </EventList> 
    
    <EventList Name="GaladrielFunctions" Inherit="BaseScriptFunctions">
		<EventHandler EventName="BeScary" ScriptFunctionName="RadiateTerrorEx" DebugSingleStep="false"/>
    </EventList>
    
    <EventList Name="MinisTirithGateFunctions" Inherit="BaseScriptFunctions">
		<EventHandler EventName="OnDamaged" ScriptFunctionName="RadiateGateDamageFear" DebugSingleStep="false"/>  
    </EventList>
    
    <EventList Name="InfantryFunctions" Inherit="BaseScriptFunctions">
		<!-- These are events that will apply to all infantry.  Any infantry units should inherit this set. jba -->
        <EventHandler EventName="BeAfraidOfBalrog"			ScriptFunctionName="BecomeAfraidOfBalrog"		DebugSingleStep="false"/>
        <EventHandler EventName="BeAfraidOfRampage"			ScriptFunctionName="BecomeAfraidOfRampage"		DebugSingleStep="false"/>
		<EventHandler EventName="BeTerrified"				ScriptFunctionName="BecomeTerrified"			DebugSingleStep="false"/>
		<EventHandler EventName="BeUncontrollablyAfraid"	ScriptFunctionName="BecomeUncontrollablyAfraid" DebugSingleStep="false"/>
    </EventList>
    
    <EventList Name="InfantryBannerFunctions" Inherit="BaseScriptFunctions">
	    <EventHandler EventName="OnCreated"					ScriptFunctionName="OnInfantryBannerCreated"	DebugSingleStep="false"/>
		<!-- These are events that will apply to all infantry.  Any infantry units should inherit this set. jba -->
        <EventHandler EventName="BeAfraidOfBalrog"			ScriptFunctionName="BecomeAfraidOfBalrog"		DebugSingleStep="false"/>
        <EventHandler EventName="BeAfraidOfRampage"			ScriptFunctionName="BecomeAfraidOfRampage"		DebugSingleStep="false"/>
		<EventHandler EventName="BeTerrified"				ScriptFunctionName="BecomeTerrified"			DebugSingleStep="false"/>
		<EventHandler EventName="BeUncontrollablyAfraid"	ScriptFunctionName="BecomeUncontrollablyAfraid" DebugSingleStep="false"/>
    </EventList>
    
    <EventList Name="WildInfantryFunctions" Inherit="InfantryFunctions">
		<!-- These are events that apply to all wild infantry -->
        <EventHandler EventName="BeAfraidOfPhial"			ScriptFunctionName="WildInfantryBecomeAfraidOfPhial"	DebugSingleStep="false"/>
    </EventList>
    
    
    <EventList Name="CavalryFunctions" Inherit="BaseScriptFunctions">
		<!-- These are events that will apply to all infantry.  Any infantry units should inherit this set. jba -->
        <EventHandler EventName="OnCreated"	ScriptFunctionName="OnCavalryCreated"		DebugSingleStep="false"/>
        <EventHandler EventName="BeAfraidOfBalrog"	ScriptFunctionName="BecomeAfraidOfBalrog"		DebugSingleStep="false"/>
        <EventHandler EventName="BeAfraidOfRampage"	ScriptFunctionName="BecomeAfraidOfRampage"		DebugSingleStep="false"/>
		<EventHandler EventName="BeTerrified"			ScriptFunctionName="BecomeTerrified" DebugSingleStep="false"/>
		<EventHandler EventName="BeUncontrollablyAfraid"	ScriptFunctionName="BecomeUncontrollablyAfraid" DebugSingleStep="false"/>
    </EventList>

    <EventList Name="RohirrimFunctions" Inherit="CavalryFunctions">
        <EventHandler EventName="OnCreated" ScriptFunctionName="OnRohirrimCreated" DebugSingleStep="false"/>
    </EventList>

    <EventList Name="SummonedRohirrimFunctions" Inherit="CavalryFunctions">
        <EventHandler EventName="OnCreated" ScriptFunctionName="OnSummonedRohirrimCreated" DebugSingleStep="false"/>
    </EventList>
    
    <EventList Name="WildSpiderFunctions" Inherit="CavalryFunctions">
		<!-- This contains events specific to the wild spider riders-->
         <EventHandler EventName="OnCreated" ScriptFunctionName="OnWildSpiderRiderCreated" DebugSingleStep="false"/>
         <EventHandler EventName="BeAfraidOfPhial"			ScriptFunctionName="MordorFighterBecomeAfraidOfPhial"			DebugSingleStep="false"/>
    </EventList>

    <EventList Name="HaradrimArcherFunctions" Inherit="CavalryFunctions">
		<!-- This contains events specific to the wild spider riders-->
         <EventHandler EventName="OnCreated" ScriptFunctionName="OnHaradrimArcherCreated" DebugSingleStep="false"/>
    </EventList>

    <EventList Name="IsengardWildmanFunctions" Inherit="CavalryFunctions">
		<!-- This contains events specific to the Isengard Wildmen-->
         <EventHandler EventName="OnCreated" ScriptFunctionName="OnIsengardWildmanCreated" DebugSingleStep="false"/>
    </EventList>
        
    <EventList Name="GondorCavalryFunctions" Inherit="CavalryFunctions">
        <EventHandler EventName="OnCreated" ScriptFunctionName="OnGondorCavalryCreated" DebugSingleStep="false"/>
    </EventList>
    
    <EventList Name="DwarvenBattleWagonFunctions" Inherit="GondorCavalryFunctions">
        <EventHandler EventName="OnCreated" ScriptFunctionName="OnDwarvenBattleWagonCreated" DebugSingleStep="false"/>
    </EventList>

    <EventList Name="EvilMenBlackRiderFunctions" Inherit="CavalryFunctions">
        <EventHandler EventName="OnCreated" ScriptFunctionName="OnEvilMenBlackRiderCreated" DebugSingleStep="false"/>
        <EventHandler EventName="BeScary" ScriptFunctionName="RadiateTerrorEx" DebugSingleStep="false"/>
        <EventHandler EventName="UsingSpecialOne"		ScriptFunctionName="RadiateUncontrollableFear"	DebugSingleStep="false"/>
    </EventList>
        
    <EventList Name="ArcherFunctions" Inherit="InfantryFunctions">
    </EventList>
    
	<EventList Name="GondorArcherFunctions" Inherit="ArcherFunctions">
        <EventHandler EventName="OnCreated"				ScriptFunctionName="OnGondorArcherCreated" DebugSingleStep="false"/>
    </EventList> 

	<EventList Name="RohanArcherFunctions" Inherit="ArcherFunctions">
        <EventHandler EventName="OnCreated"				ScriptFunctionName="OnRohanArcherCreated" DebugSingleStep="false"/>
    </EventList> 

	<EventList Name="RohanElvenWarriorFunctions" Inherit="InfantryFunctions">
        <EventHandler EventName="OnCreated"				ScriptFunctionName="OnElvenWarriorCreated" DebugSingleStep="false"/>
    </EventList> 
    
    <EventList Name="RangerFunctions" Inherit="ArcherFunctions">
        <EventHandler EventName="OnCreated"				ScriptFunctionName="OnGondorArcherCreated" DebugSingleStep="false"/>
    </EventList>    
    
    <EventList Name="FellBeastFunctions">
		<EventHandler EventName="BeScary" ScriptFunctionName="RadiateTerrorEx" DebugSingleStep="false"/>
    </EventList>
    
    <EventList Name="DragonStrikeDragonFunctions">
        <EventHandler EventName="OnCreated"			ScriptFunctionName="DragonStrikeDragonCreated" DebugSingleStep="false"/>
    </EventList>

    <EventList Name="ShelobFunctions">
		<EventHandler EventName="BeAfraidOfPhial"	ScriptFunctionName="ShelobBecomeAfraidOfPhial" DebugSingleStep="false"/>
		<EventHandler EventName="BeScary"			ScriptFunctionName="RadiateTerrorEx" DebugSingleStep="false"/>
		<EventHandler EventName="BeTerrified"		ScriptFunctionName="BecomeTerrified" DebugSingleStep="false"/>
    </EventList>

    <EventList Name="GwaihirFunctions">
    </EventList>

    <EventList Name="EntFunctions" Inherit="BaseScriptFunctions">
		<!-- This contains events specific to Ents. -->
		<EventHandler EventName="OnDestroyed"	ScriptFunctionName="BeEnraged"		DebugSingleStep="false"/>		
		<EventHandler EventName="BeingEnraged"	ScriptFunctionName="BecomeEnraged"	DebugSingleStep="false"/>		
		<EventHandler EventName="OnAflame"		ScriptFunctionName="BecomeEnraged"	DebugSingleStep="false"/>		
		<EventHandler EventName="OnQuenched"	ScriptFunctionName="StopEnraged"	DebugSingleStep="false"/>		
        <EventHandler EventName="OnCreated"		ScriptFunctionName="OnEntCreated"	DebugSingleStep="false"/>
    </EventList>

    <EventList Name="MountainGiantFunctions" Inherit="BaseScriptFunctions">
		<!-- This contains events specific to Ents. -->
        <EventHandler EventName="OnCreated"		ScriptFunctionName="OnMountainGiantCreated"	DebugSingleStep="false"/>
        <EventHandler EventName="OnGenericEvent" ScriptFunctionName="OnMountainGiantGenericEvent" DebugSingleStep="false"/>
	</EventList>

    <EventList Name="MordorGrondFunctions" Inherit="BaseScriptFunctions">
		<!-- This contains events specific to the Grond. -->
		<EventHandler EventName="OnUnitEntered" ScriptFunctionName="ChantForUnit"		DebugSingleStep="false"/>
		<EventHandler EventName="OnUnitExited"	ScriptFunctionName="StopChantForUnit"	DebugSingleStep="false"/>
		<EventHandler EventName="OnDestroyed"	ScriptFunctionName="StopChantForUnit"	DebugSingleStep="false"/>		
    </EventList>

    <EventList Name="MordorOrcFunctions" Inherit="InfantryFunctions">
		<!-- This contains events specific to the Orc units. -->
        <EventHandler EventName="BeginChanting"		ScriptFunctionName="BeginCheeringForGrond"	DebugSingleStep="false"/>
        <EventHandler EventName="StopChanting"		ScriptFunctionName="StopCheeringForGrond"	DebugSingleStep="false"/>
    </EventList>

    <EventList Name="MordorArcherFunctions" Inherit="InfantryFunctions">
        <EventHandler EventName="OnCreated"			ScriptFunctionName="OnMordorArcherCreated" DebugSingleStep="false"/>
    </EventList>

    <EventList Name="MordorFighterFunctions" Inherit="MordorOrcFunctions">
		<!-- This contains events specific to the MordorFighter. Kris -->
        <EventHandler EventName="OnCreated"			ScriptFunctionName="OnMordorFighterCreated" DebugSingleStep="false"/>
        <EventHandler EventName="BeAfraidOfPhial"			ScriptFunctionName="MordorFighterBecomeAfraidOfPhial"			DebugSingleStep="false"/>
        <EventHandler EventName="BeUncontrollablyAfraid"	ScriptFunctionName="MordorFighterBecomeUncontrollablyAfraid"	 DebugSingleStep="false"/>
    </EventList>

    <EventList Name="MordorInfantryBannerFunctions" Inherit="MordorOrcFunctions">
	    <EventHandler EventName="OnCreated"					ScriptFunctionName="OnInfantryBannerCreated"	DebugSingleStep="false"/>
		<!-- This contains events specific to the MordorFighter. Kris -->
        <EventHandler EventName="BeAfraidOfPhial"			ScriptFunctionName="MordorFighterBecomeAfraidOfPhial"			DebugSingleStep="false"/>
        <EventHandler EventName="BeUncontrollablyAfraid"	ScriptFunctionName="MordorFighterBecomeUncontrollablyAfraid"	 DebugSingleStep="false"/>
    </EventList>


    <EventList Name="MordorCorsairFunctions" Inherit="InfantryFunctions">
		<!-- This contains events specific to the Gondor Fighter horde member. jba -->
        <EventHandler EventName="OnCreated"				ScriptFunctionName="OnMordorCorsairCreated" DebugSingleStep="false"/>
        <EventHandler EventName="RecoverFromTerror"		ScriptFunctionName="GondorFighterRecoverFromTerror"				DebugSingleStep="false"/>
        <EventHandler EventName="BeAfraidOfGateDamaged" ScriptFunctionName="GondorFighterBecomeAfraidOfGateDamaged"		DebugSingleStep="false"/>
    </EventList>

    <EventList Name="WildGoblinArcherFunctions" Inherit="MordorOrcFunctions">
		<!-- This contains events specific to the GoblinArcherFunctions. Kris -->
        <EventHandler EventName="BeAfraidOfPhial"			ScriptFunctionName="MordorFighterBecomeAfraidOfPhial"			DebugSingleStep="false"/>
        <EventHandler EventName="BeUncontrollablyAfraid"	ScriptFunctionName="MordorFighterBecomeUncontrollablyAfraid"	 DebugSingleStep="false"/>
		<EventHandler EventName="OnCreated"				ScriptFunctionName="OnWildGoblinArcherCreated" DebugSingleStep="false"/>        
    </EventList>
 
 
    <EventList Name="IsengardFighterFunctions" Inherit="MordorFighterFunctions">
		<!-- This contains events specific to the IsengardFighter. Kris -->
        <EventHandler EventName="OnCreated"				ScriptFunctionName="OnIsengardFighterCreated" DebugSingleStep="false"/>
    </EventList>

    <EventList Name="WargRiderFunctions" Inherit="MordorFighterFunctions">
		<!-- This contains events specific to the IsengardFighter. Kris -->
        <EventHandler EventName="OnCreated"				ScriptFunctionName="OnIsengardFighterCreated" DebugSingleStep="false"/>
    </EventList>

    <EventList Name="IsengardArcherFunctions" Inherit="MordorFighterFunctions">
		<!-- This contains events specific to the IsengardArhcer. Kris -->
        <EventHandler EventName="OnCreated"				ScriptFunctionName="OnIsengardArcherCreated" DebugSingleStep="false"/>
    </EventList>

    <EventList Name="HaradrimFunctions" Inherit="InfantryFunctions">
		<!-- This contains events specific to the Haradrim -->
    </EventList>
    
    <EventList Name="GondorFighterFunctions" Inherit="InfantryFunctions">
		<!-- This contains events specific to the Gondor Fighter horde member. jba -->
        <EventHandler EventName="OnCreated"				ScriptFunctionName="OnGondorFighterCreated" DebugSingleStep="false"/>
        <EventHandler EventName="RecoverFromTerror"		ScriptFunctionName="GondorFighterRecoverFromTerror"				DebugSingleStep="false"/>
        <EventHandler EventName="BeAfraidOfGateDamaged" ScriptFunctionName="GondorFighterBecomeAfraidOfGateDamaged"		DebugSingleStep="false"/>
    </EventList>
 
    <EventList Name="GondorFighterHordeFunctions" Inherit="GondorFighterFunctions">
		<!-- This contains events specific to the Gondor Fighter horde brain. Ian -->
	</EventList>

    <EventList Name="BoromirFunctions" Inherit="BaseScriptFunctions">
		<!-- This contains events specific to Boromir -->
        <EventHandler EventName="UsingSpecialOne"		ScriptFunctionName="RadiateUncontrollableFear"	DebugSingleStep="false"/>
    </EventList>
    
    <EventList Name="AragornFunctions" Inherit="BaseScriptFunctions">
		<!-- This contains events specific to Boromir -->
        <EventHandler EventName="OnCreated"				ScriptFunctionName="OnAragornCreated" DebugSingleStep="false"/>
    </EventList>

    <EventList Name="FrodoFunctions" Inherit="BaseScriptFunctions">
		<!-- This contains events specific to Frodo -->
        <EventHandler EventName="UsingSpecialOne"		ScriptFunctionName="RadiatePhialFear"	DebugSingleStep="false"/>
    </EventList>
    
    <EventList Name="FramFunctions" Inherit="FrodoFunctions">
		<!-- This contains events specific to Frodo -->
		<EventHandler EventName="onCreated"	ScriptFunctionName="MakeMeAlert"	DebugSingleStep="false"/>
    </EventList>    

    <EventList Name="BalrogFunctions" Inherit="BaseScriptFunctions">
		<!-- This contains events specific to Balrog -->
        <EventHandler EventName="UsingSpecialOne"		ScriptFunctionName="RadiateTerror"				DebugSingleStep="false"/>
        <EventHandler EventName="UsingSpecialTwo"		ScriptFunctionName="BalrogTriggerBreatheFire"		DebugSingleStep="false"/>
    </EventList>
    
    <EventList Name="DemoMumakilFunctions" Inherit="BaseScriptFunctions">
		<EventHandler EventName="OnFire"	ScriptFunctionName="GoIntoRampage"  DebugSingleStep="false"/>
    </EventList>

    <EventList Name="DwarvenGuardianFunctions" Inherit="InfantryFunctions">
		<!-- This contains events specific to the Gondor Fighter horde member. jba -->
        <EventHandler EventName="OnCreated"				ScriptFunctionName="OnDwarvenGuardianCreated" DebugSingleStep="false"/>
    </EventList>
    
	<!-- Cinematic Lua Event Lists -->
	<EventList Name="CinematicMumakilFunctions" Inherit="BaseScriptFunctions">
		<EventHandler EventName="CinematicRampageUser"	ScriptFunctionName="GoIntoRampage" DebugSingleStep="false"/>
    </EventList>

	<!-- Generic keep Lua Event Lists -->
	<EventList Name="GarrisonableFunctions">
		<EventHandler EventName="OnCreated"	ScriptFunctionName="OnGarrisonableCreated" DebugSingleStep="false"/>
    </EventList>
    
	<EventList Name="CreateAHeroFunctions" Inherit="BaseScriptFunctions">
        <EventHandler EventName="OnCreated"				ScriptFunctionName="OnCreateAHeroFunctions" DebugSingleStep="false"/>
        <EventHandler EventName="OnGenericEvent"		ScriptFunctionName="CreateAHeroHideEverything" DebugSingleStep="false"/>
        <EventHandler EventName="BeScary"				ScriptFunctionName="RadiateTerrorEx" DebugSingleStep="false"/>
    </EventList> 
    
	<EventList Name="EvilShipFunctions" Inherit="BaseScriptFunctions">
        <EventHandler EventName="OnCreated"				ScriptFunctionName="OnEvilShipCreated" DebugSingleStep="false"/>
    </EventList>
    
	<EventList Name="GoodShipFunctions" Inherit="BaseScriptFunctions">
        <EventHandler EventName="OnCreated"				ScriptFunctionName="OnGoodShipCreated" DebugSingleStep="false"/>
    </EventList>
    
	<EventList Name="ShipWrightFunctions" Inherit="BaseScriptFunctions">
        <EventHandler EventName="OnCreated"				ScriptFunctionName="OnShipWrightCreated" DebugSingleStep="false"/>
    </EventList>
    
    <EventList Name="FortressFunctions" Inherit="BaseScriptFunctions">
        <EventHandler EventName="OnCreated"				ScriptFunctionName="OnFortressCreated" DebugSingleStep="false"/>
    </EventList>

    <EventList Name="DormitoryFunctions" Inherit="BaseScriptFunctions">
        <EventHandler EventName="OnBuildVariation"		ScriptFunctionName="OnDormitoryBuildVariation" DebugSingleStep="false"/>
    </EventList>

    <EventList Name="GateWatchersFunctions" Inherit="BaseScriptFunctions">
        <EventHandler EventName="OnBuildingComplete"	ScriptFunctionName="OnGateWatcherBuilt" DebugSingleStep="false"/>
        <EventHandler EventName="BeScary"				ScriptFunctionName="RadiateTerrorEx" DebugSingleStep="false"/>
    </EventList>

    <EventList Name="NeutralGollum_RingStealerFunctions" Inherit="BaseScriptFunctions">
		<EventHandler EventName="OnDamaged" ScriptFunctionName="NeutralGollum_RingStealerDamaged" DebugSingleStep="false"/>  
		<EventHandler EventName="OnSlaughtered" ScriptFunctionName="NeutralGollum_RingStealerSlaughtered" DebugSingleStep="false"/>  
    </EventList>
    
    <EventList Name="TomBombadil_Functions" Inherit="BaseScriptFunctions">
		<EventHandler EventName="BeScary"				ScriptFunctionName="RadiateTerrorEx" DebugSingleStep="false"/>		
    </EventList>
    
    <EventList Name="NecromancerStatue_Functions" Inherit="BaseScriptFunctions">
		<EventHandler EventName="OnCreated"				ScriptFunctionName="OnNecromancerStatueCreated" DebugSingleStep="false"/>
		<EventHandler EventName="BeScary"				ScriptFunctionName="RadiateTerrorEx" DebugSingleStep="false"/>		
    </EventList>
    
</SageLuaScriptSection>
