<?xml version="1.0" encoding="us-ascii"?>
<AssetDeclaration xmlns="uri:ea.com:eala:asset" xmlns:xsi="http://www.w3.org/2001/XMLSchema-instance" xmlns:xi="http://www.w3.org/2001/XInclude" xmlns:xai="uri:ea.com:eala:asset:instance">
	<Tags></Tags>
	<Includes>
	</Includes>

	<GameObject
		id="HeroGeneralBooster"
		Side="Neutral"
		EditorSorting="UNIT"
		CommandSet="EmptyCommandSet"
		KindOf="UNATTACKABLE CAN_ATTACK UNSELECTABLE NO_COLLIDE IGNORE_FOR_VICTORY CANNOT_BE_DETECTED RESIST_EMP NOT_ON_RADAR AIRCRAFT"
		RadarPriority="NOT_ON_RADAR"
		EditorName="GenericCrateSpawner">
		<LocomotorSet
			Locomotor="MetaControlDummyLocomotor"
			Condition="NORMAL"
			Speed="1" />
		<DisplayName>GenericCrateSpawner</DisplayName>
		<ArmorSet
			Armor="NoArmor" />
		<Draws>
		</Draws>
		<Behaviors>	
<!-- 			<WeaponSetUpdate
				id="ModuleTag_WeaponSetUpdate">
				<WeaponSlotHardpoint
					ID="1"
					AllowInterleavedFiring="false"
					InterleavedStyle="INTERLEAVE_FIRST_AVAILABLE"
					WeaponChoiceCriteria="PREFER_MOST_DAMAGE">
					<Weapon
						Ordering="PRIMARY_WEAPON"
						Template="HeroGeneralWeapon" />
				</WeaponSlotHardpoint>
			</WeaponSetUpdate> -->
			<SlowDeath
				id="ModuleTag_Death"
				DestructionDelay="0s">
				<DieMuxData
					DeathTypes="ALL" />
			</SlowDeath>
 			<FireWeaponUpdate
				id="ModuleTag_FireWeaponUpdate">
				<FireWeaponNugget
					WeaponName="HeroGeneralWeapon"
					FireDelay="0s"
					OneShot="true" />
			</FireWeaponUpdate>	 		
 			<LifetimeUpdate
				id="ModuleTag_Lifetime"
				DeathType="FADED"
				MinLifetime="1s"
				MaxLifetime="1s" />	 
		</Behaviors>
		<AI>
			<AIUpdate
				id="ModuleTag_AI"
				AutoAcquireEnemiesWhenIdle="NO">
			</AIUpdate>
		</AI>
		<Body>
			<ActiveBody
				id="ModuleTag_Body"
				MaxHealth="999999.0" />
		</Body>
		<Geometry
			IsSmall="true">
			<Shape
				Type="CYLINDER"
				MajorRadius="1.0"
				Height="1.0"/>
		</Geometry>
		<VisionInfo
			VisionRange="1000"
			ShroudClearingRange="0" />
	</GameObject>
	
</AssetDeclaration>