<?xml version="1.0" encoding="us-ascii"?>
<AssetDeclaration xmlns="uri:ea.com:eala:asset" xmlns:xsi="http://www.w3.org/2001/XMLSchema-instance" xmlns:xi="http://www.w3.org/2001/XInclude" xmlns:xai="uri:ea.com:eala:asset:instance">
	<Tags></Tags>
	<Includes>
	</Includes>

	<GameObject
		id="MetaControlDummyViewChangerButtonProvider"
		Side="Neutral"
		EditorSorting="UNIT"
		CommandSet="MetaControlDummyViewChangerButtonProviderCommandSet"
		KindOf="UNATTACKABLE IGNORES_SELECT_ALL NO_COLLIDE IGNORE_FOR_VICTORY CANNOT_BE_DETECTED RESIST_EMP NOT_ON_RADAR"
		RadarPriority="NOT_ON_RADAR"
		EditorName="GenericCrateSpawner"
		ForceLuaRegistration="True">
		<DisplayName>NAME:ThirdFirstPersonMode</DisplayName>
		<ArmorSet
			Armor="InvulnerableArmor" />
		<Draws>
		</Draws>
		<Behaviors>	
			<OCLSpecialPower
				id="ModuleTag_FirstAndThirdPersonMode"
				SpecialPowerTemplate="SpecialPowerFirstAndThirdPersonMode"
				OCL="OCL_FirstAndThirdPersonMode"
				CreateLocation="CREATE_AT_LOCATION" 
			/>	
			<InvisibilityUpdate
				id="ModuleTag_Invisibility"
				UpdatePeriod="1s"
				Options="STARTS_ACTIVE">
			</InvisibilityUpdate>
		</Behaviors>
		<AI>
			<AIUpdate
				id="ModuleTag_AI"
				AutoAcquireEnemiesWhenIdle="NO">
			</AIUpdate>
		</AI>
		<Body>
			<ActiveBody
				id="ModuleTag_Body"
				MaxHealth="1.0" />
		</Body>
	</GameObject>
	
	<GameObject
		id="MetaControlDummyViewChanger"
		Side="Neutral"
		EditorSorting="UNIT"
		CommandSet="EmptyCommandSet"
		KindOf="UNATTACKABLE IGNORES_SELECT_ALL NO_COLLIDE IGNORE_FOR_VICTORY CANNOT_BE_DETECTED RESIST_EMP NOT_ON_RADAR"
		RadarPriority="NOT_ON_RADAR"
		EditorName="GenericCrateSpawner"
		SelectPortrait="Button_ThirdFirstPersonMode"
		ButtonImage="Button_ThirdFirstPersonMode"
		ProductionQueueType="AIRCRAFT"
		BuildTime="0"
		BuildCost="0"
		Description="DESC:ThirdFirstPersonMode"
		ForceLuaRegistration="True">
		<DisplayName>NAME:ThirdFirstPersonMode</DisplayName>
		<ArmorSet
			Armor="InvulnerableArmor" />
		<Draws>
		</Draws>
		<Behaviors>	
 			<LifetimeUpdate
				id="ModuleTag_Lifetime"
				DeathType="FADED"
				MinLifetime="0.00s"
				MaxLifetime="0.00s" /> 
		</Behaviors>
		<AI>
			<AIUpdate
				id="ModuleTag_AI"
				AutoAcquireEnemiesWhenIdle="NO"
				AILuaEventsList="MetaControlFirstAndThirdPersonModeEvent"/>
		</AI>
		<Body>
			<ActiveBody
				id="ModuleTag_Body"
				MaxHealth="1.0" />
		</Body>
	</GameObject>
	
</AssetDeclaration>