<?xml version="1.0" encoding="us-ascii"?>
<AssetDeclaration xmlns="uri:ea.com:eala:asset" xmlns:xsi="http://www.w3.org/2001/XMLSchema-instance">
	<Tags></Tags>
	<Includes>
		<Include
			type="all"
			source="ART:NPCrate01.w3x" />
	</Includes>
	<GameObject
		id="MetaControlDummyMoneyCrate"
		SelectPortrait="Portrait_NeutralCrate"
		ButtonImage="Portrait_NeutralCrate"
		Side="Neutral"
		EditorSorting="MISC_MAN_MADE"
		TransportSlotCount="1"
		BuildCost="0"
		BuildTime="0"
		CommandSet="EmptyCommandSet"
		KindOf="PARACHUTABLE SELECTABLE NOT_AUTOACQUIRABLE UNATTACKABLE CAN_CAST_REFLECTIONS CRATE"
		RadarPriority="STRUCTURE"
		EditorName="CrateMoney"
		Description="DESC:MoneyCrate">
		<DisplayName>NAME:MoneyCrate</DisplayName>
		<ArmorSet
			Armor="NoArmor" />
		<Draws>
			<ScriptedModelDraw
				id="ModuleTag_Draw"
				OkToChangeModelColor="true">
				<ModelConditionState
					ParseCondStateType="PARSE_DEFAULT">
					<Model
						Name="NPCrate01" />
				</ModelConditionState>
			</ScriptedModelDraw>
		</Draws>
		<Behaviors>
			<MoneyCrateCollide
				MoneyProvided="500" />
			<SlowDeath
				id="ModuleTag_Death"
				SinkDelay="3s"
				SinkRate="1.0"
				DestructionDelay="8s">
				<OCL
					Type="INITIAL">
					<OCL>OCL_CrateSpawn</OCL>
				</OCL>	
			</SlowDeath>
			<LifetimeUpdate
				id="ModuleTag_Lifetime"
				DeathType="FADED"
				MinLifetime="2.0s"
				MaxLifetime="2.0s" />
		</Behaviors>
		<Body>
			<HighlanderBody
				id="ModuleTag_Body"
				MaxHealth="1.0"
				InitialHealth="1.0" />
		</Body>
		<Geometry
			IsSmall="true">
      <Shape 
          Type= "CYLINDER"
          MajorRadius = "9.68515"
          MinorRadius = "9.68515"
          Height = "16.0349" >
        <Offset
            x = "0.0348139"
            y = "-0.0732222"
            z = "0.0" />
      </Shape>
		</Geometry>
		<ShadowInfo
			Type="VOLUME" />
		<VisionInfo
			VisionRange="1"
			ShroudClearingRange="1" />
	</GameObject>
</AssetDeclaration>