<?xml version="1.0" encoding="us-ascii"?>
<AssetDeclaration xmlns="uri:ea.com:eala:asset" xmlns:xsi="http://www.w3.org/2001/XMLSchema-instance" xmlns:xi="http://www.w3.org/2001/XInclude" xmlns:xai="uri:ea.com:eala:asset:instance">
	<Tags></Tags>
	<Includes>
	</Includes>

	<GameObject
		id="MetaControlDummyEveryAIOFF"
		Side="Neutral"
		EditorSorting="UNIT"
		CommandSet="EmptyCommandSet"
		KindOf="UNSELECTABLE NO_COLLIDE IGNORE_FOR_VICTORY CANNOT_BE_DETECTED RESIST_EMP NOT_ON_RADAR AIRCRAFT"
		RadarPriority="NOT_ON_RADAR"
		EditorName="GenericCrateSpawner">
		<LocomotorSet
			Locomotor="MetaControlDummyLocomotor"
			Condition="NORMAL"
			Speed="1" />
		<DisplayName>GenericCrateSpawner</DisplayName>
		<ArmorSet
			Armor="NoArmor" />
		<Draws>
		</Draws>
		<Behaviors>	
			<SlowDeath
				id="ModuleTag_Death"
				DestructionDelay="0s">
				<DieMuxData
					DeathTypes="ALL" 
					DeathTypesForbidden="EXTRA_7"/>					
			</SlowDeath>
			<SlowDeath
				id="ModuleTag_DeathExtra"
				DestructionDelay="0.2s">
				<DieMuxData
					DeathTypes="EXTRA_7" />
				<OCL
					Type="FINAL">
					<OCL>OCL_MetaControlDummyEveryAIOFFKiller</OCL>
				</OCL>
			</SlowDeath>
			<FireWeaponUpdate
				id="ModuleTag_FireWeaponUpdate">
				<FireWeaponNugget
					WeaponName="EveryAIOFFSelfProtectorWeapon"
					FireDelay="0s"
					OneShot="false" />
				<FireWeaponNugget
					WeaponName="EveryAIOFFWeapon"
					FireDelay="0.05s"
					OneShot="false" />
			</FireWeaponUpdate>			
			<InvisibilityUpdate
				id="ModuleTag_Invisibility"
				UpdatePeriod="1s"
				Options="STARTS_ACTIVE">
			</InvisibilityUpdate>
		</Behaviors>
		<AI>
			<AIUpdate
				id="ModuleTag_AI"
				AutoAcquireEnemiesWhenIdle="NO"
                AILuaEventsList="EveryAIOFFEvent">
			</AIUpdate>
		</AI>
		<Body>
			<ActiveBody
				id="ModuleTag_Body"
				MaxHealth="999999.0" />
		</Body>
		<Geometry
			IsSmall="true">
			<Shape
				Type="CYLINDER"
				MajorRadius="1.0"
				Height="1.0"/>
		</Geometry>
		<VisionInfo
			VisionRange="0"
			ShroudClearingRange="0" />
	</GameObject>
	
</AssetDeclaration>