<?xml version="1.0" encoding="us-ascii"?>
<AssetDeclaration xmlns="uri:ea.com:eala:asset" xmlns:xsi="http://www.w3.org/2001/XMLSchema-instance" xmlns:xi="http://www.w3.org/2001/XInclude" xmlns:xai="uri:ea.com:eala:asset:instance">
	<Tags></Tags>
	<Includes>
	</Includes>

	<GameObject
		id="TiberiumKillerCrateDummy"
		Side="Neutral"
		EditorSorting="UNIT"
		CommandSet="EmptyCommandSet"
		KindOf="IMMOBILE NO_COLLIDE"
		RadarPriority="NOT_ON_RADAR"
		EditorName="GenericCrateSpawner">
		<DisplayName>GenericCrateSpawner</DisplayName>
		<ArmorSet
			Armor="NoArmor" />
		<Draws>
		</Draws>
		<Behaviors>	
			<FireWeaponUpdate
				id="ModuleTag_FireWeaponUpdate">
				<FireWeaponNugget
					WeaponName="TiberiumKillerWeapon"
					FireDelay="0s"
					OneShot="false" />
			</FireWeaponUpdate>		
		</Behaviors>
		<Body>
			<ActiveBody
				id="ModuleTag_Body"
				MaxHealth="99999.0" />
		</Body>
		<Geometry
			IsSmall="true">
			<Shape
				Type="CYLINDER"
				MajorRadius="7.0"
				Height="13.0"/>
		</Geometry>
		<VisionInfo
			VisionRange="10000"
			ShroudClearingRange="0" />
	</GameObject>
	
</AssetDeclaration>