<?xml version="1.0" encoding="utf-8"?>
<AssetDeclaration xmlns="uri:ea.com:eala:asset">

	<GameObject
		id="TiberiumField"
		KindOf="IMMOBILE CAN_CAST_REFLECTIONS STRUCTURE UNATTACKABLE CAN_SEE_THROUGH_STRUCTURE TIBERIUM_FIELD NOT_AUTOACQUIRABLE"
		RadarPriority="INVALID"
		BuildCompletion="INVALID"
		FenceWidth="0"
		FenceXOffset="0"
		RemoveTerrainRadius="0"
		EmotionRange="0"
		PlacementViewAngle="0d"
		BuildFadeInOnCreateTimeSeconds="0s"
		FactoryExitWidth="0"
		FactoryExtraBibWidth="0"
		Side="Neutral"
		EditorName="TiberiumField"
		EditorSorting="MISC_NATURAL"
		BountyValue="0"
		BuildTime="0"
		BuildFadeInOnCreateTime="0"
		EnergyProduction="0"
		EnergyBonus="0"
		CommandSet=""
		SelectPortrait=""
		ButtonImage=""
		VoicePriority="0"
		MinZIncreaseForVoiceMoveToHigherGround="-1"
		CrowdResponse=""
		CampnessValue="0"
		CampnessValueRadius="600"
		Scale="1"
		HealthBoxScale="1.5"
		HealthBoxHeightOffset="10"
		OcclusionDelay="0"
		LiveCameraPitch="0"
		FormationWidth="1"
		FormationDepth="1"
		InstanceScaleFuzziness="0"
		ThreatRadius="-1"
		RamPower="0"
		RamZMult="1"
		ShockwaveResistance="0"
		CommandPoints="0"
		CommandPointBonus="0"
		VoiceAttackChargeTimeout="0"
		MaxDistanceForEngaged="0"
		EngagedStateTimeout="0"
		ThreatLevel="1"
		SlopeLimitIndex="0"
		PathfindDiameter="-1"
		SupplyOverride="0"
		DisplayMeleeDamage="-1"
		DisplayRangedDamage="-1"
		HeroSortOrder="2147483647"
		FiringArc="360"
		CamouflageDetectionMultiplier="1"
		SelectionPriority="2147483647"
		ProductionQueueType="INVALID"
		BuildPlacementTypeFlag="INVALID"
		BuildOnRequiredObjectKindOf=""
		UnitCategory="NONE"
		WeaponCategory="NONE"
		HasFiredRecentlyTime="2s"
		UnitTypeIcon=""
		ReinvisibilityDelay="4s"
		CaptureTime="0s"
		BuildCost="0"
		RefundValue="0"
		ThreatValue="0"
		MaxSimultaneousOfType="0"
		TransportSlotCount="0"
		IsTrainable="True"
		IsForbidden="False"
		IsPrerequisite="False"
		IsGrabbable="False"
		IsHarvestable="False"
		StructureRubbleHeight="0"
		ForceLuaRegistration="False"
		ShowHealthInSelectionDecal="False"
		KeepSelectableWhenDead="False"
		IsAutoBuilt="False"
		CanPathThroughGates="True"
		ShouldClearShotsOnIdle="False"
		BuildInProximityToSamePlayerStucture="True">
		<DisplayName>Tiberium_Field</DisplayName>
		<ArmorSet
			Armor="NoArmor"
			DamageFX=""
			Conditions="" />
		<Draws>
			<ScriptedModelDraw
				id="50DF2C46"
				RecoilDamping="0.4"
				MaxRecoilDistance="3"
				InitialRecoilSpeed="2"
				RecoilSettleSpeed="0.065"
				MinLODRequired="LOW"
				ProjectileBoneFeedbackEnabledSlots=""
				TrackMarks=""
				DependencySharedModelFlags=""
				HighDetailLODThreshold="0"
				LowDetailLODThreshold="0"
				WadingParticleSys=""
				AlphaCameraFadeOuterRadius="0"
				AlphaCameraFadeInnerRadius="0"
				AlphaCameraAtInnerRadius="100%"
				StaticSortLevelWhileFading="-1"
				BirthFadeTime="0"
				OkToChangeModelColor="False"
				AnimationsRequirePower="True"
				UseYAxisForTurretRotation="False"
				TrackMarksOnlyWhenCorneringQuickly="False"
				UseProducerTexture="False"
				NoRotate="False"
				UseFiringArcRotation="False"
				Selectable="True"
				RandomTextureFixedRandomIndex="False"
				ParticlesAttachedToAnimatedBones="False"
				ParticleBonesCheckDrawable="False"
				ShadowForceDisable="False"
				SwitchModelLODMode="False"
				StaticModelLODMode="False"
				ShowShadowWhileContained="False"
				UseStandardModelNames="False"
				UseDefaultAnimation="False"
				BirthFadeAdditive="False"
				ZWriteDisableOverride="False"
				MultiPlayerOnly="False"
				AffectedByStealth="True"
				InvertStealthOpacity="False"
				HighDetailOnly="False"
				SetAnimsToLastFrameOnConstructionComplete="True">
				<ModelConditionState
					ParseCondStateType="PARSE_DEFAULT"
					PortraitImage=""
					ButtonImage=""
					id="DefaultState"
					RetainSubObjects="False">
					<Model
						Name="TIBFIELD01"
						ExtraMesh="False" />
					<ParticleSysBone
						BoneName="NONE"
						FXParticleSystemTemplate="TibTreeAura"
						PersistID="0"
						id="TibTreeAura"
						FollowBone="True"
						OnlyIfOnWater="False"
						OnlyIfOnLand="False" />
					<ParticleSysBone
						BoneName="NONE"
						FXParticleSystemTemplate="TibTreeAuraLightning"
						PersistID="0"
						id="TibTreeAuraLightning"
						FollowBone="True"
						OnlyIfOnWater="False"
						OnlyIfOnLand="False" />
				</ModelConditionState>
			</ScriptedModelDraw>
		</Draws>
		<Behaviors>
			<TiberiumField
				id="D32798E8"
				DamageUpdateFrequencySeconds="0.67s"
				HealUpdateFrequencySeconds="0.6s"
				Radius="200"
				DamageRadiusAdd="20"
				HealRadiusAdd="20"
				FieldResolution="40"
				MaxFieldMoney="25000"
				StartingFieldMoney="24000"
				ThingToSpawn="TiberiumCrystal"
				SpawnOffset="15"
				ClusterScaleFactor="1"
				ClusterPowerFactor="1"
				CrystalGrowthRate="20"
				LifetimeFieldMoney="0"
				KillWhenEmptyAndFinishedSpawning="False"
				AllowStartingFieldCrystalsToGrow="False">
				<DamageFilter
					Rule="ANY"
					Relationship=""
					Alignment="NONE"
					Include="INFANTRY VEHICLE"
					Exclude=""
					StatusBitFlags=""
					RejectStatusBitFlags=""
					AcceptModelCondition=""
					RejectModelCondition="">
					<IncludeThing>GDIMARV</IncludeThing>
					<IncludeThing>ZOCOMMARV</IncludeThing>
					<IncludeThing>SteelTalonsMARV</IncludeThing>
					<ExcludeThing>MutantMarauder</ExcludeThing>
					<ExcludeThing>MutantMarauderSquad</ExcludeThing>
					<ExcludeThing>Viceroid</ExcludeThing>
					<ExcludeThing>GDIZoneTrooper</ExcludeThing>
					<ExcludeThing>GDIZoneTrooperSquad</ExcludeThing>
				</DamageFilter>
				<HealFilter
					Rule="NONE"
					Relationship=""
					Alignment="NONE"
					Include="HEALED_BY_TIBERIUM"
					Exclude=""
					StatusBitFlags=""
					RejectStatusBitFlags=""
					AcceptModelCondition=""
					RejectModelCondition="" />
			</TiberiumField>
<!-- 			<GrantUpgradeCreate
				id="ModuleTag_GrantUpgradeCreate"
				UpgradeToGrant="Upgrade_NoSpawnUponDestructionTiberium" /> -->
		</Behaviors>
		<Body>
			<ActiveBody
				id="A5C3EB8A"
				MaxHealth="100"
				MaxHealthDamaged="0"
				MaxHealthReallyDamaged="0"
				InitialHealth="-1"
				RecoveryTime="0"
				DodgePercent="0"
				EnteringDamagedTransitionTime="0s"
				EnteringReallyDamagedTransitionTime="0s"
				GrabFX=""
				GrabDamage="200"
				HealingBuffFX=""
				DamagedAttributeModifier=""
				ReallyDamagedAttributeModifier=""
				CheerRadius="200"
				BurningDeathFX=""
				SecondChanceUpgrade=""
				SecondChanceHeal="0"
				UseDefaultDamageSettings="True"
				RemoveUpgradesOnDeath="False"
				BurningDeathBehavior="False" />
		</Body>
		<Geometry
			IsSmall="False">
			<Shape
				Type="CYLINDER"
				ContactPointGeneration="NONE"
				MajorRadius="27"
				MinorRadius="1"
				Height="20"
				FrontAngle="0d"
				Active="True"
				UsedForHealthBox="True" />
		</Geometry>
		<VisionInfo
			VisionRange="0"
			ShroudClearingRange="0"
			VisionSide="100%"
			VisionRear="100%"
			VisionBonusTestRadius="100"
			VisionBonusTestSegments="8"
			VisionBonusPercentPerFoot="0%"
			MaxVisionBonusPercent="50%"
			MinVisionBonusPercent="-50%" />
		<ProjectedBuildabilityInfo
			Radius="25"
			BuildPlacementTypes="TIBERIUM_FIELD"
			StatusToReject="HAS_TIBERIUM_GROWTH_MOD"
			ModelConditionsToReject="" />
	</GameObject>
	
	<GameObject
		id="TiberiumFieldBlue"
		KindOf="IMMOBILE CAN_CAST_REFLECTIONS STRUCTURE UNATTACKABLE CAN_SEE_THROUGH_STRUCTURE TIBERIUM_FIELD NOT_AUTOACQUIRABLE"
		RadarPriority="INVALID"
		BuildCompletion="INVALID"
		FenceWidth="0"
		FenceXOffset="0"
		RemoveTerrainRadius="0"
		EmotionRange="0"
		PlacementViewAngle="0d"
		BuildFadeInOnCreateTimeSeconds="0s"
		FactoryExitWidth="0"
		FactoryExtraBibWidth="0"
		Side="Neutral"
		EditorName="TiberiumFieldBlue"
		EditorSorting="MISC_NATURAL"
		BountyValue="0"
		BuildTime="0"
		BuildFadeInOnCreateTime="0"
		EnergyProduction="0"
		EnergyBonus="0"
		CommandSet=""
		SelectPortrait=""
		ButtonImage=""
		VoicePriority="0"
		MinZIncreaseForVoiceMoveToHigherGround="-1"
		CrowdResponse=""
		CampnessValue="0"
		CampnessValueRadius="600"
		Scale="1"
		HealthBoxScale="1.5"
		HealthBoxHeightOffset="10"
		OcclusionDelay="0"
		LiveCameraPitch="0"
		FormationWidth="1"
		FormationDepth="1"
		InstanceScaleFuzziness="0"
		ThreatRadius="-1"
		RamPower="0"
		RamZMult="1"
		ShockwaveResistance="0"
		CommandPoints="0"
		CommandPointBonus="0"
		VoiceAttackChargeTimeout="0"
		MaxDistanceForEngaged="0"
		EngagedStateTimeout="0"
		ThreatLevel="1"
		SlopeLimitIndex="0"
		PathfindDiameter="-1"
		SupplyOverride="0"
		DisplayMeleeDamage="-1"
		DisplayRangedDamage="-1"
		HeroSortOrder="2147483647"
		FiringArc="360"
		CamouflageDetectionMultiplier="1"
		SelectionPriority="2147483647"
		ProductionQueueType="INVALID"
		BuildPlacementTypeFlag="INVALID"
		BuildOnRequiredObjectKindOf=""
		UnitCategory="NONE"
		WeaponCategory="NONE"
		HasFiredRecentlyTime="2s"
		UnitTypeIcon=""
		ReinvisibilityDelay="4s"
		CaptureTime="0s"
		BuildCost="0"
		RefundValue="0"
		ThreatValue="0"
		MaxSimultaneousOfType="0"
		TransportSlotCount="0"
		IsTrainable="True"
		IsForbidden="False"
		IsPrerequisite="False"
		IsGrabbable="False"
		IsHarvestable="False"
		StructureRubbleHeight="0"
		ForceLuaRegistration="False"
		ShowHealthInSelectionDecal="False"
		KeepSelectableWhenDead="False"
		IsAutoBuilt="False"
		CanPathThroughGates="True"
		ShouldClearShotsOnIdle="False"
		BuildInProximityToSamePlayerStucture="True">
		<DisplayName>Tiberium_FieldBlue</DisplayName>
		<ArmorSet
			Armor="NoArmor"
			DamageFX=""
			Conditions="" />
		<Draws>
			<ScriptedModelDraw
				id="50DF2C46"
				RecoilDamping="0.4"
				MaxRecoilDistance="3"
				InitialRecoilSpeed="2"
				RecoilSettleSpeed="0.065"
				MinLODRequired="LOW"
				ProjectileBoneFeedbackEnabledSlots=""
				TrackMarks=""
				DependencySharedModelFlags=""
				HighDetailLODThreshold="0"
				LowDetailLODThreshold="0"
				WadingParticleSys=""
				AlphaCameraFadeOuterRadius="0"
				AlphaCameraFadeInnerRadius="0"
				AlphaCameraAtInnerRadius="100%"
				StaticSortLevelWhileFading="-1"
				BirthFadeTime="0"
				OkToChangeModelColor="False"
				AnimationsRequirePower="True"
				UseYAxisForTurretRotation="False"
				TrackMarksOnlyWhenCorneringQuickly="False"
				UseProducerTexture="False"
				NoRotate="False"
				UseFiringArcRotation="False"
				Selectable="True"
				RandomTextureFixedRandomIndex="False"
				ParticlesAttachedToAnimatedBones="False"
				ParticleBonesCheckDrawable="False"
				ShadowForceDisable="False"
				SwitchModelLODMode="False"
				StaticModelLODMode="False"
				ShowShadowWhileContained="False"
				UseStandardModelNames="False"
				UseDefaultAnimation="False"
				BirthFadeAdditive="False"
				ZWriteDisableOverride="False"
				MultiPlayerOnly="False"
				AffectedByStealth="True"
				InvertStealthOpacity="False"
				HighDetailOnly="False"
				SetAnimsToLastFrameOnConstructionComplete="True">
				<ModelConditionState
					ParseCondStateType="PARSE_DEFAULT"
					PortraitImage=""
					ButtonImage=""
					id="DefaultState"
					RetainSubObjects="False">
					<Model
						Name="TIBFIELDBLUE01"
						ExtraMesh="False" />
					<ParticleSysBone
						BoneName="NONE"
						FXParticleSystemTemplate="TibTreeAuraBlue"
						PersistID="0"
						id="TibTreeAura"
						FollowBone="True"
						OnlyIfOnWater="False"
						OnlyIfOnLand="False" />
					<ParticleSysBone
						BoneName="NONE"
						FXParticleSystemTemplate="TibTreeAuraLightningBlue"
						PersistID="0"
						id="TibTreeAuraLightning"
						FollowBone="True"
						OnlyIfOnWater="False"
						OnlyIfOnLand="False" />
				</ModelConditionState>
			</ScriptedModelDraw>
		</Draws>
		<Behaviors>
			<TiberiumField
				id="D32798E8"
				DamageUpdateFrequencySeconds="0.67s"
				HealUpdateFrequencySeconds="0.6s"
				Radius="200"
				DamageRadiusAdd="20"
				HealRadiusAdd="20"
				FieldResolution="40"
				MaxFieldMoney="25000"
				StartingFieldMoney="25000"
				ThingToSpawn="TiberiumCrystalBlue"
				SpawnOffset="15"
				ClusterScaleFactor="1"
				ClusterPowerFactor="1"
				CrystalGrowthRate="20"
				LifetimeFieldMoney="0"
				KillWhenEmptyAndFinishedSpawning="False"
				AllowStartingFieldCrystalsToGrow="False">
				<DamageFilter
					Rule="ANY"
					Relationship=""
					Alignment="NONE"
					Include="INFANTRY VEHICLE"
					Exclude=""
					StatusBitFlags=""
					RejectStatusBitFlags=""
					AcceptModelCondition=""
					RejectModelCondition="">
					<IncludeThing>GDIMARV</IncludeThing>
					<IncludeThing>ZOCOMMARV</IncludeThing>
					<IncludeThing>SteelTalonsMARV</IncludeThing>
					<ExcludeThing>MutantMarauder</ExcludeThing>
					<ExcludeThing>MutantMarauderSquad</ExcludeThing>
					<ExcludeThing>Viceroid</ExcludeThing>
					<ExcludeThing>GDIZoneTrooper</ExcludeThing>
					<ExcludeThing>GDIZoneTrooperSquad</ExcludeThing>
				</DamageFilter>
				<HealFilter
					Rule="NONE"
					Relationship=""
					Alignment="NONE"
					Include="HEALED_BY_TIBERIUM"
					Exclude=""
					StatusBitFlags=""
					RejectStatusBitFlags=""
					AcceptModelCondition=""
					RejectModelCondition="" />
			</TiberiumField>
<!-- 			<GrantUpgradeCreate
				id="ModuleTag_GrantUpgradeCreate"
				UpgradeToGrant="Upgrade_NoSpawnUponDestructionTiberium" /> -->
		</Behaviors>
		<Body>
			<ActiveBody
				id="A5C3EB8A"
				MaxHealth="100"
				MaxHealthDamaged="0"
				MaxHealthReallyDamaged="0"
				InitialHealth="-1"
				RecoveryTime="0"
				DodgePercent="0"
				EnteringDamagedTransitionTime="0s"
				EnteringReallyDamagedTransitionTime="0s"
				GrabFX=""
				GrabDamage="200"
				HealingBuffFX=""
				DamagedAttributeModifier=""
				ReallyDamagedAttributeModifier=""
				CheerRadius="200"
				BurningDeathFX=""
				SecondChanceUpgrade=""
				SecondChanceHeal="0"
				UseDefaultDamageSettings="True"
				RemoveUpgradesOnDeath="False"
				BurningDeathBehavior="False" />
		</Body>
		<Geometry
			IsSmall="False">
			<Shape
				Type="CYLINDER"
				ContactPointGeneration="NONE"
				MajorRadius="27"
				MinorRadius="1"
				Height="20"
				FrontAngle="0d"
				Active="True"
				UsedForHealthBox="True" />
			<Shape
				Type="CYLINDER"
				ContactPointGeneration="NONE"
				MajorRadius="25.4432"
				MinorRadius="25.4432"
				Height="9.83316"
				FrontAngle="0d"
				Active="True"
				UsedForHealthBox="True">
				<Offset
					x="-24.2156"
					y="5.6128"
					z="0" />
			</Shape>
			<Shape
				Type="CYLINDER"
				ContactPointGeneration="NONE"
				MajorRadius="26.1145"
				MinorRadius="26.1145"
				Height="11.102"
				FrontAngle="0d"
				Active="True"
				UsedForHealthBox="True">
				<Offset
					x="20.5094"
					y="-4.22035"
					z="0" />
			</Shape>
		</Geometry>
		<VisionInfo
			VisionRange="0"
			ShroudClearingRange="0"
			VisionSide="100%"
			VisionRear="100%"
			VisionBonusTestRadius="100"
			VisionBonusTestSegments="8"
			VisionBonusPercentPerFoot="0%"
			MaxVisionBonusPercent="50%"
			MinVisionBonusPercent="-50%" />
		<ProjectedBuildabilityInfo
			Radius="25"
			BuildPlacementTypes="TIBERIUM_FIELD"
			StatusToReject="HAS_TIBERIUM_GROWTH_MOD"
			ModelConditionsToReject="" />
	</GameObject>

</AssetDeclaration>