<?xml version="1.0" encoding="utf-8"?>
<AssetDeclaration xmlns="uri:ea.com:eala:asset">
	<GameObject
		id="TiberiumCrystalInfinite"
		KindOf="SELECTABLE IMMOBILE SHADOW_ULTRA_HIGH_ONLY NO_COLLIDE NOT_AUTOACQUIRABLE IGNORE_FOR_VICTORY DO_NOT_CLASSIFY HARVESTABLE TIBERIUM"
		Description="Desc:GreenTiberiumCrystal"
		RadarPriority="STRUCTURE"
		BuildCompletion="INVALID"
		FenceWidth="0"
		FenceXOffset="0"
		RemoveTerrainRadius="0"
		EmotionRange="0"
		PlacementViewAngle="0d"
		BuildFadeInOnCreateTimeSeconds="0s"
		FactoryExitWidth="0"
		FactoryExtraBibWidth="0"
		Side="Neutral"
		EditorName="TiberiumCrystal"
		EditorSorting="MISC_NATURAL"
		BountyValue="0"
		BuildTime="1"
		BuildFadeInOnCreateTime="0"
		EnergyProduction="0"
		EnergyBonus="0"
		CommandSet=""
		SelectPortrait="Portrait_GreenTiberium"
		ButtonImage="Portrait_GreenTiberium"
		VoicePriority="0"
		MinZIncreaseForVoiceMoveToHigherGround="-1"
		CrowdResponse=""
		CampnessValue="0"
		CampnessValueRadius="600"
		Scale="1"
		HealthBoxScale="1.5"
		HealthBoxHeightOffset="10"
		OcclusionDelay="0"
		LiveCameraPitch="0"
		FormationWidth="1"
		FormationDepth="1"
		InstanceScaleFuzziness="0"
		ThreatRadius="-1"
		RamPower="0"
		RamZMult="1"
		ShockwaveResistance="0"
		CommandPoints="0"
		CommandPointBonus="0"
		VoiceAttackChargeTimeout="0"
		MaxDistanceForEngaged="0"
		EngagedStateTimeout="0"
		ThreatLevel="1"
		SlopeLimitIndex="0"
		PathfindDiameter="-1"
		SupplyOverride="0"
		DisplayMeleeDamage="-1"
		DisplayRangedDamage="-1"
		HeroSortOrder="2147483647"
		FiringArc="360"
		CamouflageDetectionMultiplier="1"
		SelectionPriority="2147483647"
		ProductionQueueType="INVALID"
		BuildPlacementTypeFlag="INVALID"
		BuildOnRequiredObjectKindOf=""
		UnitCategory="NONE"
		WeaponCategory="NONE"
		HasFiredRecentlyTime="2s"
		UnitTypeIcon=""
		ReinvisibilityDelay="4s"
		CaptureTime="0s"
		BuildCost="0"
		RefundValue="0"
		ThreatValue="0"
		MaxSimultaneousOfType="0"
		TransportSlotCount="0"
		IsTrainable="True"
		IsForbidden="False"
		IsPrerequisite="False"
		IsGrabbable="False"
		IsHarvestable="True"
		StructureRubbleHeight="0"
		ForceLuaRegistration="False"
		ShowHealthInSelectionDecal="False"
		KeepSelectableWhenDead="False"
		IsAutoBuilt="False"
		CanPathThroughGates="True"
		ShouldClearShotsOnIdle="False"
		BuildInProximityToSamePlayerStucture="True">
		<EquivalentTo>TiberiumCrystal</EquivalentTo>
		<DisplayName>Name:GreenTiberiumCrystal</DisplayName>
		<ArmorSet
			Armor="TiberiumCrystalArmor"
			DamageFX="VehicleDamageFX"
			Conditions="" />
		<Draws>
			<ScriptedModelDraw
				id="50DF2C46"
				RecoilDamping="0.4"
				MaxRecoilDistance="3"
				InitialRecoilSpeed="2"
				RecoilSettleSpeed="0.065"
				MinLODRequired="LOW"
				ProjectileBoneFeedbackEnabledSlots=""
				TrackMarks=""
				DependencySharedModelFlags=""
				HighDetailLODThreshold="0"
				LowDetailLODThreshold="0"
				WadingParticleSys=""
				AlphaCameraFadeOuterRadius="0"
				AlphaCameraFadeInnerRadius="0"
				AlphaCameraAtInnerRadius="100%"
				StaticSortLevelWhileFading="-1"
				BirthFadeTime="0"
				OkToChangeModelColor="False"
				AnimationsRequirePower="True"
				UseYAxisForTurretRotation="False"
				TrackMarksOnlyWhenCorneringQuickly="False"
				UseProducerTexture="False"
				NoRotate="False"
				UseFiringArcRotation="False"
				Selectable="True"
				RandomTextureFixedRandomIndex="False"
				ParticlesAttachedToAnimatedBones="False"
				ParticleBonesCheckDrawable="False"
				ShadowForceDisable="False"
				SwitchModelLODMode="False"
				StaticModelLODMode="False"
				ShowShadowWhileContained="False"
				UseStandardModelNames="False"
				UseDefaultAnimation="False"
				BirthFadeAdditive="False"
				ZWriteDisableOverride="False"
				MultiPlayerOnly="False"
				AffectedByStealth="True"
				InvertStealthOpacity="False"
				HighDetailOnly="False"
				SetAnimsToLastFrameOnConstructionComplete="True">
				<ModelConditionState
					ParseCondStateType="PARSE_DEFAULT"
					PortraitImage=""
					ButtonImage=""
					RetainSubObjects="False">
					<Model
						Name="TIBCELL01"
						ExtraMesh="False" />
				</ModelConditionState>
				<ModelConditionState
					ParseCondStateType="PARSE_NORMAL"
					ConditionsYes="RUBBLE"
					PortraitImage=""
					ButtonImage=""
					RetainSubObjects="False">
					<Model
						Name=""
						ExtraMesh="False" />
				</ModelConditionState>
				<ModelConditionState
					ParseCondStateType="PARSE_NORMAL"
					ConditionsYes="TIBERIUM_CRYSTAL_TYPE1 USER_4"
					PortraitImage=""
					ButtonImage=""
					RetainSubObjects="False">
					<Model
						Name="TIBCELL01"
						ExtraMesh="False" />
					<ParticleSysBone
						BoneName="NONE"
						FXParticleSystemTemplate="TibCellAura"
						PersistID="0"
						FollowBone="True"
						OnlyIfOnWater="False"
						OnlyIfOnLand="False" />
					<ParticleSysBone
						BoneName="NONE"
						FXParticleSystemTemplate="TibInfestationBugs"
						PersistID="0"
						FollowBone="True"
						OnlyIfOnWater="False"
						OnlyIfOnLand="False" />
				</ModelConditionState>
				<ModelConditionState
					ParseCondStateType="PARSE_NORMAL"
					ConditionsYes="TIBERIUM_CRYSTAL_TYPE2 USER_4"
					PortraitImage=""
					ButtonImage=""
					RetainSubObjects="False">
					<Model
						Name="TIBCELL01"
						ExtraMesh="False" />
					<ParticleSysBone
						BoneName="NONE"
						FXParticleSystemTemplate="TibCellAura"
						PersistID="0"
						FollowBone="True"
						OnlyIfOnWater="False"
						OnlyIfOnLand="False" />
					<ParticleSysBone
						BoneName="NONE"
						FXParticleSystemTemplate="TibInfestationBugs"
						PersistID="0"
						FollowBone="True"
						OnlyIfOnWater="False"
						OnlyIfOnLand="False" />
				</ModelConditionState>
				<ModelConditionState
					ParseCondStateType="PARSE_NORMAL"
					ConditionsYes="TIBERIUM_CRYSTAL_TYPE3 USER_4"
					PortraitImage=""
					ButtonImage=""
					RetainSubObjects="False">
					<Model
						Name="TIBCELL01"
						ExtraMesh="False" />
					<ParticleSysBone
						BoneName="NONE"
						FXParticleSystemTemplate="TibCellAura"
						PersistID="0"
						FollowBone="True"
						OnlyIfOnWater="False"
						OnlyIfOnLand="False" />
					<ParticleSysBone
						BoneName="NONE"
						FXParticleSystemTemplate="TibInfestationBugs"
						PersistID="0"
						FollowBone="True"
						OnlyIfOnWater="False"
						OnlyIfOnLand="False" />
				</ModelConditionState>
				<ModelConditionState
					ParseCondStateType="PARSE_NORMAL"
					ConditionsYes="TIBERIUM_CRYSTAL_TYPE4 USER_4"
					PortraitImage=""
					ButtonImage=""
					RetainSubObjects="False">
					<Model
						Name="TIBCELL01"
						ExtraMesh="False" />
					<ParticleSysBone
						BoneName="NONE"
						FXParticleSystemTemplate="TibCellAura"
						PersistID="0"
						FollowBone="True"
						OnlyIfOnWater="False"
						OnlyIfOnLand="False" />
					<ParticleSysBone
						BoneName="NONE"
						FXParticleSystemTemplate="TibInfestationBugs"
						PersistID="0"
						FollowBone="True"
						OnlyIfOnWater="False"
						OnlyIfOnLand="False" />
				</ModelConditionState>
				<ModelConditionState
					ParseCondStateType="PARSE_NORMAL"
					ConditionsYes="TIBERIUM_CRYSTAL_TYPE5 USER_4"
					PortraitImage=""
					ButtonImage=""
					RetainSubObjects="False">
					<Model
						Name="TIBCELL01"
						ExtraMesh="False" />
					<ParticleSysBone
						BoneName="NONE"
						FXParticleSystemTemplate="TibCellAura"
						PersistID="0"
						FollowBone="True"
						OnlyIfOnWater="False"
						OnlyIfOnLand="False" />
					<ParticleSysBone
						BoneName="NONE"
						FXParticleSystemTemplate="TibInfestationBugs"
						PersistID="0"
						FollowBone="True"
						OnlyIfOnWater="False"
						OnlyIfOnLand="False" />
				</ModelConditionState>
				<ModelConditionState
					ParseCondStateType="PARSE_NORMAL"
					ConditionsYes="TIBERIUM_CRYSTAL_TYPE1"
					PortraitImage=""
					ButtonImage=""
					RetainSubObjects="False">
					<Model
						Name="TIBCELL01"
						ExtraMesh="False" />
					<ParticleSysBone
						BoneName="NONE"
						FXParticleSystemTemplate="TibCellAura"
						PersistID="0"
						FollowBone="True"
						OnlyIfOnWater="False"
						OnlyIfOnLand="False" />
				</ModelConditionState>
				<ModelConditionState
					ParseCondStateType="PARSE_NORMAL"
					ConditionsYes="TIBERIUM_CRYSTAL_TYPE2"
					PortraitImage=""
					ButtonImage=""
					RetainSubObjects="False">
					<Model
						Name="TIBCELL01"
						ExtraMesh="False" />
					<ParticleSysBone
						BoneName="NONE"
						FXParticleSystemTemplate="TibCellAura"
						PersistID="0"
						FollowBone="True"
						OnlyIfOnWater="False"
						OnlyIfOnLand="False" />
				</ModelConditionState>
				<ModelConditionState
					ParseCondStateType="PARSE_NORMAL"
					ConditionsYes="TIBERIUM_CRYSTAL_TYPE3"
					PortraitImage=""
					ButtonImage=""
					RetainSubObjects="False">
					<Model
						Name="TIBCELL01"
						ExtraMesh="False" />
					<ParticleSysBone
						BoneName="NONE"
						FXParticleSystemTemplate="TibCellAura"
						PersistID="0"
						FollowBone="True"
						OnlyIfOnWater="False"
						OnlyIfOnLand="False" />
				</ModelConditionState>
				<ModelConditionState
					ParseCondStateType="PARSE_NORMAL"
					ConditionsYes="TIBERIUM_CRYSTAL_TYPE4"
					PortraitImage=""
					ButtonImage=""
					RetainSubObjects="False">
					<Model
						Name="TIBCELL01"
						ExtraMesh="False" />
					<ParticleSysBone
						BoneName="NONE"
						FXParticleSystemTemplate="TibCellAura"
						PersistID="0"
						FollowBone="True"
						OnlyIfOnWater="False"
						OnlyIfOnLand="False" />
				</ModelConditionState>
				<ModelConditionState
					ParseCondStateType="PARSE_NORMAL"
					ConditionsYes="TIBERIUM_CRYSTAL_TYPE5"
					PortraitImage=""
					ButtonImage=""
					RetainSubObjects="False">
					<Model
						Name="TIBCELL01"
						ExtraMesh="False" />
					<ParticleSysBone
						BoneName="NONE"
						FXParticleSystemTemplate="TibCellAura"
						PersistID="0"
						FollowBone="True"
						OnlyIfOnWater="False"
						OnlyIfOnLand="False" />
				</ModelConditionState>
				<AnimationState
					ParseCondStateType="PARSE_DEFAULT"
					EnteringStateFX=""
					FrameForPristineBonePositions="0"
					ShareAnimation="False"
					AllowRepeatInRandomPick="False"
					SimilarRestart="False" />
				<AnimationState
					ParseCondStateType="PARSE_NORMAL"
					ConditionsYes="TIBERIUM_GROWING"
					Flags="START_FRAME_LAST"
					EnteringStateFX=""
					FrameForPristineBonePositions="0"
					ShareAnimation="False"
					AllowRepeatInRandomPick="False"
					SimilarRestart="False">
					<Animation
						AnimationName="TIBCELL01"
						AnimationMode="MANUAL"
						Distance="0"
						AnimationBlendTime="0"
						AnimationSpeedFactorMin="1"
						AnimationSpeedFactorMax="1"
						WeaponTimingOrdering="PRIMARY_WEAPON"
						WeaponTimingSlotID="1"
						AnimationPriority="1"
						FadeBeginFrame="-1"
						FadeEndFrame="-1"
						AnimationMustCompleteBlend="False"
						UseWeaponTiming="False"
						FadingIn="False" />
				</AnimationState>
				<AnimationState
					ParseCondStateType="PARSE_NORMAL"
					ConditionsYes="TIBERIUM_CRYSTAL_TYPE1"
					EnteringStateFX=""
					FrameForPristineBonePositions="0"
					ShareAnimation="False"
					AllowRepeatInRandomPick="False"
					SimilarRestart="False">
					<Animation
						AnimationName="TIBCELL01"
						AnimationMode="MANUAL"
						Distance="0"
						AnimationBlendTime="0"
						AnimationSpeedFactorMin="1"
						AnimationSpeedFactorMax="1"
						WeaponTimingOrdering="PRIMARY_WEAPON"
						WeaponTimingSlotID="1"
						AnimationPriority="1"
						FadeBeginFrame="-1"
						FadeEndFrame="-1"
						AnimationMustCompleteBlend="False"
						UseWeaponTiming="False"
						FadingIn="False" />
				</AnimationState>
				<AnimationState
					ParseCondStateType="PARSE_NORMAL"
					ConditionsYes="TIBERIUM_CRYSTAL_TYPE2"
					EnteringStateFX=""
					FrameForPristineBonePositions="0"
					ShareAnimation="False"
					AllowRepeatInRandomPick="False"
					SimilarRestart="False">
					<Animation
						AnimationName="TIBCELL01"
						AnimationMode="MANUAL"
						Distance="0"
						AnimationBlendTime="0"
						AnimationSpeedFactorMin="1"
						AnimationSpeedFactorMax="1"
						WeaponTimingOrdering="PRIMARY_WEAPON"
						WeaponTimingSlotID="1"
						AnimationPriority="1"
						FadeBeginFrame="-1"
						FadeEndFrame="-1"
						AnimationMustCompleteBlend="False"
						UseWeaponTiming="False"
						FadingIn="False" />
				</AnimationState>
				<AnimationState
					ParseCondStateType="PARSE_NORMAL"
					ConditionsYes="TIBERIUM_CRYSTAL_TYPE3"
					EnteringStateFX=""
					FrameForPristineBonePositions="0"
					ShareAnimation="False"
					AllowRepeatInRandomPick="False"
					SimilarRestart="False">
					<Animation
						AnimationName="TIBCELL01"
						AnimationMode="MANUAL"
						Distance="0"
						AnimationBlendTime="0"
						AnimationSpeedFactorMin="1"
						AnimationSpeedFactorMax="1"
						WeaponTimingOrdering="PRIMARY_WEAPON"
						WeaponTimingSlotID="1"
						AnimationPriority="1"
						FadeBeginFrame="-1"
						FadeEndFrame="-1"
						AnimationMustCompleteBlend="False"
						UseWeaponTiming="False"
						FadingIn="False" />
				</AnimationState>
				<AnimationState
					ParseCondStateType="PARSE_NORMAL"
					ConditionsYes="TIBERIUM_CRYSTAL_TYPE4"
					EnteringStateFX=""
					FrameForPristineBonePositions="0"
					ShareAnimation="False"
					AllowRepeatInRandomPick="False"
					SimilarRestart="False">
					<Animation
						AnimationName="TIBCELL01"
						AnimationMode="MANUAL"
						Distance="0"
						AnimationBlendTime="0"
						AnimationSpeedFactorMin="1"
						AnimationSpeedFactorMax="1"
						WeaponTimingOrdering="PRIMARY_WEAPON"
						WeaponTimingSlotID="1"
						AnimationPriority="1"
						FadeBeginFrame="-1"
						FadeEndFrame="-1"
						AnimationMustCompleteBlend="False"
						UseWeaponTiming="False"
						FadingIn="False" />
				</AnimationState>
				<AnimationState
					ParseCondStateType="PARSE_NORMAL"
					ConditionsYes="TIBERIUM_CRYSTAL_TYPE5"
					EnteringStateFX=""
					FrameForPristineBonePositions="0"
					ShareAnimation="False"
					AllowRepeatInRandomPick="False"
					SimilarRestart="False">
					<Animation
						AnimationName="TIBCELL01"
						AnimationMode="MANUAL"
						Distance="0"
						AnimationBlendTime="0"
						AnimationSpeedFactorMin="1"
						AnimationSpeedFactorMax="1"
						WeaponTimingOrdering="PRIMARY_WEAPON"
						WeaponTimingSlotID="1"
						AnimationPriority="1"
						FadeBeginFrame="-1"
						FadeEndFrame="-1"
						AnimationMustCompleteBlend="False"
						UseWeaponTiming="False"
						FadingIn="False" />
				</AnimationState>
			</ScriptedModelDraw>
			<ScriptedModelDraw
				id="132FF3D4"
				RecoilDamping="0.4"
				MaxRecoilDistance="3"
				InitialRecoilSpeed="2"
				RecoilSettleSpeed="0.065"
				MinLODRequired="LOW"
				ProjectileBoneFeedbackEnabledSlots=""
				TrackMarks=""
				DependencySharedModelFlags=""
				HighDetailLODThreshold="0"
				LowDetailLODThreshold="0"
				WadingParticleSys=""
				AlphaCameraFadeOuterRadius="0"
				AlphaCameraFadeInnerRadius="0"
				AlphaCameraAtInnerRadius="100%"
				StaticSortLevelWhileFading="-1"
				BirthFadeTime="0"
				OkToChangeModelColor="False"
				AnimationsRequirePower="True"
				UseYAxisForTurretRotation="False"
				TrackMarksOnlyWhenCorneringQuickly="False"
				UseProducerTexture="False"
				NoRotate="False"
				UseFiringArcRotation="False"
				Selectable="True"
				RandomTextureFixedRandomIndex="False"
				ParticlesAttachedToAnimatedBones="False"
				ParticleBonesCheckDrawable="False"
				ShadowForceDisable="False"
				SwitchModelLODMode="False"
				StaticModelLODMode="False"
				ShowShadowWhileContained="False"
				UseStandardModelNames="False"
				UseDefaultAnimation="False"
				BirthFadeAdditive="False"
				ZWriteDisableOverride="False"
				MultiPlayerOnly="False"
				AffectedByStealth="True"
				InvertStealthOpacity="False"
				HighDetailOnly="False"
				SetAnimsToLastFrameOnConstructionComplete="True">
				<ModelConditionState
					ParseCondStateType="PARSE_DEFAULT"
					PortraitImage=""
					ButtonImage=""
					RetainSubObjects="False">
					<Model
						Name=""
						ExtraMesh="False" />
				</ModelConditionState>
				<ModelConditionState
					ParseCondStateType="PARSE_NORMAL"
					ConditionsYes="USER_12"
					PortraitImage=""
					ButtonImage=""
					RetainSubObjects="False">
					<Model
						Name=""
						ExtraMesh="False" />
					<ParticleSysBone
						BoneName="none"
						FXParticleSystemTemplate="GDIMARVHarvestDust"
						PersistID="0"
						FollowBone="True"
						OnlyIfOnWater="False"
						OnlyIfOnLand="False" />
					<ParticleSysBone
						BoneName="none"
						FXParticleSystemTemplate="GDIMARVHarvestShards"
						PersistID="0"
						FollowBone="True"
						OnlyIfOnWater="False"
						OnlyIfOnLand="False" />
					<ParticleSysBone
						BoneName="none"
						FXParticleSystemTemplate="GDIMARVHarvestSmoke"
						PersistID="0"
						FollowBone="True"
						OnlyIfOnWater="False"
						OnlyIfOnLand="False" />
				</ModelConditionState>
			</ScriptedModelDraw>
		</Draws>
		<Behaviors>
			<CreateObjectDie
				id="ModuleTag_NewTiberiumCrystalGreen"
				CreationList="OCL_NewTiberiumCrystalGreenInfinite"
				UpgradeForbidden="">
				<DieMuxData
					DeathTypes="ALL"/>
			</CreateObjectDie>
			<RandomModelCondition
				id="E6B33535"
				Conditions="TIBERIUM_CRYSTAL_TYPE1 TIBERIUM_CRYSTAL_TYPE2 TIBERIUM_CRYSTAL_TYPE3 TIBERIUM_CRYSTAL_TYPE4 TIBERIUM_CRYSTAL_TYPE5" />
			<TiberiumCrystal
				id="BC71C8AC"
				NumBoxes="50"
				ValuePerBox="7"
				GrowthStages="3"
				TimeBetweenGrowthStages="30s"
				GrowthTimePerStage="3s">
				<RadarColor
					B="4"
					G="254"
					R="110" />
			</TiberiumCrystal>
			<FireWeaponUpdate
				id="955F8DC3"
				ActiveWhenDisabled=""
				HeroModeTrigger="False"
				ChargingModeTrigger="False"
				AliveOnly="False">
				<FireWeaponNugget
					WeaponName="MARVTiberiumFXWeapon"
					FireDelay="0s"
					FireInterval="0.4s"
					OneShot="False" />
				<FireWeaponNugget
					WeaponName="TiberiumCrystalWeapon"
					FireDelay="3s"
					FireInterval="0s"
					OneShot="False" />
				<FireWeaponNugget
					WeaponName="TiberiumInfestationCrystalWeapon"
					FireDelay="1.25s"
					FireInterval="0s"
					OneShot="False" />
			</FireWeaponUpdate>
			<AttributeModifierPoolUpdate
				id="513BC476" />
			<DestroyDie
				id="A07A6012">
				<DieMuxData
					ExemptStatus=""
					RequiredStatus=""
					DamageAmountRequired="-1"
					MinKillerAngle="0.9999999d"
					MaxKillerAngle="-0.9999999d"
					DeathTypes="ALL"
					DeathTypesForbidden="" />
			</DestroyDie>
			<PassiveAreaEffectBehavior
				id="9C160D86"
				EffectRadius="50"
				MaxBeneficiaries="0"
				HealingPercentPerSecond="4%"
				HealingPointsPerSecond="0"
				SurveyDelayFrames="15"
				UpgradeRequired=""
				AntiCategoryMask=""
				AntiFX=""
				HealFX=""
				NonStackable="False"
				AffectAttached="False"
				AffectWoundedOnly="False"
				AffectUnderAttack="False">
				<AllowFilter
					Rule="NONE"
					Relationship=""
					Alignment="NONE"
					Include="HEALED_BY_TIBERIUM"
					Exclude=""
					StatusBitFlags=""
					RejectStatusBitFlags=""
					AcceptModelCondition=""
					RejectModelCondition="" />
			</PassiveAreaEffectBehavior>
			<FXListBehavior
				id="C74C39D8">
				<DieMuxData
					ExemptStatus=""
					RequiredStatus=""
					DamageAmountRequired="-1"
					MinKillerAngle="0.9999999d"
					MaxKillerAngle="-0.9999999d"
					DeathTypes="ALL"
					DeathTypesForbidden="EXTRA_8" />
				<Event
					Index="onDeath"
					FX="FX_TibCellDeathGreen"
					MinThreshold="0"
					MaxThreshold="0"
					Direction="Default"
					OrientToObject="True"
					ForceUseDoFXObj="False" />
			</FXListBehavior>
		</Behaviors>
		<Body>
			<ActiveBody
				id="A5C3EB8A"
				MaxHealth="5000"
				MaxHealthDamaged="0"
				MaxHealthReallyDamaged="0"
				InitialHealth="-1"
				RecoveryTime="0"
				DodgePercent="0"
				EnteringDamagedTransitionTime="0s"
				EnteringReallyDamagedTransitionTime="0s"
				GrabFX=""
				GrabDamage="200"
				HealingBuffFX=""
				DamagedAttributeModifier=""
				ReallyDamagedAttributeModifier=""
				CheerRadius="200"
				BurningDeathFX=""
				SecondChanceUpgrade=""
				SecondChanceHeal="0"
				UseDefaultDamageSettings="True"
				RemoveUpgradesOnDeath="False"
				BurningDeathBehavior="False" />
		</Body>
		<Geometry
			IsSmall="False">
			<Shape
				Type="CYLINDER"
				ContactPointGeneration="NONE"
				MajorRadius="22"
				MinorRadius="1"
				Height="18"
				FrontAngle="0d"
				Active="True"
				UsedForHealthBox="True">
				<Offset
					x="3"
					y="0"
					z="0" />
			</Shape>
		</Geometry>
		<AudioArrayVoice>
			<AudioEntry
				Sound="Asset not found in stream: [844D7B9F:669F12FA]"
				AudioType="voiceSelect" />
		</AudioArrayVoice>
		<AudioArraySound>
			<AudioEntry
				Sound="Asset not found in stream: [844D7B9F:FC8CE922]"
				AudioType="soundAmbient" />
		</AudioArraySound>
		<ShadowInfo
			Type="TIBERIUM_ROOT"
			Texture="TiberiumCrystal02Energy"
			AdditionalTexture="TiberiumCracks01"
			SizeX="80"
			SizeY="80"
			OffsetX="0"
			OffsetY="0"
			OpacityStart="0"
			OpacityFadeInTime="0s"
			OpacityPeak="1"
			OpacityFadeOutTime="0s"
			OpacityEnd="0"
			MaxHeight="20"
			SunAngle="0"
			OverrideLODVisibility="True"
			UseHouseColor="False"
			IsRotatingWithObject="True"
			LocalPlayerOnly="False" />
		<VisionInfo
			VisionRange="0"
			ShroudClearingRange="0"
			VisionSide="100%"
			VisionRear="100%"
			VisionBonusTestRadius="100"
			VisionBonusTestSegments="8"
			VisionBonusPercentPerFoot="0%"
			MaxVisionBonusPercent="50%"
			MinVisionBonusPercent="-50%" />
	</GameObject>
</AssetDeclaration>
