<?xml version="1.0" encoding="us-ascii"?>
<AssetDeclaration xmlns="uri:ea.com:eala:asset" xmlns:xsi="http://www.w3.org/2001/XMLSchema-instance" xmlns:xi="http://www.w3.org/2001/XInclude" xmlns:xai="uri:ea.com:eala:asset:instance">
	<Tags></Tags>
	<Includes>
	</Includes>

	<GameObject
		id="TiberiumCrystalInfiniteEnabler"
		Side="Neutral"
		EditorSorting="UNIT"
		CommandSet="EmptyCommandSet"
		KindOf="UNSELECTABLE IMMOBILE NO_COLLIDE IGNORE_FOR_VICTORY CANNOT_BE_DETECTED RESIST_EMP NOT_ON_RADAR"
		RadarPriority="NOT_ON_RADAR"
		EditorName="GenericCrateSpawner">
		<DisplayName>GenericCrateSpawner</DisplayName>
		<ArmorSet
			Armor="NoArmor" />
		<Draws>
		</Draws>
		<Behaviors>	
			<GrantUpgradeCreate
				id="ModuleTag_GrantUpgradeCreate" 
				UpgradeToGrant="Upgrade_TiberiumCrystalInfinite"
			/>
			<SlowDeath
				id="ModuleTag_Death"
				DestructionDelay="0s">
				<DieMuxData
					DeathTypes="ALL" />
			</SlowDeath>
			<LifetimeUpdate
				id="ModuleTag_Lifetime"
				DeathType="FADED"
				MinLifetime="0.25s"
				MaxLifetime="0.25s" />
		</Behaviors>
		<Body>
			<ActiveBody
				id="ModuleTag_Body"
				MaxHealth="999999.0" />
		</Body>
		<Geometry
			IsSmall="true">
			<Shape
				Type="CYLINDER"
				MajorRadius="1.0"
				Height="1.0"/>
		</Geometry>
		<VisionInfo
			VisionRange="0"
			ShroudClearingRange="0" />
	</GameObject>
	
</AssetDeclaration>