<?xml version="1.0" encoding="utf-8"?>
<AssetDeclaration xmlns="uri:ea.com:eala:asset" xmlns:xsi="http://www.w3.org/2001/XMLSchema-instance">
  <Tags></Tags>
  <Includes></Includes>
  <AIPersonalityDefinition
		id="5MetaTechOverlord"
		PersonalityType="5MetaTechOverlord"
    PersonalityUIName="Personality:Overlord"
    SkirmishPersonality="true" 
		SecondsTillTargetsCanExpire="15.0"
		ChanceForTargetToExpire="100"
		MaxBuildingsToBeDefensiveTarget_Small="0"
		MaxBuildingsToBeDefensiveTarget_Med="0"
		ChanceForUnitsToUpgrade="100"
		ChanceToUseAllUnitsForDefenseTarget_Small="0"
		ChanceToUseAllUnitsForDefenseTarget_Med="0"
		ChanceToUseAllUnitsForDefenseTarget_Large="0"
		DesiredExcessPowerBuffer="10"
		BaseCompactness="0.65"
    DefaultThreatFindRadius="0"
    UnitBuilderCostEffectivenessWeight="1.0"
    UnitBuilderMoneyVersusTimePreference="0.5"
    UnitBuilderOverallOffensivePreference="100%"
    UnitBuilderOverallDefensivePreference="110%"
    Expansion_TiberiumSearchRadius="1000"
    Expansion_MaxTiberiumRemaining="999999"
    ReactiveDefenseRadius="1000"
    RepairBuildingsAtDifficulty="MEDIUM HARD BRUTAL"
    EmergencyManagerHandleNoPowerAtDifficulty="MEDIUM HARD BRUTAL"
    EmergencyManagerHandleNoIncomeAtDifficulty="EASY MEDIUM HARD BRUTAL"
    EmergencyManagerHandleNoConyardAtDifficulty="EASY MEDIUM HARD BRUTAL"
    StructureSaveChanceEasy="0.0"
    StructureSaveChanceMedium="0.01"
    StructureSaveChanceHard="1.0"
		>

    <Side>MetaTech</Side>

    <BuildDelayRange MinDelay="0s" MaxDelay="60s" MinTTKRatio="0.5" MaxTTKRatio="1.5" Difficulty="EASY" />
    <BuildDelayRange MinDelay="0s" MaxDelay="30s" MinTTKRatio="0.5" MaxTTKRatio="1.5" Difficulty="MEDIUM" />

    <UnitBuilderUnitChoiceStrategy Shape="BEST" StandardDeviation="0.25" Difficulty="HARD BRUTAL" />

    <UnitBuilderUnitChoiceStrategyAdaptive 
     MinEffectiveness="0.5" MaxEffectiveness="1.0"
     MinStandardDeviation="2.0" MaxStandardDeviation="0.5"
     MinEfficiency="1.0" MaxEfficiency="2.0"
     Difficulty="EASY" 
      />

    <UnitBuilderUnitChoiceStrategyAdaptive
      MinEffectiveness="0.0" MaxEffectiveness="0.5"
      MinStandardDeviation="0.25" MaxStandardDeviation="2.0"
      MinEfficiency="0.75" MaxEfficiency="1.0"
      Difficulty="MEDIUM" 
      />

    <UnitBuilderEvaluationDelayRange
      UseAllAvailableQueues="false"
      MinDelay="180s" MaxDelay="180s"
      MinEfficiency="1.0" MaxEfficiency="1.0"
      Difficulty="EASY"
      />

    <UnitBuilderEvaluationDelayRange
      UseAllAvailableQueues="true"
      MinDelay="10s" MaxDelay="60s"
      MinEfficiency="0.75" MaxEfficiency="1.0"
      Difficulty="MEDIUM"
      />

    <ResourceMultiplierCheat Percentage="200%" Difficulty="BRUTAL"/>

    <TacticalTarget TacticalAITarget="PrimaryTarget" MaxTeamsPerTarget="1"/>
    <TacticalTarget TacticalAITarget="PrimaryTarget" MaxTeamsPerTarget="1"/>
    <TacticalTarget TacticalAITarget="PrimaryTarget" MaxTeamsPerTarget="1"/>
    <TacticalTarget TacticalAITarget="PrimaryTarget" MaxTeamsPerTarget="1"/>
    
    <TacticalTarget TacticalAITarget="SpecialDefense" MaxTeamsPerTarget="1"/>
    <TacticalTarget TacticalAITarget="SpecialDefense" MaxTeamsPerTarget="1"/>
    <TacticalTarget TacticalAITarget="ExpansionDefense" MaxTeamsPerTarget="1"/>

    <TacticalTarget TacticalAITarget="CaptureTech" MaxTeamsPerTarget="1"/>
    <TacticalTarget TacticalAITarget="CaptureTech" MaxTeamsPerTarget="1"/>
    <TacticalTarget TacticalAITarget="Superweapon" MaxTeamsPerTarget="1"/>
    <TacticalTarget TacticalAITarget="Expansion" MaxTeamsPerTarget="1"  UpdateTime="10s"/>
    <TacticalTarget TacticalAITarget="Bridge" MaxTeamsPerTarget="1"/>
    <TacticalTarget TacticalAITarget="Isolation" MaxTeamsPerTarget="1"/>
    <TacticalTarget TacticalAITarget="Isolation" MaxTeamsPerTarget="1"/>
    <TacticalTarget TacticalAITarget="Beacon" MaxTeamsPerTarget="1"/>
    <TacticalTarget TacticalAITarget="Crate" MaxTeamsPerTarget="1"/>
    <TacticalTarget TacticalAITarget="Husk" MaxTeamsPerTarget="1"/>
    <TacticalTarget TacticalAITarget="Husk" MaxTeamsPerTarget="1"/>

    <OpeningMove Name="MetaTech_EASY" Weight="100%" Difficulty="EASY"/>
    
    <OpeningMove Name="MetaTechStandard" Weight="30%" Difficulty="MEDIUM HARD"/>
    <OpeningMove Name="MetaTechStandard2" Weight="30%" Difficulty="MEDIUM HARD"/>
    <OpeningMove Name="MetaTechStandardCrane" Weight="30%" Difficulty="MEDIUM HARD"/>
    <OpeningMove Name="MetaTechZoneTrooperRush" Weight="10%" Difficulty="MEDIUM HARD"/>

    <OpeningMove Name="MetaTechBrutalCrane" Weight="90%" Difficulty="BRUTAL"/>
    <OpeningMove Name="MetaTechZoneTrooperRush" Weight="10%" Difficulty="BRUTAL"/>

    <States State="MetaTechOverrunEarly" Difficulty="EASY MEDIUM HARD BRUTAL" />
    <States State="MetaTechOverrunMiddle" Difficulty="EASY MEDIUM HARD BRUTAL" />
    <States State="MetaTechOverrunLate" Difficulty="EASY MEDIUM HARD BRUTAL" />
    <States State="Overlord_EASY" Difficulty="EASY" />

    <States State="MetaTechReactiveDefense" Difficulty="EASY MEDIUM HARD BRUTAL"/>
    <States State="MetaTechEngineerDefense" Difficulty="HARD BRUTAL"/>
    <States State="MetaTechCommandoDefense" Difficulty="HARD BRUTAL"/>
    <States State="ExpansionDefense" Difficulty="EASY MEDIUM HARD BRUTAL"/>

    <States State="MetaTechOverlordExpansion" Difficulty="MEDIUM HARD BRUTAL"/>
    <States State="MetaTechCaptureTech" Difficulty="MEDIUM HARD BRUTAL"/>
    <States State="MetaTechSuperweapon" Difficulty="MEDIUM HARD BRUTAL"/>
    <States State="MetaTechBridgeRepair" Difficulty="EASY MEDIUM HARD BRUTAL"/>
    <States State="MetaTechIsolation" Difficulty="EASY MEDIUM HARD BRUTAL"/>
    <States State="MetaTechHuskCapture" Difficulty="MEDIUM HARD BRUTAL"/>
    <States State="BeaconHelp" Difficulty="EASY MEDIUM HARD BRUTAL"/>
    <States State="CratePickup" Difficulty="HARD BRUTAL"/>

    <States State="MetaTechUnitPreferences" Difficulty="MEDIUM HARD BRUTAL"/>

    <BudgetStates State="OpeningMoveBudget" Difficulty="EASY MEDIUM HARD BRUTAL"/>
    <BudgetStates State="OffensiveEarlyGameBudget" Difficulty="EASY MEDIUM HARD BRUTAL"/>
    <BudgetStates State="OffensiveMidGameBudget" Difficulty="EASY MEDIUM HARD BRUTAL"/>
    <BudgetStates State="OffensiveLateGameBudget" Difficulty="EASY MEDIUM HARD BRUTAL"/>

    <BudgetStates State="FullInvestmentBudget" Difficulty="HARD BRUTAL"/>
    <BudgetStates State="FullInvestmentBudget_EASY_WINNING" Difficulty="EASY"/>
    <BudgetStates State="FullInvestmentBudget_MEDIUM_WINNING" Difficulty="MEDIUM"/>
    <BudgetStates State="FullInvestmentBudget_MEDIUM_LOSING" Difficulty="MEDIUM"/>
    <BudgetStates State="InvestmentFinishBudget" Difficulty="EASY MEDIUM HARD BRUTAL"/>

    <BudgetStates State="MetaTechOverlordTechByTimeBudget" Difficulty="HARD BRUTAL"/>
    <BudgetStates State="MetaTechOverlordTechByTimeBudget_EASY" Difficulty="EASY"/>
    <BudgetStates State="MetaTechOverlordTechByTimeBudget_MEDIUM" Difficulty="MEDIUM"/>
    <BudgetStates State="TechByMoneyBudget" Difficulty="MEDIUM HARD BRUTAL"/>
    <BudgetStates State="TechByNeedAntiGarrisonBudget" Difficulty="MEDIUM HARD BRUTAL"/>
    <BudgetStates State="TechByNeedSiegeBudget" Difficulty="MEDIUM HARD BRUTAL"/>
    <BudgetStates State="TechFinishBudget" Difficulty="EASY MEDIUM HARD BRUTAL"/>

  </AIPersonalityDefinition>
</AssetDeclaration>
