<?xml version="1.0" encoding="utf-8"?>
<AssetDeclaration xmlns="uri:ea.com:eala:asset">

	<WeaponTemplate
		id="GuardShieldWeapon"
		Name="GuardShieldWeapon"
		RadiusDamageAffects="ENEMIES NEUTRAL"
		AttackRange="360.0" 
		AntiMask="ANTI_GROUND ANTI_AIRBORNE_INFANTRY ANTI_AIRBORNE_VEHICLE ANTI_PROJECTILE ANTI_MINE ANTI_SMALL_MISSILE">
		<Nuggets>
			<DamageNugget
				Damage="999999.0"
				Radius="365.0"
				DelayTimeSeconds="0s"
				DamageType="CANNON"
				DeathType="LASERED">
				<SpecialObjectFilter
					Rule="ALL"
					Relationship="NEUTRALS ENEMIES"
                    Exclude="STRUCTURE TIBERIUM_FIELD TIBERIUM">
					<ExcludeThing>TiberiumFieldSeeded</ExcludeThing>
					<ExcludeThing>ShieldRemoveHelper</ExcludeThing>
					<ExcludeThing>GuardShield</ExcludeThing>
					<ExcludeThing>ShieldRemover</ExcludeThing>			
					<ExcludeThing>MetaControlDummyActivator</ExcludeThing>	
					<ExcludeThing>MetaControlDummyGlobalDeactivator</ExcludeThing>	
					<ExcludeThing>MetaControlDummyDeActivator</ExcludeThing>	
					<ExcludeThing>MetaControlDummyDeactivateActivator</ExcludeThing>	
					<ExcludeThing>MetaControlDummyDeactivatorDummyEnemyAIOFFActivator</ExcludeThing>	
					<ExcludeThing>MetaControlDummyDeactivatorDummyEnemyAIOFF</ExcludeThing>	
					<ExcludeThing>MetaControlDummyDeactivatorDummyEveryAIOFFActivator</ExcludeThing>	
					<ExcludeThing>MetaControlDummyDeactivatorDummyEveryAIOFF</ExcludeThing>	
					<ExcludeThing>MetaControlDummyDeactivatorMapRevealer</ExcludeThing>	
					<ExcludeThing>MetaControlDummyDeactivatorMapRevealerActivator</ExcludeThing>	
					<ExcludeThing>MetaControlDummyMain</ExcludeThing>	
					<ExcludeThing>MetaControlDummyEnemyAIOFF</ExcludeThing>	
					<ExcludeThing>MetaControlDummyEnemyAIOFFActivator</ExcludeThing>	
					<ExcludeThing>MetaControlDummyEveryAIOFF</ExcludeThing>	
					<ExcludeThing>MetaControlDummyEveryAIOFFActivator</ExcludeThing>	
					<ExcludeThing>MetaControlDummyMapRevealer</ExcludeThing>	
					<ExcludeThing>MetaControlDummyMapRevealerActivator</ExcludeThing>		
					<ExcludeThing>MetaControlDummyGameSetupMaker</ExcludeThing>	
					<ExcludeThing>MetaControlDummyMoneyCrate</ExcludeThing>	
					<ExcludeThing>MetaControlDummyMoney5k</ExcludeThing>	
					<ExcludeThing>TiberiumCrystal</ExcludeThing>	
					<ExcludeThing>TiberiumCrystalBlue</ExcludeThing>	
					<ExcludeThing>TiberiumKillerCrate</ExcludeThing>
			    </SpecialObjectFilter>
			</DamageNugget>
			<MetaImpactNugget
				ShockWaveAmount="100.0"
				ShockWaveRadius="25.0"
				ShockWaveTaperOff = "0.5"				
				CyclonicFactor="0.8" 
				FlipDirection="false"
				ShockWaveZMult="2.0"/>
			<ParalyzeNugget
				Radius="120"
				DurationSeconds="0.3s"
				ParalyzeType="USER_PARALYZE">
				<SpecialObjectFilter
					Rule="ANY"
					Include="VEHICLE HUGE_VEHICLE INFANTRY STRUCTURE AIRCRAFT MINE"
                    Exclude="STRUCTURE TIBERIUM_FIELD TIBERIUM">					
					<IncludeThing>IonStorm</IncludeThing>
					<ExcludeThing>TiberiumFieldSeeded</ExcludeThing>
					<ExcludeThing>ShieldRemoveHelper</ExcludeThing>
					<ExcludeThing>GuardShield</ExcludeThing>
					<ExcludeThing>ShieldRemover</ExcludeThing>			
					<ExcludeThing>MetaControlDummyActivator</ExcludeThing>	
					<ExcludeThing>MetaControlDummyGlobalDeactivator</ExcludeThing>	
					<ExcludeThing>MetaControlDummyDeActivator</ExcludeThing>	
					<ExcludeThing>MetaControlDummyDeactivateActivator</ExcludeThing>	
					<ExcludeThing>MetaControlDummyDeactivatorDummyEnemyAIOFFActivator</ExcludeThing>	
					<ExcludeThing>MetaControlDummyDeactivatorDummyEnemyAIOFF</ExcludeThing>	
					<ExcludeThing>MetaControlDummyDeactivatorDummyEveryAIOFFActivator</ExcludeThing>	
					<ExcludeThing>MetaControlDummyDeactivatorDummyEveryAIOFF</ExcludeThing>	
					<ExcludeThing>MetaControlDummyDeactivatorMapRevealer</ExcludeThing>	
					<ExcludeThing>MetaControlDummyDeactivatorMapRevealerActivator</ExcludeThing>	
					<ExcludeThing>MetaControlDummyMain</ExcludeThing>	
					<ExcludeThing>MetaControlDummyEnemyAIOFF</ExcludeThing>	
					<ExcludeThing>MetaControlDummyEnemyAIOFFActivator</ExcludeThing>	
					<ExcludeThing>MetaControlDummyEveryAIOFF</ExcludeThing>	
					<ExcludeThing>MetaControlDummyEveryAIOFFActivator</ExcludeThing>	
					<ExcludeThing>MetaControlDummyMapRevealer</ExcludeThing>	
					<ExcludeThing>MetaControlDummyMapRevealerActivator</ExcludeThing>		
					<ExcludeThing>MetaControlDummyGameSetupMaker</ExcludeThing>	
					<ExcludeThing>MetaControlDummyMoneyCrate</ExcludeThing>	
					<ExcludeThing>MetaControlDummyMoney5k</ExcludeThing>	
					<ExcludeThing>TiberiumCrystal</ExcludeThing>	
					<ExcludeThing>TiberiumCrystalBlue</ExcludeThing>	
					<ExcludeThing>TiberiumKillerCrate</ExcludeThing>
				</SpecialObjectFilter>
			</ParalyzeNugget>
			<AttributeModifierNugget
				Radius="120"
				PartitionFilterTestType="SPHERE"
				AttributeModifierName="AttributeModifier_GuardShieldWeapon">
				<SpecialObjectFilter
					Rule="ANY"
					Include="VEHICLE HUGE_VEHICLE INFANTRY STRUCTURE AIRCRAFT"
                    Exclude="STRUCTURE TIBERIUM_FIELD TIBERIUM">
					<IncludeThing>IonStorm</IncludeThing>
					<ExcludeThing>TiberiumFieldSeeded</ExcludeThing>
					<ExcludeThing>ShieldRemoveHelper</ExcludeThing>
					<ExcludeThing>GuardShield</ExcludeThing>
					<ExcludeThing>ShieldRemover</ExcludeThing>			
					<ExcludeThing>MetaControlDummyActivator</ExcludeThing>	
					<ExcludeThing>MetaControlDummyGlobalDeactivator</ExcludeThing>	
					<ExcludeThing>MetaControlDummyDeActivator</ExcludeThing>	
					<ExcludeThing>MetaControlDummyDeactivateActivator</ExcludeThing>	
					<ExcludeThing>MetaControlDummyDeactivatorDummyEnemyAIOFFActivator</ExcludeThing>	
					<ExcludeThing>MetaControlDummyDeactivatorDummyEnemyAIOFF</ExcludeThing>	
					<ExcludeThing>MetaControlDummyDeactivatorDummyEveryAIOFFActivator</ExcludeThing>	
					<ExcludeThing>MetaControlDummyDeactivatorDummyEveryAIOFF</ExcludeThing>	
					<ExcludeThing>MetaControlDummyDeactivatorMapRevealer</ExcludeThing>	
					<ExcludeThing>MetaControlDummyDeactivatorMapRevealerActivator</ExcludeThing>	
					<ExcludeThing>MetaControlDummyMain</ExcludeThing>	
					<ExcludeThing>MetaControlDummyEnemyAIOFF</ExcludeThing>	
					<ExcludeThing>MetaControlDummyEnemyAIOFFActivator</ExcludeThing>	
					<ExcludeThing>MetaControlDummyEveryAIOFF</ExcludeThing>	
					<ExcludeThing>MetaControlDummyEveryAIOFFActivator</ExcludeThing>	
					<ExcludeThing>MetaControlDummyMapRevealer</ExcludeThing>	
					<ExcludeThing>MetaControlDummyMapRevealerActivator</ExcludeThing>		
					<ExcludeThing>MetaControlDummyGameSetupMaker</ExcludeThing>	
					<ExcludeThing>MetaControlDummyMoneyCrate</ExcludeThing>	
					<ExcludeThing>MetaControlDummyMoney5k</ExcludeThing>	
					<ExcludeThing>TiberiumCrystal</ExcludeThing>	
					<ExcludeThing>TiberiumCrystalBlue</ExcludeThing>	
					<ExcludeThing>TiberiumKillerCrate</ExcludeThing>
				</SpecialObjectFilter>
			</AttributeModifierNugget>	
			<AttributeModifierNugget
				Radius="360"
				PartitionFilterTestType="SPHERE"
				AttributeModifierName="AttributeModifier_GuardShieldAntiDamage">
				<SpecialObjectFilter
					Rule="ANY"
					Include="VEHICLE HUGE_VEHICLE INFANTRY STRUCTURE AIRCRAFT"
                    Exclude="STRUCTURE TIBERIUM_FIELD TIBERIUM">				
					<IncludeThing>IonStorm</IncludeThing>
					<ExcludeThing>TiberiumFieldSeeded</ExcludeThing>
					<ExcludeThing>ShieldRemoveHelper</ExcludeThing>
					<ExcludeThing>GuardShield</ExcludeThing>
					<ExcludeThing>ShieldRemover</ExcludeThing>			
					<ExcludeThing>MetaControlDummyActivator</ExcludeThing>	
					<ExcludeThing>MetaControlDummyGlobalDeactivator</ExcludeThing>	
					<ExcludeThing>MetaControlDummyDeActivator</ExcludeThing>	
					<ExcludeThing>MetaControlDummyDeactivateActivator</ExcludeThing>	
					<ExcludeThing>MetaControlDummyDeactivatorDummyEnemyAIOFFActivator</ExcludeThing>	
					<ExcludeThing>MetaControlDummyDeactivatorDummyEnemyAIOFF</ExcludeThing>	
					<ExcludeThing>MetaControlDummyDeactivatorDummyEveryAIOFFActivator</ExcludeThing>	
					<ExcludeThing>MetaControlDummyDeactivatorDummyEveryAIOFF</ExcludeThing>	
					<ExcludeThing>MetaControlDummyDeactivatorMapRevealer</ExcludeThing>	
					<ExcludeThing>MetaControlDummyDeactivatorMapRevealerActivator</ExcludeThing>	
					<ExcludeThing>MetaControlDummyMain</ExcludeThing>	
					<ExcludeThing>MetaControlDummyEnemyAIOFF</ExcludeThing>	
					<ExcludeThing>MetaControlDummyEnemyAIOFFActivator</ExcludeThing>	
					<ExcludeThing>MetaControlDummyEveryAIOFF</ExcludeThing>	
					<ExcludeThing>MetaControlDummyEveryAIOFFActivator</ExcludeThing>	
					<ExcludeThing>MetaControlDummyMapRevealer</ExcludeThing>	
					<ExcludeThing>MetaControlDummyMapRevealerActivator</ExcludeThing>		
					<ExcludeThing>MetaControlDummyGameSetupMaker</ExcludeThing>	
					<ExcludeThing>MetaControlDummyMoneyCrate</ExcludeThing>	
					<ExcludeThing>MetaControlDummyMoney5k</ExcludeThing>		
					<ExcludeThing>TiberiumCrystal</ExcludeThing>	
					<ExcludeThing>TiberiumCrystalBlue</ExcludeThing>	
					<ExcludeThing>TiberiumKillerCrate</ExcludeThing>						
				</SpecialObjectFilter>
			</AttributeModifierNugget>	
		</Nuggets>
	</WeaponTemplate>
	
	<WeaponTemplate
		id="GuardShieldProtectorWeapon"
		Name="GuardShieldProtectorWeapon"
		RadiusDamageAffects="ALLIES"
		AttackRange="360.0" 
		>
		<Nuggets>
			<AttributeModifierNugget
				Radius="360"
				PartitionFilterTestType="SPHERE"
				AttributeModifierName="AttributeModifier_GuardShield">
				<SpecialObjectFilter
					Rule="ANY"
					Relationship="ALLIES"
					Include="VEHICLE HUGE_VEHICLE INFANTRY AIRCRAFT STRUCTURE CRANE">
					<IncludeThing>GuardShieldEmitter</IncludeThing>
					<ExcludeThing>TiberiumFieldSeeded</ExcludeThing>
					<ExcludeThing>ShieldRemoveHelper</ExcludeThing>
					<ExcludeThing>GuardShield</ExcludeThing>
					<ExcludeThing>ShieldRemover</ExcludeThing>			
					<ExcludeThing>MetaControlDummyActivator</ExcludeThing>	
					<ExcludeThing>MetaControlDummyGlobalDeactivator</ExcludeThing>	
					<ExcludeThing>MetaControlDummyDeActivator</ExcludeThing>	
					<ExcludeThing>MetaControlDummyDeactivateActivator</ExcludeThing>	
					<ExcludeThing>MetaControlDummyDeactivatorDummyEnemyAIOFFActivator</ExcludeThing>	
					<ExcludeThing>MetaControlDummyDeactivatorDummyEnemyAIOFF</ExcludeThing>	
					<ExcludeThing>MetaControlDummyDeactivatorDummyEveryAIOFFActivator</ExcludeThing>	
					<ExcludeThing>MetaControlDummyDeactivatorDummyEveryAIOFF</ExcludeThing>	
					<ExcludeThing>MetaControlDummyDeactivatorMapRevealer</ExcludeThing>	
					<ExcludeThing>MetaControlDummyDeactivatorMapRevealerActivator</ExcludeThing>	
					<ExcludeThing>MetaControlDummyMain</ExcludeThing>	
					<ExcludeThing>MetaControlDummyEnemyAIOFF</ExcludeThing>	
					<ExcludeThing>MetaControlDummyEnemyAIOFFActivator</ExcludeThing>	
					<ExcludeThing>MetaControlDummyEveryAIOFF</ExcludeThing>	
					<ExcludeThing>MetaControlDummyEveryAIOFFActivator</ExcludeThing>	
					<ExcludeThing>MetaControlDummyMapRevealer</ExcludeThing>	
					<ExcludeThing>MetaControlDummyMapRevealerActivator</ExcludeThing>		
					<ExcludeThing>MetaControlDummyGameSetupMaker</ExcludeThing>	
					<ExcludeThing>MetaControlDummyMoneyCrate</ExcludeThing>	
					<ExcludeThing>MetaControlDummyMoney5k</ExcludeThing>	
					<ExcludeThing>TiberiumCrystal</ExcludeThing>	
					<ExcludeThing>TiberiumCrystalBlue</ExcludeThing>	
					<ExcludeThing>TiberiumKillerCrate</ExcludeThing>				
				</SpecialObjectFilter>
			</AttributeModifierNugget>		
			<AttributeModifierNugget
				Radius="360"
				PartitionFilterTestType="SPHERE"
				AttributeModifierName="AttributeModifier_GuardShieldMakeUnattackable">
				<SpecialObjectFilter
					Rule="ANY"
					Relationship="ALLIES"
					Include="VEHICLE HUGE_VEHICLE INFANTRY AIRCRAFT">
					<ExcludeThing>TiberiumFieldSeeded</ExcludeThing>
					<ExcludeThing>ShieldRemoveHelper</ExcludeThing>
					<ExcludeThing>GuardShield</ExcludeThing>
					<ExcludeThing>ShieldRemover</ExcludeThing>			
					<ExcludeThing>MetaControlDummyActivator</ExcludeThing>	
					<ExcludeThing>MetaControlDummyGlobalDeactivator</ExcludeThing>	
					<ExcludeThing>MetaControlDummyDeActivator</ExcludeThing>	
					<ExcludeThing>MetaControlDummyDeactivateActivator</ExcludeThing>	
					<ExcludeThing>MetaControlDummyDeactivatorDummyEnemyAIOFFActivator</ExcludeThing>	
					<ExcludeThing>MetaControlDummyDeactivatorDummyEnemyAIOFF</ExcludeThing>	
					<ExcludeThing>MetaControlDummyDeactivatorDummyEveryAIOFFActivator</ExcludeThing>	
					<ExcludeThing>MetaControlDummyDeactivatorDummyEveryAIOFF</ExcludeThing>	
					<ExcludeThing>MetaControlDummyDeactivatorMapRevealer</ExcludeThing>	
					<ExcludeThing>MetaControlDummyDeactivatorMapRevealerActivator</ExcludeThing>	
					<ExcludeThing>MetaControlDummyMain</ExcludeThing>	
					<ExcludeThing>MetaControlDummyEnemyAIOFF</ExcludeThing>	
					<ExcludeThing>MetaControlDummyEnemyAIOFFActivator</ExcludeThing>	
					<ExcludeThing>MetaControlDummyEveryAIOFF</ExcludeThing>	
					<ExcludeThing>MetaControlDummyEveryAIOFFActivator</ExcludeThing>	
					<ExcludeThing>MetaControlDummyMapRevealer</ExcludeThing>	
					<ExcludeThing>MetaControlDummyMapRevealerActivator</ExcludeThing>		
					<ExcludeThing>MetaControlDummyGameSetupMaker</ExcludeThing>	
					<ExcludeThing>MetaControlDummyMoneyCrate</ExcludeThing>	
					<ExcludeThing>MetaControlDummyMoney5k</ExcludeThing>	
					<ExcludeThing>TiberiumCrystal</ExcludeThing>	
					<ExcludeThing>TiberiumCrystalBlue</ExcludeThing>	
					<ExcludeThing>TiberiumKillerCrate</ExcludeThing>							
				</SpecialObjectFilter>
			</AttributeModifierNugget>				
			<DamageNugget 
				Damage="150.0" 
				Radius="360.0" 
				DamageType="HEALING">
			    <SpecialObjectFilter 
				Rule="ANY" 
				Relationship="ALLIES"
				Include="VEHICLE HUGE_VEHICLE INFANTRY AIRCRAFT">
				<IncludeThing>GuardShieldEmitter</IncludeThing>
					<ExcludeThing>TiberiumFieldSeeded</ExcludeThing>
					<ExcludeThing>ShieldRemoveHelper</ExcludeThing>
					<ExcludeThing>GuardShield</ExcludeThing>
					<ExcludeThing>ShieldRemover</ExcludeThing>			
					<ExcludeThing>MetaControlDummyActivator</ExcludeThing>	
					<ExcludeThing>MetaControlDummyGlobalDeactivator</ExcludeThing>	
					<ExcludeThing>MetaControlDummyDeActivator</ExcludeThing>	
					<ExcludeThing>MetaControlDummyDeactivateActivator</ExcludeThing>	
					<ExcludeThing>MetaControlDummyDeactivatorDummyEnemyAIOFFActivator</ExcludeThing>	
					<ExcludeThing>MetaControlDummyDeactivatorDummyEnemyAIOFF</ExcludeThing>	
					<ExcludeThing>MetaControlDummyDeactivatorDummyEveryAIOFFActivator</ExcludeThing>	
					<ExcludeThing>MetaControlDummyDeactivatorDummyEveryAIOFF</ExcludeThing>	
					<ExcludeThing>MetaControlDummyDeactivatorMapRevealer</ExcludeThing>	
					<ExcludeThing>MetaControlDummyDeactivatorMapRevealerActivator</ExcludeThing>	
					<ExcludeThing>MetaControlDummyMain</ExcludeThing>	
					<ExcludeThing>MetaControlDummyEnemyAIOFF</ExcludeThing>	
					<ExcludeThing>MetaControlDummyEnemyAIOFFActivator</ExcludeThing>	
					<ExcludeThing>MetaControlDummyEveryAIOFF</ExcludeThing>	
					<ExcludeThing>MetaControlDummyEveryAIOFFActivator</ExcludeThing>	
					<ExcludeThing>MetaControlDummyMapRevealer</ExcludeThing>	
					<ExcludeThing>MetaControlDummyMapRevealerActivator</ExcludeThing>		
					<ExcludeThing>MetaControlDummyGameSetupMaker</ExcludeThing>	
					<ExcludeThing>MetaControlDummyMoneyCrate</ExcludeThing>	
					<ExcludeThing>MetaControlDummyMoney5k</ExcludeThing>	
					<ExcludeThing>TiberiumCrystal</ExcludeThing>	
					<ExcludeThing>TiberiumCrystalBlue</ExcludeThing>	
					<ExcludeThing>TiberiumKillerCrate</ExcludeThing>			
				</SpecialObjectFilter>
			</DamageNugget>	
            <TintObjectsNugget
				Radius="345" 
				PreColorTime="0s"
				SustainedColorTime="0.2s"
				PostColorTime="0s"
				Frequency="0"
				Amplitude="0">
				<Color R="0.0" G="0.0" B="0.5"/>
			    <SpecialObjectFilter 
				Rule="ANY" 
				Relationship="ALLIES"
				Include="VEHICLE HUGE_VEHICLE INFANTRY AIRCRAFT">
				<IncludeThing>GuardShieldEmitter</IncludeThing>
					<ExcludeThing>TiberiumFieldSeeded</ExcludeThing>
					<ExcludeThing>ShieldRemoveHelper</ExcludeThing>
					<ExcludeThing>GuardShield</ExcludeThing>
					<ExcludeThing>ShieldRemover</ExcludeThing>			
					<ExcludeThing>MetaControlDummyActivator</ExcludeThing>	
					<ExcludeThing>MetaControlDummyGlobalDeactivator</ExcludeThing>	
					<ExcludeThing>MetaControlDummyDeActivator</ExcludeThing>	
					<ExcludeThing>MetaControlDummyDeactivateActivator</ExcludeThing>	
					<ExcludeThing>MetaControlDummyDeactivatorDummyEnemyAIOFFActivator</ExcludeThing>	
					<ExcludeThing>MetaControlDummyDeactivatorDummyEnemyAIOFF</ExcludeThing>	
					<ExcludeThing>MetaControlDummyDeactivatorDummyEveryAIOFFActivator</ExcludeThing>	
					<ExcludeThing>MetaControlDummyDeactivatorDummyEveryAIOFF</ExcludeThing>	
					<ExcludeThing>MetaControlDummyDeactivatorMapRevealer</ExcludeThing>	
					<ExcludeThing>MetaControlDummyDeactivatorMapRevealerActivator</ExcludeThing>	
					<ExcludeThing>MetaControlDummyMain</ExcludeThing>	
					<ExcludeThing>MetaControlDummyEnemyAIOFF</ExcludeThing>	
					<ExcludeThing>MetaControlDummyEnemyAIOFFActivator</ExcludeThing>	
					<ExcludeThing>MetaControlDummyEveryAIOFF</ExcludeThing>	
					<ExcludeThing>MetaControlDummyEveryAIOFFActivator</ExcludeThing>	
					<ExcludeThing>MetaControlDummyMapRevealer</ExcludeThing>	
					<ExcludeThing>MetaControlDummyMapRevealerActivator</ExcludeThing>		
					<ExcludeThing>MetaControlDummyGameSetupMaker</ExcludeThing>	
					<ExcludeThing>MetaControlDummyMoneyCrate</ExcludeThing>	
					<ExcludeThing>MetaControlDummyMoney5k</ExcludeThing>	
					<ExcludeThing>TiberiumCrystal</ExcludeThing>	
					<ExcludeThing>TiberiumCrystalBlue</ExcludeThing>	
					<ExcludeThing>TiberiumKillerCrate</ExcludeThing>		
				</SpecialObjectFilter>
			</TintObjectsNugget>			
		</Nuggets>
	</WeaponTemplate>
	
	<WeaponTemplate
		id="GuardShieldDisadvantageWeapon"
		Name="GuardShieldDisadvantageWeapon"
		RadiusDamageAffects="ALLIES"
		AttackRange="500.0" 
		>
		<Nuggets>
			<AttributeModifierNugget
				Radius="15000"
				PartitionFilterTestType="SPHERE"
				AttributeModifierName="AttributeModifier_GuardShieldDisadvantage">
				<SpecialObjectFilter
					Rule="NONE"
					Relationship="SAME_PLAYER"
					Include="STRUCTURE"
				    Exclude="FS_POWER">
					<ExcludeThing>GuardShieldEmitter</ExcludeThing>
					<ExcludeThing>TiberiumFieldSeeded</ExcludeThing>
					<ExcludeThing>ShieldRemoveHelper</ExcludeThing>
					<ExcludeThing>GuardShield</ExcludeThing>
					<ExcludeThing>ShieldRemover</ExcludeThing>			
					<ExcludeThing>MetaControlDummyActivator</ExcludeThing>	
					<ExcludeThing>MetaControlDummyGlobalDeactivator</ExcludeThing>	
					<ExcludeThing>MetaControlDummyDeActivator</ExcludeThing>	
					<ExcludeThing>MetaControlDummyDeactivateActivator</ExcludeThing>	
					<ExcludeThing>MetaControlDummyDeactivatorDummyEnemyAIOFFActivator</ExcludeThing>	
					<ExcludeThing>MetaControlDummyDeactivatorDummyEnemyAIOFF</ExcludeThing>	
					<ExcludeThing>MetaControlDummyDeactivatorDummyEveryAIOFFActivator</ExcludeThing>	
					<ExcludeThing>MetaControlDummyDeactivatorDummyEveryAIOFF</ExcludeThing>	
					<ExcludeThing>MetaControlDummyDeactivatorMapRevealer</ExcludeThing>	
					<ExcludeThing>MetaControlDummyDeactivatorMapRevealerActivator</ExcludeThing>	
					<ExcludeThing>MetaControlDummyMain</ExcludeThing>	
					<ExcludeThing>MetaControlDummyEnemyAIOFF</ExcludeThing>	
					<ExcludeThing>MetaControlDummyEnemyAIOFFActivator</ExcludeThing>	
					<ExcludeThing>MetaControlDummyEveryAIOFF</ExcludeThing>	
					<ExcludeThing>MetaControlDummyEveryAIOFFActivator</ExcludeThing>	
					<ExcludeThing>MetaControlDummyMapRevealer</ExcludeThing>	
					<ExcludeThing>MetaControlDummyMapRevealerActivator</ExcludeThing>		
					<ExcludeThing>MetaControlDummyGameSetupMaker</ExcludeThing>	
					<ExcludeThing>MetaControlDummyMoneyCrate</ExcludeThing>	
					<ExcludeThing>MetaControlDummyMoney5k</ExcludeThing>	
					<ExcludeThing>TiberiumCrystal</ExcludeThing>	
					<ExcludeThing>TiberiumCrystalBlue</ExcludeThing>	
					<ExcludeThing>TiberiumKillerCrate</ExcludeThing>
				</SpecialObjectFilter>
			</AttributeModifierNugget>	
			<ParalyzeNugget
				Radius="15000"
				DurationSeconds="0.3s"
				ParalyzeType="USER_PARALYZE">
				<SpecialObjectFilter
					Rule="NONE"
					Relationship="SAME_PLAYER"
					Include="STRUCTURE"
				    Exclude="FS_POWER">
					<ExcludeThing>GuardShieldEmitter</ExcludeThing>
					<ExcludeThing>TiberiumFieldSeeded</ExcludeThing>
					<ExcludeThing>ShieldRemoveHelper</ExcludeThing>
					<ExcludeThing>GuardShield</ExcludeThing>
					<ExcludeThing>ShieldRemover</ExcludeThing>			
					<ExcludeThing>MetaControlDummyActivator</ExcludeThing>	
					<ExcludeThing>MetaControlDummyGlobalDeactivator</ExcludeThing>	
					<ExcludeThing>MetaControlDummyDeActivator</ExcludeThing>	
					<ExcludeThing>MetaControlDummyDeactivateActivator</ExcludeThing>	
					<ExcludeThing>MetaControlDummyDeactivatorDummyEnemyAIOFFActivator</ExcludeThing>	
					<ExcludeThing>MetaControlDummyDeactivatorDummyEnemyAIOFF</ExcludeThing>	
					<ExcludeThing>MetaControlDummyDeactivatorDummyEveryAIOFFActivator</ExcludeThing>	
					<ExcludeThing>MetaControlDummyDeactivatorDummyEveryAIOFF</ExcludeThing>	
					<ExcludeThing>MetaControlDummyDeactivatorMapRevealer</ExcludeThing>	
					<ExcludeThing>MetaControlDummyDeactivatorMapRevealerActivator</ExcludeThing>	
					<ExcludeThing>MetaControlDummyMain</ExcludeThing>	
					<ExcludeThing>MetaControlDummyEnemyAIOFF</ExcludeThing>	
					<ExcludeThing>MetaControlDummyEnemyAIOFFActivator</ExcludeThing>	
					<ExcludeThing>MetaControlDummyEveryAIOFF</ExcludeThing>	
					<ExcludeThing>MetaControlDummyEveryAIOFFActivator</ExcludeThing>	
					<ExcludeThing>MetaControlDummyMapRevealer</ExcludeThing>	
					<ExcludeThing>MetaControlDummyMapRevealerActivator</ExcludeThing>		
					<ExcludeThing>MetaControlDummyGameSetupMaker</ExcludeThing>	
					<ExcludeThing>MetaControlDummyMoneyCrate</ExcludeThing>	
					<ExcludeThing>MetaControlDummyMoney5k</ExcludeThing>	
					<ExcludeThing>TiberiumCrystal</ExcludeThing>	
					<ExcludeThing>TiberiumCrystalBlue</ExcludeThing>	
					<ExcludeThing>TiberiumKillerCrate</ExcludeThing>
				</SpecialObjectFilter>
			</ParalyzeNugget>	
			<ParalyzeNugget
				Radius="15000.0"
				DurationSeconds="0.3s"
				ParalyzeType="EMP"
				ForbiddenTargetModelCondition="">
				<SpecialObjectFilter
					Rule="NONE"
					Relationship="SAME_PLAYER"
					Include="STRUCTURE"
				    Exclude="FS_POWER">
					<ExcludeThing>GuardShieldEmitter</ExcludeThing>
					<ExcludeThing>ShieldRemoveHelper</ExcludeThing>
					<ExcludeThing>GuardShield</ExcludeThing>
					<ExcludeThing>ShieldRemover</ExcludeThing>
                    <ExcludeThing>BlackHandConstructionYard</ExcludeThing>
                    <ExcludeThing>GDIConstructionYard</ExcludeThing>
                    <ExcludeThing>MarkedOfKaneConstructionYard</ExcludeThing>
                    <ExcludeThing>NODConstructionYard</ExcludeThing>
                    <ExcludeThing>SteelTalonsConstructionYard</ExcludeThing>
                    <ExcludeThing>ZOCOMConstructionYard</ExcludeThing>
                    <ExcludeThing>AlienDronePlatform</ExcludeThing>
                    <ExcludeThing>Reaper17DronePlatform</ExcludeThing>		
                    <ExcludeThing>Traveler59DronePlatform</ExcludeThing>	
				</SpecialObjectFilter>
			</ParalyzeNugget>		
			<ParalyzeNugget
				Radius="15000.0"
				DurationSeconds="0.3s"
                ParalyzeType="USER_PARALYZE"
				ParalyzeFX="FX_EMPEE"
				ForbiddenTargetModelCondition="">
				<SpecialObjectFilter  
					Rule="NONE"
					Relationship="SAME_PLAYER"
					Include="FS_POWER">
					<IncludeThing>AlienPowerProjector</IncludeThing>
					<IncludeThing>NODPowerPlant</IncludeThing>		
                    <IncludeThing>GDIPowerPlant</IncludeThing>	
				</SpecialObjectFilter>
			</ParalyzeNugget>	
			<ParalyzeNugget
				Radius="15000.0"
				DurationSeconds="0.3s"
				ParalyzeType="EMP"
				ParalyzeFX="FX_EMPEE"
				ForbiddenTargetModelCondition="">
				<SpecialObjectFilter
					Rule="NONE"
					Relationship="SAME_PLAYER">
                    <IncludeThing>BlackHandConstructionYard</IncludeThing>
                    <IncludeThing>GDIConstructionYard</IncludeThing>
                    <IncludeThing>MarkedOfKaneConstructionYard</IncludeThing>
                    <IncludeThing>NODConstructionYard</IncludeThing>
                    <IncludeThing>SteelTalonsConstructionYard</IncludeThing>
                    <IncludeThing>ZOCOMConstructionYard</IncludeThing>
                    <IncludeThing>AlienDronePlatform</IncludeThing>
                    <IncludeThing>Reaper17DronePlatform</IncludeThing>		
                    <IncludeThing>Traveler59DronePlatform</IncludeThing>	
				</SpecialObjectFilter>
			</ParalyzeNugget>					
		</Nuggets>
	</WeaponTemplate>
	
	<AttributeModifier
		id="AttributeModifier_GuardShield"
		Category="NONE"
		ModelConditionsSet="INVULNERABLE"
		Duration="1s">
		<Modifier Type="INVULNERABLE" Value="100%"/>
		<Modifier Type="RESIST_EMP" Value="100%"/>
	</AttributeModifier>
			
	<AttributeModifier
		id="AttributeModifier_GuardShieldDisadvantage"
		Category="NONE"
		ObjectStatusToSet="NO_ATTACK CANNOT_BE_SOLD IN_STASIS"
		Duration="1s">
		<Modifier Type="RESIST_EMP" Value="0%"/>
	</AttributeModifier>
	
	<AttributeModifier
		id="AttributeModifier_GuardShieldMakeUnattackable"
		Category="NONE"
		ObjectStatusToSet="UNATTACKABLE"
		Duration="1s">
	</AttributeModifier>
	
	<AttributeModifier
		id="AttributeModifier_GuardShieldWeapon"
		Category="NONE"
		ObjectStatusToSet="NO_ATTACK IN_STASIS"
		Duration="1s">
		<Modifier Type="DAMAGE_MULT" Value="0%"/>
		<Modifier Type="SPEED" Value="0%"/>
		<Modifier Type="RESIST_EMP" Value="0%"/>
	</AttributeModifier>
	
	<AttributeModifier
		id="AttributeModifier_GuardShieldAntiDamage"
		Category="NONE"
		ObjectStatusToSet=""
		Duration="1s">
		<Modifier Type="DAMAGE_MULT" Value="0%"/>
	</AttributeModifier>
		
	<WeaponTemplate
		id="ShieldRemoverWeapon"
		Name="ShieldRemoverWeapon"
		RadiusDamageAffects="ALLIES"
		AttackRange="500000.0" 
		WeaponSpeed="9999" 
		>
		<Nuggets>			
			<DamageNugget
				Damage="9999999.0"
				Radius="15000.0"
				DelayTimeSeconds="0s"
				DamageType="CANNON"
				DeathType="NORMAL">
                <SpecialObjectFilter Rule="NONE" Relationship="SAME_PLAYER">
					<IncludeThing>ShieldRemoveHelper</IncludeThing>
					<IncludeThing>GuardShield</IncludeThing>						
				</SpecialObjectFilter>
			</DamageNugget>
		</Nuggets>
	</WeaponTemplate>
	
	<WeaponTemplate
		id="ShieldRemoveHelperWeapon"
		Name="ShieldRemoveHelperWeapon"
		RadiusDamageAffects="ALLIES"
		AttackRange="500000.0" 
		WeaponSpeed="3000" 
		MinWeaponSpeed="3000" 
		MaxWeaponSpeed="3500"
		>
		<Nuggets>			
			<DamageNugget
				Damage="9999999.0"
				Radius="15000.0"
				DelayTimeSeconds="0s"
				DamageType="CANNON"
				DeathType="EXTRA_7"
				OnlyKillOwnerWhenTriggered="false"
				ProjectileSelf="false">
                <SpecialObjectFilter Rule="NONE" Relationship="SAME_PLAYER">
					<IncludeThing>ShieldRemoveHelper</IncludeThing>	
				</SpecialObjectFilter>
			</DamageNugget>
		</Nuggets>
	</WeaponTemplate>
			
	<WeaponTemplate
		id="GuardShieldAIModusWeaon2"
		Name="GuardShieldAIModusWeaon2"
		RadiusDamageAffects="ALLIES"
		AttackRange="360.0" 
		ClipSize="1"
		AutoReloadsClip="AUTO"
		ReAcquireDetailType="PER_SHOT"
		ShotsPerBarrel="1">
		<FiringDuration
				MinSeconds="0.1s"
				MaxSeconds="0.1s" />
		<ClipReloadTime
				MinSeconds="2s"
				MaxSeconds="2s" />
		<Nuggets>
			<AttributeModifierNugget
				Radius="360"
				PartitionFilterTestType="SPHERE"
				AttributeModifierName="AttributeModifier_GuardShieldAIModus">
				<SpecialObjectFilter
					Rule="NONE"
					Relationship="SAME_PLAYER">
					<IncludeThing>GuardShieldEmitter</IncludeThing>			
				</SpecialObjectFilter>
			</AttributeModifierNugget>	
			
			<AttributeModifierNugget
					  PartitionFilterTestType="SPHERE"
					  AttributeModifierOwnerName="AttributeModifier_GuardShieldAIModus" />			
		</Nuggets>
	</WeaponTemplate>
	
	<AttributeModifier
		id="AttributeModifier_GuardShieldAIModus"
		Category="NONE"
		ObjectStatusToSet="RIDER2"
		ModelConditionsSet="USER_5"
		Duration="1s">
	</AttributeModifier>
	
	<WeaponTemplate
		id="GuardShieldAIModusWeaon"
		Name="GuardShieldAIModusWeaon"
		RadiusDamageAffects="ALLIES"
		AttackRange="500000.0" 
		>
		<Nuggets>
			<AttributeModifierNugget
				Radius="500000"
				PartitionFilterTestType="SPHERE"
				AttributeModifierName="AttributeModifier_GuardShieldAIModus">
				<SpecialObjectFilter
					Rule="NONE"
					Relationship="SAME_PLAYER">
					<IncludeThing>GuardShieldEmitter</IncludeThing>
				</SpecialObjectFilter>
			</AttributeModifierNugget>			
		</Nuggets>
	</WeaponTemplate>
	
	<WeaponTemplate
		id="GuardShieldAIModusDeactivatorWeapon"
		Name="GuardShieldAIModusDeactivatorWeapon"
		RadiusDamageAffects="SELF ALLIES"
		AttackRange="500000.0" 
		>
		<Nuggets>			
			<DamageNugget
				OnlyKillOwnerWhenTriggered="false"
				Damage="9999999.0"
				Radius="9999.0"
				DelayTimeSeconds="0.0s"
				DamageType="CANNON"
				DeathType="NORMAL">
                <SpecialObjectFilter Rule="NONE" Relationship="SAME_PLAYER">
				    <IncludeThing>GuardShieldAIModusActivator</IncludeThing>
				</SpecialObjectFilter>
			</DamageNugget>
		</Nuggets>
	</WeaponTemplate>
	
	<WeaponTemplate
		id="GuardShieldAIModusRefresher"
		Name="GuardShieldAIModusRefresher"
		AttackRange="10000.0" 
		WeaponSpeed="9999" 
		FiringLoopSoundContinuesDuringReload="false"
		RadiusDamageAffects="ALLIES"
		ClipSize="1"
		AutoReloadsClip="AUTO"
		ReAcquireDetailType="PER_SHOT"
		ShotsPerBarrel="1"
 		>
		<FiringDuration
				MinSeconds="0.1s"
				MaxSeconds="0.1s" />
		<ClipReloadTime
				MinSeconds="3s"
				MaxSeconds="3s" />
		<Nuggets>
			<DamageNugget 
				OnlyKillOwnerWhenTriggered="false"
				Damage="0.001" 
				Radius="10000.0" 
				DelayTimeSeconds="0.0s" 
				DamageType="GRENADE" 
				DamageFXType="NOD_GRENADE"		
				DeathType="SUICIDED" >
			    <SpecialObjectFilter 
					Rule="NONE"
					Relationship="SAME_PLAYER">
				<IncludeThing>GuardShieldEmitter</IncludeThing>		
				</SpecialObjectFilter>
			</DamageNugget>
		</Nuggets>		
	</WeaponTemplate>
	
	<WeaponTemplate
		id="GuardShieldAIModusRefresherWhenDeadLastShot"
		Name="GuardShieldAIModusRefresherWhenDeadLastShot"
		AttackRange="10000.0" 
		WeaponSpeed="9999" 
		FiringLoopSoundContinuesDuringReload="false"
		RadiusDamageAffects="ALLIES"
		ClipSize="1"
		AutoReloadsClip="AUTO"
		ReAcquireDetailType="PER_SHOT"
		ShotsPerBarrel="1"
 		>
		<FiringDuration
				MinSeconds="0.1s"
				MaxSeconds="0.1s" />
		<ClipReloadTime
				MinSeconds="3s"
				MaxSeconds="3s" />
		<Nuggets>
			<DamageNugget 
				OnlyKillOwnerWhenTriggered="false"
				Damage="0.001" 
				Radius="10000.0" 
				DelayTimeSeconds="0.0s" 
				DamageType="GRENADE" 
				DamageFXType="NOD_GRENADE"		
				DeathType="SUICIDED" >
			    <SpecialObjectFilter 
					Rule="NONE"
					Relationship="SAME_PLAYER">
				<IncludeThing>GuardShieldEmitter</IncludeThing>		
				</SpecialObjectFilter>
			</DamageNugget>
		</Nuggets>		
	</WeaponTemplate>
	
	<WeaponTemplate
		id="ForceFieldDistractionWeapon"
		Name="ForceFieldDistractionWeapon"		
		AttackRange="360.0"
		WeaponSpeed="99999.0"     
		RadiusDamageAffects="SELF ALLIES ENEMIES NEUTRALS NOT_SIMILAR"          
		FireFX="FX_EMPEE"
		FiringDuration="7000"
		DamageDealtAtSelfPosition="true" 		
		>
		<Nuggets>
			<MetaImpactNugget
				ShockWaveAmount="2000.0"
				ShockWaveRadius="360.0"
				CyclonicFactor="9.8" 
				FlipDirection="true"
				ShockWaveZMult="10.0"
				
				InvertShockWave="true"
				ShockWaveArcInverted="false"
				ShockWaveClearFlingHeight="200"
			/>
		</Nuggets>
	</WeaponTemplate>
	
	<WeaponTemplate
		id="ForceFieldAttractionWeapon"
		Name="ForceFieldAttractionWeapon"		
		IdleAfterFiringDelay="0"
		LeechRangeWeapon="true"
		AttackRange="360.0"
		WeaponSpeed="9999"     
		RadiusDamageAffects="SELF ALLIES ENEMIES NEUTRALS NOT_SIMILAR"
		DelayBetweenShots="1"              
		PreAttackDelay="100"
		PreAttackType="PER_ATTACK" 
		FireFX="FX_EMPEE"
		FiringDuration="100"
		DamageDealtAtSelfPosition="true" 		
		>
		<Nuggets>
			<MetaImpactNugget
				ShockWaveAmount="30.0"
				ShockWaveRadius="360.0"
				CyclonicFactor="0.8" 
				FlipDirection="true"
				ShockWaveZMult="2.0"
			/>
		</Nuggets>
	</WeaponTemplate>

</AssetDeclaration>