<?xml version="1.0" encoding="us-ascii"?>
<AssetDeclaration xmlns="uri:ea.com:eala:asset" xmlns:xsi="http://www.w3.org/2001/XMLSchema-instance" xmlns:xi="http://www.w3.org/2001/XInclude" xmlns:xai="uri:ea.com:eala:asset:instance">
	<Tags></Tags>
	<Includes>
	</Includes>

	<GameObject
		id="MetaControlDummyMainTabMenu"
		Side="Neutral"
		EditorSorting="UNIT"
		CommandSet="MetaControlDummyMainTabMenuCommandSet"
		KindOf="UNATTACKABLE IGNORES_SELECT_ALL NO_COLLIDE IGNORE_FOR_VICTORY CANNOT_BE_DETECTED NOT_AUTOACQUIRABLE RESIST_EMP NOT_ON_RADAR FS_FACTORY CRANE CONSTRUCTION_YARD"
		RadarPriority="NOT_ON_RADAR"
		UnitCategory="UNIT"
		EditorName="GenericCrateSpawner">
		<DisplayName>GenericCrateSpawner</DisplayName>
		<ArmorSet
			Armor="NoArmor" />
		<Draws>
		</Draws>
		<Behaviors>	
			<SlowDeath
				id="ModuleTag_Death"
				DestructionDelay="0s">
				<DieMuxData
					DeathTypes="ALL" />
			</SlowDeath>			
			<OCLSpecialPower
				id="ModuleTag_MetaControlDummyMainTabMenuSelector"
				SpecialPowerTemplate="SpecialPower_MetaControlDummyMainTabMenuSelector"
				OCL="OCL_MetaControlDummyMainTabMenuSelector"  
				CreateLocation="CREATE_AT_LOCATION" 
			/>
			<CommandSetUpgrade
				id="ModuleTag_CommandSetUpgradeNormal"
				CommandSet="MetaControlDummyMainTabMenuCommandSet">
				<TriggeredBy>Upgrade_MetaControlTabPrevCS</TriggeredBy>
			</CommandSetUpgrade>
			<CommandSetUpgrade
				id="ModuleTag_CommandSetUpgradeAdvanced"
				CommandSet="MetaControlDummyMainTabMenuCommandSetAdvanced">
				<TriggeredBy>Upgrade_MetaControlTabNextCS</TriggeredBy>
			</CommandSetUpgrade>
			<RemoveUpgradeUpgrade
				id="ModuleTag_UpgradeCommandSetNormalRemove">
				<TriggeredBy>Upgrade_MetaControlTabPrevCS</TriggeredBy>
				<UpgradeToRemove>Upgrade_MetaControlTabNextCS</UpgradeToRemove>
			</RemoveUpgradeUpgrade>			
			<RemoveUpgradeUpgrade
				id="ModuleTag_UpgradeCommandSetAdvancedRemove">
				<TriggeredBy>Upgrade_MetaControlTabNextCS</TriggeredBy>
				<UpgradeToRemove>Upgrade_MetaControlTabPrevCS</UpgradeToRemove>
			</RemoveUpgradeUpgrade>
<!-- 			<UpgradeDie
				id="ModuleTag_RemoveAllUpgrades"
				UpgradeId="Upgrade_MetaControlTabNextCS">
				<DieMuxData
					DeathTypes="ALL" />
			</UpgradeDie> -->
			<InvisibilityUpdate
				id="ModuleTag_Invisibility"
				UpdatePeriod="1s"
				Options="STARTS_ACTIVE">
			</InvisibilityUpdate>
			<ProductionUpdate
				id="ModuleTag_MainTabMenuProductionUpdate"
				MaxQueueEntries="99"
				NumDoorAnimations="1"
				DoorOpeningTime="0s"
				DoorOpeningTimeMetaUnit="0s"
				DoorWaitOpenTime="0s"
				DoorCloseTime="0s"
				ConstructionCompleteDuration="0"
				DisabledTypesToProcess=""
				UnitInvulnerableTime="0"
				SpecialPrepModelconditionTime="0"
				BonusForType=""
				SpeedBonusAudioLoop=""
				Type="AIRCRAFT"
				ProductionTimeDelayScalar="0s"
				GiveNoXP="True"
				VeteranUnitsFromVeteranFactory="False"
				SetBonusModelConditionOnSpeedBonus="False"
				SecondaryQueue="False"
				IgnorePreReqs="True" />
			<QueueProductionExitUpdate
				id="ModuleTag_MainTabMenuQueueProductionExitUpdate"
				PlacementViewAngle="0d"
				ExitDelay="0"
				InitialBurst="0"
				AllowAirborneCreation="True"
				NoExitPath="True"
				CanRallyToSlaughter="False"
				ClearAlliesFromDestination="False">
				<UnitCreatePoint
					x="0"
					y="5"
					z="0" />
				<NaturalRallyPoint
					x="0"
					y="5"
					z="0" />
			</QueueProductionExitUpdate>
		</Behaviors>
		<AI>
			<AIUpdate
				id="ModuleTag_AI"
				AutoAcquireEnemiesWhenIdle="NO"
                AILuaEventsList="MainTabMenuEvent"/>
		</AI>
		<Body>
			<ActiveBody
				id="ModuleTag_Body"
				MaxHealth="999999.0" />
		</Body>
		<Geometry
			IsSmall="true">
			<Shape
				Type="CYLINDER"
				MajorRadius="1.0"
				Height="1.0"/>
		</Geometry>
		<VisionInfo
			VisionRange="0"
			ShroudClearingRange="0" />
	</GameObject>
	
	<GameObject
		id="MetaControlDummyMainTabMenuDelayer"
		Side="Neutral"
		EditorSorting="UNIT"
		CommandSet="EmptyCommandSet"
		KindOf="UNSELECTABLE NO_COLLIDE IGNORE_FOR_VICTORY CANNOT_BE_DETECTED NOT_AUTOACQUIRABLE RESIST_EMP NOT_ON_RADAR"
		RadarPriority="NOT_ON_RADAR"
		EditorName="GenericCrateSpawner">
		<DisplayName>GenericCrateSpawner</DisplayName>
		<ArmorSet
			Armor="NoArmor" />
		<Draws>
		</Draws>
		<Behaviors>	
			<SlowDeath
				id="ModuleTag_Death"
				DestructionDelay="0s">
				<DieMuxData
					DeathTypes="ALL" />
			</SlowDeath>
			<LifetimeUpdate
				id="ModuleTag_Lifetime"
				DeathType="FADED"
				MinLifetime="0.4s"
				MaxLifetime="0.4s" />
			<InvisibilityUpdate
				id="ModuleTag_Invisibility"
				UpdatePeriod="1s"
				Options="STARTS_ACTIVE">
			</InvisibilityUpdate>
			<CreateObjectDie
				id="ModuleTag_MetaControlDummyMainTabMenu"
				CreationList="OCL_MetaControlDummyMainTabMenuDelayer"
				UpgradeForbidden="">
				<DieMuxData
					DeathTypes="FADED"/>
			</CreateObjectDie>
		</Behaviors>
		<AI>
			<AIUpdate
				id="ModuleTag_AI"
				AutoAcquireEnemiesWhenIdle="NO"
				AILuaEventsList="MainTabMenuSpawnerEvent"/>
		</AI>
		<Body>
			<ActiveBody
				id="ModuleTag_Body"
				MaxHealth="999999.0" />
		</Body>
		<Geometry
			IsSmall="true">
			<Shape
				Type="CYLINDER"
				MajorRadius="1.0"
				Height="1.0"/>
		</Geometry>
		<VisionInfo
			VisionRange="0"
			ShroudClearingRange="0" />
	</GameObject>
	
	<GameObject
		id="MetaControlDummyMainTabMenuSelector"
		Side="Neutral"
		EditorSorting="UNIT"
		CommandSet="EmptyCommandSet"
		KindOf="UNSELECTABLE NO_COLLIDE IGNORE_FOR_VICTORY CANNOT_BE_DETECTED NOT_AUTOACQUIRABLE RESIST_EMP NOT_ON_RADAR AIRCRAFT"
		RadarPriority="NOT_ON_RADAR"
		EditorName="GenericCrateSpawner">
		<LocomotorSet
			Locomotor="MetaControlDummyLocomotor"
			Condition="NORMAL"
			Speed="1" />
		<DisplayName>GenericCrateSpawner</DisplayName>
		<ArmorSet
			Armor="NoArmor" />
		<Draws>
		</Draws>
		<Behaviors>	
			<SlowDeath
				id="ModuleTag_Death"
				DestructionDelay="0s">
				<DieMuxData
					DeathTypes="ALL" />
			</SlowDeath>		
			<LifetimeUpdate
				id="ModuleTag_Lifetime"
				DeathType="FADED"
				MinLifetime="0.5s"
				MaxLifetime="0.5s" />
			<InvisibilityUpdate
				id="ModuleTag_Invisibility"
				UpdatePeriod="1s"
				Options="STARTS_ACTIVE">
			</InvisibilityUpdate>
		</Behaviors>
		<AI>
			<AIUpdate
				id="ModuleTag_AI"
				AutoAcquireEnemiesWhenIdle="NO"
                AILuaEventsList="MainTabMenuSelectEvent"/>
		</AI>
		<Body>
			<ActiveBody
				id="ModuleTag_Body"
				MaxHealth="999999.0" />
		</Body>
		<Geometry
			IsSmall="true">
			<Shape
				Type="CYLINDER"
				MajorRadius="1.0"
				Height="1.0"/>
		</Geometry>
		<VisionInfo
			VisionRange="0"
			ShroudClearingRange="0" />
	</GameObject>
	
	<GameObject
		id="MetaControlDummyMainTabMenuSwitcher"
		Side="Neutral"
		EditorSorting="UNIT"
		CommandSet="EmptyCommandSet"
		KindOf="UNSELECTABLE NO_COLLIDE IGNORE_FOR_VICTORY CANNOT_BE_DETECTED NOT_AUTOACQUIRABLE RESIST_EMP NOT_ON_RADAR AIRCRAFT"
		RadarPriority="NOT_ON_RADAR"
		SelectPortrait="Portrait_NeutralCrate"
		ButtonImage="Button_MapRevealerToggle"
		ProductionQueueType="AIRCRAFT"
		BuildTime="0"
		BuildCost="0"
		Description="DESC:DummyMapRevealerToggler"
		EditorName="GenericCrateSpawner">
		<DisplayName>NAME:MapRevealerToggle</DisplayName>
		<LocomotorSet
			Locomotor="MetaControlDummyLocomotor"
			Condition="NORMAL"
			Speed="1" />
		<ArmorSet
			Armor="NoArmor" />
		<Draws>
		</Draws>
		<Behaviors>	
			<SlowDeath
				id="ModuleTag_Death"
				DestructionDelay="0s">
				<DieMuxData
					DeathTypes="ALL" 
					DeathTypesForbidden="FADED"/>
			</SlowDeath>
			<LifetimeUpdate
				id="ModuleTag_Lifetime"
				DeathType="FADED"
				MinLifetime="0.2s"
				MaxLifetime="0.2s" />			
		</Behaviors>
		<AI>
			<AIUpdate
				id="ModuleTag_AI"
				AutoAcquireEnemiesWhenIdle="NO"
                AILuaEventsList="MainTabMenuCommandSetSwitchEvent"/>
		</AI>
		<Body>
			<ActiveBody
				id="ModuleTag_Body"
				MaxHealth="999999.0" />
		</Body>
		<Geometry
			IsSmall="true">
			<Shape
				Type="CYLINDER"
				MajorRadius="1.0"
				Height="1.0"/>
		</Geometry>
		<VisionInfo
			VisionRange="0"
			ShroudClearingRange="0" />
	</GameObject>
	
	<GameObject
		id="MetaControlDummyCamZoomLockToggler"
		Side="Neutral"
		EditorSorting="UNIT"
		CommandSet="EmptyCommandSet"
		KindOf="UNATTACKABLE UNSELECTABLE IGNORES_SELECT_ALL NO_COLLIDE IGNORE_FOR_VICTORY CANNOT_BE_DETECTED NOT_AUTOACQUIRABLE RESIST_EMP NOT_ON_RADAR"
		RadarPriority="NOT_ON_RADAR"
		SelectPortrait="Portrait_NeutralCrate"
		ButtonImage="Portrait_NeutralCrate"
		ProductionQueueType="AIRCRAFT"
		BuildTime="0"
		BuildCost="0"
		EditorName="GenericCrateSpawner">
		<DisplayName>NAME:CamLockToggler</DisplayName>
		<ArmorSet
			Armor="NoArmor" />
		<Draws>
		</Draws>
		<Behaviors>	
			<SlowDeath
				id="ModuleTag_Death"
				DestructionDelay="0s">
				<DieMuxData
					DeathTypes="ALL" />
			</SlowDeath>
			<LifetimeUpdate
				id="ModuleTag_Lifetime"
				DeathType="FADED"
				MinLifetime="0.3s"
				MaxLifetime="0.3s" />
		</Behaviors>
		<AI>
			<AIUpdate
				id="ModuleTag_AI"
				AutoAcquireEnemiesWhenIdle="NO"
                AILuaEventsList="CamZoomLockToggleEvent"/>
		</AI>
		<Body>
			<ActiveBody
				id="ModuleTag_Body"
				MaxHealth="999999.0" />
		</Body>
		<Geometry
			IsSmall="true">
			<Shape
				Type="CYLINDER"
				MajorRadius="1.0"
				Height="1.0"/>
		</Geometry>
		<VisionInfo
			VisionRange="0"
			ShroudClearingRange="0" />
	</GameObject>
	
	<GameObject
		id="MetaControlDummyUnitSpawner"
		Side="Neutral"
		EditorSorting="UNIT"
		CommandSet="EmptyCommandSet"
		KindOf="UNATTACKABLE UNSELECTABLE IGNORES_SELECT_ALL NO_COLLIDE IGNORE_FOR_VICTORY CANNOT_BE_DETECTED NOT_AUTOACQUIRABLE RESIST_EMP NOT_ON_RADAR"
		RadarPriority="NOT_ON_RADAR"
		SelectPortrait="Portrait_NeutralCrate"
		ButtonImage="Button_Spawn"
		ProductionQueueType="AIRCRAFT"
		BuildTime="0"
		BuildCost="0"
		EditorName="GenericCrateSpawner">
		<DisplayName>NAME:UnitSpawner</DisplayName>
		<ArmorSet
			Armor="NoArmor" />
		<Draws>
		</Draws>
		<Behaviors>	
			<SlowDeath
				id="ModuleTag_Death"
				DestructionDelay="0s">
				<DieMuxData
					DeathTypes="ALL" />
			</SlowDeath>
			<LifetimeUpdate
				id="ModuleTag_Lifetime"
				DeathType="FADED"
				MinLifetime="0.3s"
				MaxLifetime="0.3s" />
		</Behaviors>
		<AI>
			<AIUpdate
				id="ModuleTag_AI"
				AutoAcquireEnemiesWhenIdle="NO"
                AILuaEventsList="UnitSpawnerEvent"/>
		</AI>
		<Body>
			<ActiveBody
				id="ModuleTag_Body"
				MaxHealth="999999.0" />
		</Body>
		<Geometry
			IsSmall="true">
			<Shape
				Type="CYLINDER"
				MajorRadius="1.0"
				Height="1.0"/>
		</Geometry>
		<VisionInfo
			VisionRange="0"
			ShroudClearingRange="0" />
	</GameObject>
	
	<GameObject
		id="MetaControlDummyReloadAutostartConfig"
		Side="Neutral"
		EditorSorting="UNIT"
		CommandSet="EmptyCommandSet"
		KindOf="UNATTACKABLE UNSELECTABLE IGNORES_SELECT_ALL NO_COLLIDE IGNORE_FOR_VICTORY CANNOT_BE_DETECTED NOT_AUTOACQUIRABLE RESIST_EMP NOT_ON_RADAR"
		RadarPriority="NOT_ON_RADAR"
		SelectPortrait="Portrait_NeutralCrate"
		ButtonImage="Portrait_NeutralCrate"
		ProductionQueueType="AIRCRAFT"
		BuildTime="0"
		BuildCost="0"
		EditorName="GenericCrateSpawner">
		<DisplayName>NAME:ReloadAutostartConfig</DisplayName>
		<ArmorSet
			Armor="NoArmor" />
		<Draws>
		</Draws>
		<Behaviors>	
			<SlowDeath
				id="ModuleTag_Death"
				DestructionDelay="0s">
				<DieMuxData
					DeathTypes="ALL" />
			</SlowDeath>
			<LifetimeUpdate
				id="ModuleTag_Lifetime"
				DeathType="FADED"
				MinLifetime="0.3s"
				MaxLifetime="0.3s" />
		</Behaviors>
		<AI>
			<AIUpdate
				id="ModuleTag_AI"
				AutoAcquireEnemiesWhenIdle="NO"
                AILuaEventsList="ReloadAutostartConfigEvent"/>
		</AI>
		<Body>
			<ActiveBody
				id="ModuleTag_Body"
				MaxHealth="999999.0" />
		</Body>
		<Geometry
			IsSmall="true">
			<Shape
				Type="CYLINDER"
				MajorRadius="1.0"
				Height="1.0"/>
		</Geometry>
		<VisionInfo
			VisionRange="0"
			ShroudClearingRange="0" />
	</GameObject>
	
	<GameObject
		id="MetaControlDummyMakePlayerIndestructible"
		Side="Neutral"
		EditorSorting="UNIT"
		CommandSet="EmptyCommandSet"
		KindOf="UNATTACKABLE UNSELECTABLE IGNORES_SELECT_ALL NO_COLLIDE IGNORE_FOR_VICTORY CANNOT_BE_DETECTED NOT_AUTOACQUIRABLE RESIST_EMP NOT_ON_RADAR"
		RadarPriority="NOT_ON_RADAR"
		SelectPortrait="Portrait_NeutralCrate"
		ButtonImage="Button_Indestructible"
		ProductionQueueType="AIRCRAFT"
		BuildTime="0"
		BuildCost="0"
		EditorName="GenericCrateSpawner">
		<DisplayName>NAME:MakePlayerIndestructible</DisplayName>
		<ArmorSet
			Armor="NoArmor" />
		<Draws>
		</Draws>
		<Behaviors>	
			<SlowDeath
				id="ModuleTag_Death"
				DestructionDelay="0s">
				<DieMuxData
					DeathTypes="ALL" />
			</SlowDeath>
			<LifetimeUpdate
				id="ModuleTag_Lifetime"
				DeathType="FADED"
				MinLifetime="0.3s"
				MaxLifetime="0.3s" />
		</Behaviors>
		<AI>
			<AIUpdate
				id="ModuleTag_AI"
				AutoAcquireEnemiesWhenIdle="NO"
                AILuaEventsList="MakePlayerIndestructibleEvent"/>
		</AI>
		<Body>
			<ActiveBody
				id="ModuleTag_Body"
				MaxHealth="999999.0" />
		</Body>
		<Geometry
			IsSmall="true">
			<Shape
				Type="CYLINDER"
				MajorRadius="1.0"
				Height="1.0"/>
		</Geometry>
		<VisionInfo
			VisionRange="0"
			ShroudClearingRange="0" />
	</GameObject>
	
	<GameObject
		id="MetaControlDummyMergeTeams"
		Side="Neutral"
		EditorSorting="UNIT"
		CommandSet="EmptyCommandSet"
		KindOf="UNATTACKABLE UNSELECTABLE IGNORES_SELECT_ALL NO_COLLIDE IGNORE_FOR_VICTORY CANNOT_BE_DETECTED NOT_AUTOACQUIRABLE RESIST_EMP NOT_ON_RADAR"
		RadarPriority="NOT_ON_RADAR"
		SelectPortrait="Portrait_NeutralCrate"
		ButtonImage="Button_Diplomacy_MergeWithNextAlly"
		ProductionQueueType="AIRCRAFT"
		BuildTime="0"
		BuildCost="0"
		EditorName="GenericCrateSpawner">
		<DisplayName>NAME:MergeTeams</DisplayName>
		<ArmorSet
			Armor="NoArmor" />
		<Draws>
		</Draws>
		<Behaviors>	
			<SlowDeath
				id="ModuleTag_Death"
				DestructionDelay="0s">
				<DieMuxData
					DeathTypes="ALL" />
			</SlowDeath>
			<LifetimeUpdate
				id="ModuleTag_Lifetime"
				DeathType="FADED"
				MinLifetime="0.3s"
				MaxLifetime="0.3s" />
		</Behaviors>
		<AI>
			<AIUpdate
				id="ModuleTag_AI"
				AutoAcquireEnemiesWhenIdle="NO"
                AILuaEventsList="MergeTeamsEvent"/>
		</AI>
		<Body>
			<ActiveBody
				id="ModuleTag_Body"
				MaxHealth="999999.0" />
		</Body>
		<Geometry
			IsSmall="true">
			<Shape
				Type="CYLINDER"
				MajorRadius="1.0"
				Height="1.0"/>
		</Geometry>
		<VisionInfo
			VisionRange="0"
			ShroudClearingRange="0" />
	</GameObject>
	
	<GameObject
		id="MetaControlInfoAboutUnit"
		Side="Neutral"
		EditorSorting="UNIT"
		CommandSet="EmptyCommandSet"
		KindOf="UNATTACKABLE UNSELECTABLE IGNORES_SELECT_ALL NO_COLLIDE IGNORE_FOR_VICTORY CANNOT_BE_DETECTED NOT_AUTOACQUIRABLE RESIST_EMP NOT_ON_RADAR"
		RadarPriority="NOT_ON_RADAR"
		SelectPortrait="Portrait_NeutralCrate"
		ButtonImage="Button_UnitInfo"
		ProductionQueueType="AIRCRAFT"
		BuildTime="0"
		BuildCost="0"
		EditorName="GenericCrateSpawner">
		<DisplayName>NAME:InfoAboutUnit</DisplayName>
		<ArmorSet
			Armor="NoArmor" />
		<Draws>
		</Draws>
		<Behaviors>	
			<SlowDeath
				id="ModuleTag_Death"
				DestructionDelay="0s">
				<DieMuxData
					DeathTypes="ALL" />
			</SlowDeath>
			<LifetimeUpdate
				id="ModuleTag_Lifetime"
				DeathType="FADED"
				MinLifetime="0.0s"
				MaxLifetime="0.0s" />
		</Behaviors>
		<AI>
			<AIUpdate
				id="ModuleTag_AI"
				AutoAcquireEnemiesWhenIdle="NO"
                AILuaEventsList="InfoAboutUnitEvent"/>
		</AI>
		<Body>
			<ActiveBody
				id="ModuleTag_Body"
				MaxHealth="999999.0" />
		</Body>
		<Geometry
			IsSmall="true">
			<Shape
				Type="CYLINDER"
				MajorRadius="1.0"
				Height="1.0"/>
		</Geometry>
		<VisionInfo
			VisionRange="0"
			ShroudClearingRange="0" />
	</GameObject>
	
	<GameObject
		id="DiplomacyMenuToggle"
		Side="Neutral"
		EditorSorting="UNIT"
		CommandSet="EmptyCommandSet"
		KindOf="UNATTACKABLE UNSELECTABLE IGNORES_SELECT_ALL NO_COLLIDE IGNORE_FOR_VICTORY CANNOT_BE_DETECTED NOT_AUTOACQUIRABLE RESIST_EMP NOT_ON_RADAR"
		RadarPriority="NOT_ON_RADAR"
		SelectPortrait="Portrait_NeutralCrate"
		ButtonImage="Button_DiplomacyMenu"
		ProductionQueueType="AIRCRAFT"
		BuildTime="0"
		BuildCost="0"
		EditorName="GenericCrateSpawner">
		<DisplayName>NAME:DiplomacyMenu</DisplayName>
		<ArmorSet
			Armor="NoArmor" />
		<Draws>
		</Draws>
		<Behaviors>	
			<SlowDeath
				id="ModuleTag_Death"
				DestructionDelay="0s">
				<DieMuxData
					DeathTypes="ALL" />
			</SlowDeath>
			<LifetimeUpdate
				id="ModuleTag_Lifetime"
				DeathType="FADED"
				MinLifetime="0.0s"
				MaxLifetime="0.0s" />
		</Behaviors>
		<AI>
			<AIUpdate
				id="ModuleTag_AI"
				AutoAcquireEnemiesWhenIdle="NO"
                AILuaEventsList="DiplomacyMenuToggleEvent"/>
		</AI>
		<Body>
			<ActiveBody
				id="ModuleTag_Body"
				MaxHealth="1.0" />
		</Body>
	</GameObject>
	
	<GameObject
		id="MetaCreditShopMenuToggle"
		Side="Neutral"
		EditorSorting="UNIT"
		CommandSet="EmptyCommandSet"
		KindOf="UNATTACKABLE UNSELECTABLE IGNORES_SELECT_ALL NO_COLLIDE IGNORE_FOR_VICTORY CANNOT_BE_DETECTED NOT_AUTOACQUIRABLE RESIST_EMP NOT_ON_RADAR"
		RadarPriority="NOT_ON_RADAR"
		SelectPortrait="Portrait_NeutralCrate"
		ButtonImage="Button_MetaCreditShopMenu"
		ProductionQueueType="AIRCRAFT"
		BuildTime="0"
		BuildCost="0"
		EditorName="GenericCrateSpawner">
		<DisplayName>NAME:MetaCreditShopMenu</DisplayName>
		<ArmorSet
			Armor="NoArmor" />
		<Draws>
		</Draws>
		<Behaviors>	
			<SlowDeath
				id="ModuleTag_Death"
				DestructionDelay="0s">
				<DieMuxData
					DeathTypes="ALL" />
			</SlowDeath>
			<LifetimeUpdate
				id="ModuleTag_Lifetime"
				DeathType="FADED"
				MinLifetime="0.0s"
				MaxLifetime="0.0s" />
		</Behaviors>
		<AI>
			<AIUpdate
				id="ModuleTag_AI"
				AutoAcquireEnemiesWhenIdle="NO"
                AILuaEventsList="MetaCreditShopMenuToggleEvent"/>
		</AI>
		<Body>
			<ActiveBody
				id="ModuleTag_Body"
				MaxHealth="1.0" />
		</Body>
	</GameObject>
	
	<GameObject
		id="MetaControlDummyMainTabMenuPlayerPower"
		Side="Neutral"
		EditorSorting="UNIT"
		CommandSet="EmptyCommandSet"
		KindOf="UNSELECTABLE NO_COLLIDE IGNORE_FOR_VICTORY CANNOT_BE_DETECTED NOT_AUTOACQUIRABLE RESIST_EMP NOT_ON_RADAR AIRCRAFT"
		RadarPriority="NOT_ON_RADAR"
		EditorName="GenericCrateSpawner">
		<LocomotorSet
			Locomotor="MetaControlDummyLocomotor"
			Condition="NORMAL"
			Speed="1" />
		<DisplayName>GenericCrateSpawner</DisplayName>
		<ArmorSet
			Armor="NoArmor" />
		<Draws>
		</Draws>
		<Behaviors>	
			<SlowDeath
				id="ModuleTag_Death"
				DestructionDelay="0s">
				<DieMuxData
					DeathTypes="ALL" 
					DeathTypesForbidden="EXTRA_7"/>
			</SlowDeath>
			<SlowDeath
				id="ModuleTag_DeathExtra"
				DestructionDelay="0.2s">
				<DieMuxData
					DeathTypes="EXTRA_7" />
				<OCL
				Type="FINAL">
					<OCL>OCL_MetaControlDummyMainTabMenuPlayerPowerKiller</OCL>
				</OCL>
			</SlowDeath>
			<OCLSpecialPower
				id="ModuleTag_SendMoney"
				SpecialPowerTemplate="SpecialPower_SendMoney"
				OCL="OCL_SendMoney"
				CreateLocation="CREATE_AT_LOCATION" 
			/>
			<OCLSpecialPower
				id="ModuleTag_Money5k"
				SpecialPowerTemplate="SpecialPower_Money5k"
				OCL="OCL_Money5k"
				CreateLocation="CREATE_AT_LOCATION" 
			/>	
			<OCLSpecialPower
				id="ModuleTag_RiftGen"
				SpecialPowerTemplate="SpecialPower_RiftGen"
				OCL="OCL_RiftGeneratorWeaponObject"  
				CreateLocation="CREATE_AT_LOCATION" 
			/>
			<InvisibilityUpdate
				id="ModuleTag_Invisibility"
				UpdatePeriod="1s"
				Options="STARTS_ACTIVE">
			</InvisibilityUpdate>
		</Behaviors>
		<AI>
			<AIUpdate
				id="ModuleTag_AI"
				AutoAcquireEnemiesWhenIdle="NO"
                AILuaEventsList="MainTabMenuPlayerPowerEvent">
			</AIUpdate>
		</AI>
		<Body>
			<ActiveBody
				id="ModuleTag_Body"
				MaxHealth="999999.0" />
		</Body>
		<Geometry
			IsSmall="true">
			<Shape
				Type="CYLINDER"
				MajorRadius="1.0"
				Height="1.0"/>
		</Geometry>
		<VisionInfo
			VisionRange="0"
			ShroudClearingRange="0" />
	</GameObject>
	
	<GameObject
		id="MetaControlDummyMainTabMenuPlayerPowerKiller"
		Side="Neutral"
		EditorSorting="UNIT"
		CommandSet="EmptyCommandSet"
		KindOf="UNSELECTABLE NO_COLLIDE IGNORE_FOR_VICTORY CANNOT_BE_DETECTED NOT_AUTOACQUIRABLE RESIST_EMP NOT_ON_RADAR AIRCRAFT"
		RadarPriority="NOT_ON_RADAR"
		EditorName="GenericCrateSpawner">
		<LocomotorSet
			Locomotor="MetaControlDummyLocomotor"
			Condition="NORMAL"
			Speed="1" />
		<DisplayName>GenericCrateSpawner</DisplayName>
		<ArmorSet
			Armor="NoArmor" />
		<Draws>
		</Draws>
		<Behaviors>	
			<SlowDeath
				id="ModuleTag_Death"
				DestructionDelay="0s">
				<DieMuxData
					DeathTypes="ALL" />
			</SlowDeath>
			<FireWeaponUpdate
				id="ModuleTag_FireWeaponUpdate">
				<FireWeaponNugget
					WeaponName="MainTabMenuPlayerPowerKillerWeapon"
					FireDelay="0s"
					OneShot="false" />
			</FireWeaponUpdate>
			<LifetimeUpdate
				id="ModuleTag_Lifetime"
				DeathType="FADED"
				MinLifetime="0.2s"
				MaxLifetime="0.2s" />			
			<InvisibilityUpdate
				id="ModuleTag_Invisibility"
				UpdatePeriod="1s"
				Options="STARTS_ACTIVE">
			</InvisibilityUpdate>
		</Behaviors>
		<AI>
			<AIUpdate
				id="ModuleTag_AI"
				AutoAcquireEnemiesWhenIdle="NO">
			</AIUpdate>
		</AI>
		<Body>
			<ActiveBody
				id="ModuleTag_Body"
				MaxHealth="999999.0" />
		</Body>
		<Geometry
			IsSmall="true">
			<Shape
				Type="CYLINDER"
				MajorRadius="1.0"
				Height="1.0"/>
		</Geometry>
		<VisionInfo
			VisionRange="0"
			ShroudClearingRange="0" />
	</GameObject>
	
	<GameObject
		id="MetaControlDummyMainTabMenuPlayerPowerToggler"
		Side="Neutral"
		EditorSorting="UNIT"
		CommandSet="EmptyCommandSet"
		KindOf="UNSELECTABLE NO_COLLIDE IGNORE_FOR_VICTORY CANNOT_BE_DETECTED NOT_AUTOACQUIRABLE RESIST_EMP NOT_ON_RADAR AIRCRAFT"
		RadarPriority="NOT_ON_RADAR"
		Description="DESC:MainTabMenuPlayerPowerToggler"
		SelectPortrait="Button_MetaControlPlayerPowerBar"
		ButtonImage="Button_MetaControlPlayerPowerBar"
		ProductionQueueType="AIRCRAFT"
		BuildTime="0"
		BuildCost="0"
		EditorName="GenericCrateSpawner">
		<DisplayName>NAME:MainTabMenuPlayerPowerToggler</DisplayName>
		<LocomotorSet
			Locomotor="MetaControlDummyLocomotor"
			Condition="NORMAL"
			Speed="1" />
		<ArmorSet
			Armor="NoArmor" />
		<Draws>
		</Draws>
		<Behaviors>	
			<SlowDeath
				id="ModuleTag_Death"
				DestructionDelay="0s">
				<DieMuxData
					DeathTypes="ALL" 
					DeathTypesForbidden="FADED"/>
			</SlowDeath>
			<SlowDeath
				id="ModuleTag_DeathFaded"
				DestructionDelay="0s">
				<DieMuxData
					DeathTypes="FADED" />
				<OCL
					Type="FINAL">
					<OCL>OCL_MetaControlDummyMainTabMenuPlayerPower</OCL>
				</OCL>
			</SlowDeath>
			<FireWeaponUpdate
				id="ModuleTag_FireWeaponUpdate">
				<FireWeaponNugget
					WeaponName="MainTabMenuPlayerPowerTogglerWeapon"
					FireDelay="0s"
					OneShot="false" />
			</FireWeaponUpdate>
			<LifetimeUpdate
				id="ModuleTag_Lifetime"
				DeathType="FADED"
				MinLifetime="0.2s"
				MaxLifetime="0.2s" />			
			<InvisibilityUpdate
				id="ModuleTag_Invisibility"
				UpdatePeriod="1s"
				Options="STARTS_ACTIVE">
			</InvisibilityUpdate>
		</Behaviors>
		<AI>
			<AIUpdate
				id="ModuleTag_AI"
				AutoAcquireEnemiesWhenIdle="NO">
			</AIUpdate>
		</AI>
		<Body>
			<ActiveBody
				id="ModuleTag_Body"
				MaxHealth="999999.0" />
		</Body>
		<Geometry
			IsSmall="true">
			<Shape
				Type="CYLINDER"
				MajorRadius="1.0"
				Height="1.0"/>
		</Geometry>
		<VisionInfo
			VisionRange="0"
			ShroudClearingRange="0" />
	</GameObject>
	
</AssetDeclaration>