<?xml version="1.0" encoding="us-ascii"?>
<AssetDeclaration xmlns="uri:ea.com:eala:asset" xmlns:xsi="http://www.w3.org/2001/XMLSchema-instance" xmlns:xi="http://www.w3.org/2001/XInclude" xmlns:xai="uri:ea.com:eala:asset:instance">
	<Tags></Tags>
	<Includes>
	</Includes>

	<GameObject
		id="MetaCreditShop"
		Side="Neutral"
		EditorSorting="UNIT"
		CommandSet="MetaCreditShopCommandSet"
		KindOf="UNATTACKABLE IGNORES_SELECT_ALL NO_COLLIDE IGNORE_FOR_VICTORY CANNOT_BE_DETECTED NOT_AUTOACQUIRABLE RESIST_EMP NOT_ON_RADAR FS_FACTORY CRANE CONSTRUCTION_YARD"
		RadarPriority="NOT_ON_RADAR"
		UnitCategory="UNIT"
		EditorName="GenericCrateSpawner">
		<DisplayName>GenericCrateSpawner</DisplayName>
		<ArmorSet
			Armor="InvulnerableArmor" />
		<Draws>
<!-- 			<ScriptedModelDraw
				id="ModuleTag_Draw">
				<ModelConditionState
					ParseCondStateType="PARSE_DEFAULT">
					<Model Name="" />
				</ModelConditionState>
				<ModelConditionState
					ParseCondStateType="PARSE_NORMAL"
					ConditionsYes="BUILD_PLACEMENT_CURSOR">
					<Model Name="" />
				</ModelConditionState>				
				<AnimationState
					ParseCondStateType="PARSE_DEFAULT"
					Flags="">
					<Animation
						AnimationName=""
						AnimationMode="ONCE" />
				</AnimationState>
				<AnimationState
					ParseCondStateType="PARSE_NORMAL"
					ConditionsYes="BUILD_PLACEMENT_CURSOR"
					Flags="">
					<Animation
						AnimationName=""
						AnimationMode="ONCE" />
					<Script>
						AnyLuaCodeHere=true
					</Script>	
					<LuaEvent
						Frame="0"
						Data="BuildPlacementCursorActive"
						OnStateEnter="true" 
						OnStateLeave="false">
					</LuaEvent>
				</AnimationState>			
			</ScriptedModelDraw> -->
		</Draws>
		<Behaviors>	
			<ProductionUpdate
				id="ModuleTag_MainTabMenuProductionUpdate"
				MaxQueueEntries="99"
				NumDoorAnimations="1"
				DoorOpeningTime="0s"
				DoorOpeningTimeMetaUnit="0s"
				DoorWaitOpenTime="0s"
				DoorCloseTime="0s"
				ConstructionCompleteDuration="0"
				DisabledTypesToProcess=""
				UnitInvulnerableTime="0"
				SpecialPrepModelconditionTime="0"
				BonusForType=""
				SpeedBonusAudioLoop=""
				Type="AIRCRAFT"
				ProductionTimeDelayScalar="0s"
				GiveNoXP="True"
				VeteranUnitsFromVeteranFactory="False"
				SetBonusModelConditionOnSpeedBonus="False"
				SecondaryQueue="False"
				IgnorePreReqs="True" />
			<ProductionUpdate
				id="ModuleTag_MainTabMenuProductionUpdate2"
				MaxQueueEntries="99"
				NumDoorAnimations="1"
				DoorOpeningTime="0s"
				DoorOpeningTimeMetaUnit="0s"
				DoorWaitOpenTime="0s"
				DoorCloseTime="0s"
				ConstructionCompleteDuration="0"
				DisabledTypesToProcess=""
				UnitInvulnerableTime="0"
				SpecialPrepModelconditionTime="0"
				BonusForType=""
				SpeedBonusAudioLoop=""
				Type="UPGRADE"
				ProductionTimeDelayScalar="0s"
				GiveNoXP="True"
				VeteranUnitsFromVeteranFactory="False"
				SetBonusModelConditionOnSpeedBonus="False"
				SecondaryQueue="False"
				IgnorePreReqs="True" />
			<QueueProductionExitUpdate
				id="ModuleTag_MainTabMenuQueueProductionExitUpdate"
				PlacementViewAngle="0d"
				ExitDelay="0"
				InitialBurst="0"
				AllowAirborneCreation="True"
				NoExitPath="True"
				CanRallyToSlaughter="False"
				ClearAlliesFromDestination="False">
				<UnitCreatePoint
					x="0"
					y="5"
					z="0" />
				<NaturalRallyPoint
					x="0"
					y="5"
					z="0" />
			</QueueProductionExitUpdate>
			<OCLSpecialPower
				id="ModuleTag_MetaCreditShopSelectTabMenu"
				SpecialPowerTemplate="SpecialPowerMetaCreditShopMenu"
				OCL="OCL_MetaCreditShopSelectTabMenu"
				CreateLocation="CREATE_AT_LOCATION" 
			/>
		</Behaviors>
		<AI>
			<AIUpdate
				id="ModuleTag_AI"
				AutoAcquireEnemiesWhenIdle="NO"
				AILuaEventsList="MetaCreditShopEvent"/>
		</AI>
		<Body>
			<ActiveBody
				id="ModuleTag_Body"
				MaxHealth="999999.0" />
		</Body>
		<Geometry
			IsSmall="false">
			<Shape
				Type="CYLINDER"
				MajorRadius="1.0"
				Height="1.0"
				ContactPointGeneration="NONE"/>
		</Geometry>
		<VisionInfo
			VisionRange="13000"
			ShroudClearingRange="0" />
		<ProjectedBuildabilityInfo
			Radius="13000"
			BuildPlacementTypes="OTHER_STRUCTURE"
			StatusToReject=""
			ModelConditionsToReject="BUILD_PLACEMENT_CURSOR"/>
	</GameObject>
	
	<GameObject
		id="MetaCreditShopSelectTabMenu"
		Side="Neutral"
		EditorSorting="SYSTEM"
		CommandSet="EmptyCommandSet"
		KindOf="UNATTACKABLE UNSELECTABLE NO_COLLIDE IGNORE_FOR_VICTORY CANNOT_BE_DETECTED NOT_AUTOACQUIRABLE RESIST_EMP NOT_ON_RADAR"
		RadarPriority="NOT_ON_RADAR"
		EditorName="GenericCrateSpawner">
		<DisplayName>GenericCrateSpawner</DisplayName>
		<ArmorSet
			Armor="InvulnerableArmor" />
		<Draws>
		</Draws>
		<Behaviors>	
			<LifetimeUpdate
				id="ModuleTag_Lifetime"
				DeathType="FADED"
				MinLifetime="0.0s"
				MaxLifetime="0.0s" />	
		</Behaviors>
		<AI>
			<AIUpdate
				id="ModuleTag_AI"
				AutoAcquireEnemiesWhenIdle="NO"
				AILuaEventsList="MetaCreditShopSelectTabMenuEvent"/>
		</AI>
		<Body>
			<ActiveBody
				id="ModuleTag_Body"
				MaxHealth="1.0" />
		</Body>
	</GameObject>
	
	<GameObject
		id="MetaCreditShopNuke"
		Side="Neutral"
		EditorSorting="SYSTEM"
		SelectPortrait="Portrait_NeutralCrate"
		ButtonImage="Button_PlayerPowerNuclearMissile"
		CommandSet="EmptyCommandSet"
		KindOf="NO_COLLIDE STRUCTURE"
		ProductionQueueType="AIRCRAFT"
		BuildPlacementTypeFlag="OTHER_STRUCTURE"	
		BuildInProximityToSamePlayerStucture="false"			
		BuildCost="0"
		BuildTime="0"
		EditorName="MetaCreditShop"
		Description="Desc:MetaCreditShopNuke"
		RadarPriority="NOT_ON_RADAR">
		<DisplayName>NAME:PlayerPowerNuclearMissile</DisplayName>
		<ArmorSet
			Armor="InvulnerableArmor" />
		<Draws>
			<ScriptedModelDraw
				id="ModuleTag_Draw"
				OkToChangeModelColor="true">
				<ModelConditionState
					ParseCondStateType="PARSE_DEFAULT">
					<Model
						Name="RallyFlag" />
				</ModelConditionState>
			</ScriptedModelDraw>
		</Draws>
		<Behaviors>	
 			<LifetimeUpdate
				id="ModuleTag_Lifetime"
				DeathType="FADED"
				MinLifetime="3.00s"
				MaxLifetime="3.00s" /> 		
		</Behaviors>
		<AI>
			<AIUpdate
				id="ModuleTag_AI"
				AutoAcquireEnemiesWhenIdle="NO"
				AILuaEventsList="MetaCreditShopNukeEvent"/>
		</AI>
		<Body>
			<ActiveBody
				id="ModuleTag_Body"
				MaxHealth="1.0" />
		</Body>
		<Geometry
			IsSmall="true">
			<Shape
				Type="BOX"
				MajorRadius="0.0"
				MinorRadius="0.0"
				Height="0.0"
				Active="false"
				ContactPointGeneration="NONE">
				<Offset
					x="0"
					y="0"
					z="0" />
			</Shape>
		</Geometry>
	</GameObject>
	
	<GameObject
		id="MetaCreditShopRiftGenerator"
		Side="Neutral"
		EditorSorting="SYSTEM"
		SelectPortrait="Portrait_NeutralCrate"
		ButtonImage="Button_PlayerPowerRiftGenerator"
		CommandSet="EmptyCommandSet"
		KindOf="NO_COLLIDE STRUCTURE"
		ProductionQueueType="AIRCRAFT"
		BuildPlacementTypeFlag="OTHER_STRUCTURE"	
		BuildInProximityToSamePlayerStucture="false"		
		BuildCost="0"
		BuildTime="0"
		EditorName="MetaCreditShop"
		Description="Desc:MetaCreditShopRiftGenerator"
		RadarPriority="NOT_ON_RADAR">
		<DisplayName>NAME:PlayerPowerRiftGenerator</DisplayName>
		<ArmorSet
			Armor="InvulnerableArmor" />
		<Draws>
			<ScriptedModelDraw
				id="ModuleTag_Draw"
				OkToChangeModelColor="true">
				<ModelConditionState
					ParseCondStateType="PARSE_DEFAULT">
					<Model
						Name="RallyFlag" />
				</ModelConditionState>
			</ScriptedModelDraw>
		</Draws>
		<Behaviors>	
 			<LifetimeUpdate
				id="ModuleTag_Lifetime"
				DeathType="FADED"
				MinLifetime="3.00s"
				MaxLifetime="3.00s" /> 		
		</Behaviors>
		<AI>
			<AIUpdate
				id="ModuleTag_AI"
				AutoAcquireEnemiesWhenIdle="NO"
				AILuaEventsList="MetaCreditShopRiftGeneratorEvent"/>
		</AI>
		<Body>
			<ActiveBody
				id="ModuleTag_Body"
				MaxHealth="1.0" />
		</Body>
		<Geometry
			IsSmall="true">
			<Shape
				Type="BOX"
				MajorRadius="0.0"
				MinorRadius="0.0"
				Height="0.0"
				Active="false"
				ContactPointGeneration="NONE">
				<Offset
					x="0"
					y="0"
					z="0" />
			</Shape>
		</Geometry>
	</GameObject>	
	
	<GameObject
		id="MetaCreditShopIonCannon"
		Side="Neutral"
		EditorSorting="SYSTEM"
		SelectPortrait="Portrait_NeutralCrate"
		ButtonImage="Button_PlayerPowerIonCannon"
		CommandSet="EmptyCommandSet"
		KindOf="NO_COLLIDE STRUCTURE"
		ProductionQueueType="AIRCRAFT"
		BuildPlacementTypeFlag="OTHER_STRUCTURE"	
		BuildInProximityToSamePlayerStucture="false"		
		BuildCost="0"
		BuildTime="0"
		EditorName="MetaCreditShop"
		Description="Desc:MetaCreditShopIonCannon"
		RadarPriority="NOT_ON_RADAR">
		<DisplayName>NAME:PlayerPowerIonCannon</DisplayName>
		<ArmorSet
			Armor="InvulnerableArmor" />
		<Draws>
			<ScriptedModelDraw
				id="ModuleTag_Draw"
				OkToChangeModelColor="true">
				<ModelConditionState
					ParseCondStateType="PARSE_DEFAULT">
					<Model
						Name="RallyFlag" />
				</ModelConditionState>
			</ScriptedModelDraw>
		</Draws>
		<Behaviors>	
 			<LifetimeUpdate
				id="ModuleTag_Lifetime"
				DeathType="FADED"
				MinLifetime="3.00s"
				MaxLifetime="3.00s" /> 		
		</Behaviors>
		<AI>
			<AIUpdate
				id="ModuleTag_AI"
				AutoAcquireEnemiesWhenIdle="NO"
				AILuaEventsList="MetaCreditShopIonCannonEvent"/>
		</AI>
		<Body>
			<ActiveBody
				id="ModuleTag_Body"
				MaxHealth="1.0" />
		</Body>
		<Geometry
			IsSmall="true">
			<Shape
				Type="BOX"
				MajorRadius="0.0"
				MinorRadius="0.0"
				Height="0.0"
				Active="false"
				ContactPointGeneration="NONE">
				<Offset
					x="0"
					y="0"
					z="0" />
			</Shape>
		</Geometry>
	</GameObject>	
	
	<GameObject
		id="MetaCreditShopEMP"
		Side="Neutral"
		EditorSorting="SYSTEM"
		SelectPortrait="Portrait_NeutralCrate"
		ButtonImage="Button_AbilityEMPBurst"
		CommandSet="EmptyCommandSet"
		KindOf="NO_COLLIDE STRUCTURE"
		ProductionQueueType="AIRCRAFT"
		BuildPlacementTypeFlag="OTHER_STRUCTURE"	
		BuildInProximityToSamePlayerStucture="false"		
		BuildCost="0"
		BuildTime="0"
		EditorName="MetaCreditShop"
		Description="Desc:MetaCreditShopEMP"
		RadarPriority="NOT_ON_RADAR">
		<DisplayName>NAME:MetaCreditShopEMP</DisplayName>
		<ArmorSet
			Armor="InvulnerableArmor" />
		<Draws>
			<ScriptedModelDraw
				id="ModuleTag_Draw"
				OkToChangeModelColor="true">
				<ModelConditionState
					ParseCondStateType="PARSE_DEFAULT">
					<Model
						Name="RallyFlag" />
				</ModelConditionState>
			</ScriptedModelDraw>
		</Draws>
		<Behaviors>	
 			<LifetimeUpdate
				id="ModuleTag_Lifetime"
				DeathType="FADED"
				MinLifetime="3.00s"
				MaxLifetime="3.00s" /> 		
		</Behaviors>
		<AI>
			<AIUpdate
				id="ModuleTag_AI"
				AutoAcquireEnemiesWhenIdle="NO"
				AILuaEventsList="MetaCreditShopEMPEvent"/>
		</AI>
		<Body>
			<ActiveBody
				id="ModuleTag_Body"
				MaxHealth="1.0" />
		</Body>
		<Geometry
			IsSmall="true">
			<Shape
				Type="BOX"
				MajorRadius="0.0"
				MinorRadius="0.0"
				Height="0.0"
				Active="false"
				ContactPointGeneration="NONE">
				<Offset
					x="0"
					y="0"
					z="0" />
			</Shape>
		</Geometry>
	</GameObject>

	<GameObject
		id="MetaCreditShopSuperAvatar"
		Side="Neutral"
		EditorSorting="SYSTEM"
		SelectPortrait="Portrait_NeutralCrate"
		ButtonImage="Portrait_NODAvatarWarmech"
		CommandSet="EmptyCommandSet"
		KindOf="NO_COLLIDE STRUCTURE"
		ProductionQueueType="AIRCRAFT"
		BuildPlacementTypeFlag="OTHER_STRUCTURE"	
		BuildInProximityToSamePlayerStucture="false"		
		BuildCost="0"
		BuildTime="0"
		EditorName="MetaCreditShop"
		Description="Desc:MetaCreditShopSuperAvatar"
		RadarPriority="NOT_ON_RADAR">
		<DisplayName>Name:NODAvatarWarmech</DisplayName>
		<ArmorSet
			Armor="InvulnerableArmor" />
		<Draws>
			<ScriptedModelDraw
				id="ModuleTag_Draw"
				OkToChangeModelColor="true">
				<ModelConditionState
					ParseCondStateType="PARSE_DEFAULT">
					<Model
						Name="RallyFlag" />
				</ModelConditionState>
			</ScriptedModelDraw>
		</Draws>
		<Behaviors>	
 			<LifetimeUpdate
				id="ModuleTag_Lifetime"
				DeathType="FADED"
				MinLifetime="3.00s"
				MaxLifetime="3.00s" /> 		
		</Behaviors>
		<AI>
			<AIUpdate
				id="ModuleTag_AI"
				AutoAcquireEnemiesWhenIdle="NO"
				AILuaEventsList="MetaCreditShopSuperAvatarEvent"/>
		</AI>
		<Body>
			<ActiveBody
				id="ModuleTag_Body"
				MaxHealth="1.0" />
		</Body>
		<Geometry
			IsSmall="true">
			<Shape
				Type="BOX"
				MajorRadius="0.0"
				MinorRadius="0.0"
				Height="0.0"
				Active="false"
				ContactPointGeneration="NONE">
				<Offset
					x="0"
					y="0"
					z="0" />
			</Shape>
		</Geometry>
	</GameObject>

	<GameObject
		id="MetaCreditShopConvertMoney"
		Side="Neutral"
		EditorSorting="SYSTEM"
		SelectPortrait="Portrait_NeutralCrate"
		ButtonImage="Button_DollartoMC"
		CommandSet="EmptyCommandSet"
		KindOf="UNSELECTABLE NO_COLLIDE IGNORE_FOR_VICTORY CANNOT_BE_DETECTED NOT_AUTOACQUIRABLE RESIST_EMP NOT_ON_RADAR"
		ProductionQueueType="AIRCRAFT"	
		BuildCost="20000"
		BuildTime="0"
		EditorName="MetaCreditShop"
		Description="Desc:MetaCreditShopConvertMoney"
		RadarPriority="NOT_ON_RADAR">
		<DisplayName>NAME:MetaCreditShopConvertMoney</DisplayName>
		<ArmorSet
			Armor="InvulnerableArmor" />
		<Draws>
		</Draws>
		<Behaviors>	
 			<LifetimeUpdate
				id="ModuleTag_Lifetime"
				DeathType="FADED"
				MinLifetime="3.00s"
				MaxLifetime="3.00s" /> 		
		</Behaviors>
		<AI>
			<AIUpdate
				id="ModuleTag_AI"
				AutoAcquireEnemiesWhenIdle="NO"
				AILuaEventsList="MetaCreditShopConvertMoneyEvent"/>
		</AI>
		<Body>
			<ActiveBody
				id="ModuleTag_Body"
				MaxHealth="1.0" />
		</Body>
		<Geometry
			IsSmall="true">
			<Shape
				Type="BOX"
				MajorRadius="0.0"
				MinorRadius="0.0"
				Height="0.0"
				Active="false"
				ContactPointGeneration="NONE">
				<Offset
					x="0"
					y="0"
					z="0" />
			</Shape>
		</Geometry>
	</GameObject>	

	<GameObject
		id="MetaCreditShopBaseTemplate"
		Side="Neutral"
		EditorSorting="SYSTEM"
		SelectPortrait="Portrait_NeutralCrate"
		ButtonImage="Button_SpawnTemplate"
		CommandSet="EmptyCommandSet"
		KindOf="NO_COLLIDE STRUCTURE"
		ProductionQueueType="AIRCRAFT"
		BuildPlacementTypeFlag="OTHER_STRUCTURE"
		BuildInProximityToSamePlayerStucture="false"		
		BuildCost="0"
		BuildTime="0"
		EditorName="MetaCreditShop"
		Description="Desc:MetaCreditShopBaseTemplate"
		RadarPriority="NOT_ON_RADAR">
		<DisplayName>NAME:MetaCreditShopBaseTemplate</DisplayName>
		<ArmorSet
			Armor="InvulnerableArmor" />
		<Draws>
			<ScriptedModelDraw
				id="ModuleTag_Draw"
				OkToChangeModelColor="true">
				<ModelConditionState
					ParseCondStateType="PARSE_DEFAULT">
					<Model
						Name="RallyFlag" />
				</ModelConditionState>
			</ScriptedModelDraw>
		</Draws>
		<Behaviors>	
 			<LifetimeUpdate
				id="ModuleTag_Lifetime"
				DeathType="FADED"
				MinLifetime="3.00s"
				MaxLifetime="3.00s" /> 		
		</Behaviors>
		<AI>
			<AIUpdate
				id="ModuleTag_AI"
				AutoAcquireEnemiesWhenIdle="NO"
				AILuaEventsList="MetaCreditShopBaseTemplateEvent"/>
		</AI>
		<Body>
			<ActiveBody
				id="ModuleTag_Body"
				MaxHealth="1.0" />
		</Body>
		<Geometry
			IsSmall="true">
			<Shape
				Type="BOX"
				MajorRadius="0.0"
				MinorRadius="0.0"
				Height="0.0"
				Active="false"
				ContactPointGeneration="NONE">
				<Offset
					x="0"
					y="0"
					z="0" />
			</Shape>
		</Geometry>
	</GameObject>	
	
	<GameObject
		id="MetaCreditShopRandomCircleDefense"
		Side="Neutral"
		EditorSorting="SYSTEM"
		SelectPortrait="Portrait_NeutralCrate"
		ButtonImage="Button_RandomCircleDefense"
		CommandSet="EmptyCommandSet"
		KindOf="NO_COLLIDE STRUCTURE"
		ProductionQueueType="AIRCRAFT"
		BuildPlacementTypeFlag="OTHER_STRUCTURE"	
		BuildInProximityToSamePlayerStucture="false"		
		BuildCost="0"
		BuildTime="0"
		EditorName="MetaCreditShop"
		Description="Desc:MetaCreditShopRandomCircleDefense"
		RadarPriority="NOT_ON_RADAR">
		<DisplayName>NAME:MetaCreditShopRandomCircleDefense</DisplayName>
		<ArmorSet
			Armor="InvulnerableArmor" />
		<Draws>
			<ScriptedModelDraw
				id="ModuleTag_Draw"
				OkToChangeModelColor="true">
				<ModelConditionState
					ParseCondStateType="PARSE_DEFAULT">
					<Model
						Name="RallyFlag" />
				</ModelConditionState>
			</ScriptedModelDraw>
		</Draws>
		<Behaviors>	
 			<LifetimeUpdate
				id="ModuleTag_Lifetime"
				DeathType="FADED"
				MinLifetime="3.00s"
				MaxLifetime="3.00s" /> 		
		</Behaviors>
		<AI>
			<AIUpdate
				id="ModuleTag_AI"
				AutoAcquireEnemiesWhenIdle="NO"
				AILuaEventsList="MetaCreditShopRandomCircleDefenseEvent"/>
		</AI>
		<Body>
			<ActiveBody
				id="ModuleTag_Body"
				MaxHealth="1.0" />
		</Body>
		<Geometry
			IsSmall="true">
			<Shape
				Type="BOX"
				MajorRadius="0.0"
				MinorRadius="0.0"
				Height="0.0"
				Active="false"
				ContactPointGeneration="NONE">
				<Offset
					x="0"
					y="0"
					z="0" />
			</Shape>
		</Geometry>
	</GameObject>
	
	<GameObject
		id="MetaCreditShopRandomSpiralDefense"
		Side="Neutral"
		EditorSorting="SYSTEM"
		SelectPortrait="Portrait_NeutralCrate"
		ButtonImage="Button_RandomSpiralDefense"
		CommandSet="EmptyCommandSet"
		KindOf="NO_COLLIDE STRUCTURE"
		ProductionQueueType="AIRCRAFT"
		BuildPlacementTypeFlag="OTHER_STRUCTURE"		
		BuildInProximityToSamePlayerStucture="false"
		BuildCost="0"
		BuildTime="0"
		EditorName="MetaCreditShop"
		Description="Desc:MetaCreditShopRandomSpiralDefense"
		RadarPriority="NOT_ON_RADAR">
		<DisplayName>NAME:MetaCreditShopRandomSpiralDefense</DisplayName>
		<ArmorSet
			Armor="InvulnerableArmor" />
		<Draws>
			<ScriptedModelDraw
				id="ModuleTag_Draw"
				OkToChangeModelColor="true">
				<ModelConditionState
					ParseCondStateType="PARSE_DEFAULT">
					<Model
						Name="RallyFlag" />
				</ModelConditionState>
			</ScriptedModelDraw>
		</Draws>
		<Behaviors>	
 			<LifetimeUpdate
				id="ModuleTag_Lifetime"
				DeathType="FADED"
				MinLifetime="3.00s"
				MaxLifetime="3.00s" /> 		
		</Behaviors>
		<AI>
			<AIUpdate
				id="ModuleTag_AI"
				AutoAcquireEnemiesWhenIdle="NO"
				AILuaEventsList="MetaCreditShopRandomSpiralDefenseEvent"/>
		</AI>
		<Body>
			<ActiveBody
				id="ModuleTag_Body"
				MaxHealth="1.0" />
		</Body>
		<Geometry
			IsSmall="true">
			<Shape
				Type="BOX"
				MajorRadius="0.0"
				MinorRadius="0.0"
				Height="0.0"
				Active="false"
				ContactPointGeneration="NONE">
				<Offset
					x="0"
					y="0"
					z="0" />
			</Shape>
		</Geometry>
	</GameObject>
	
	<GameObject
		id="MetaCreditShopAntiVehicleDefStartPoint"
		Side="Neutral"
		EditorSorting="SYSTEM"
		SelectPortrait="Portrait_NeutralCrate"
		ButtonImage="Button_AntiVehicleDefStartPoint"
		CommandSet="EmptyCommandSet"
		KindOf="NO_COLLIDE STRUCTURE"
		ProductionQueueType="AIRCRAFT"
		BuildPlacementTypeFlag="OTHER_STRUCTURE"	
		BuildInProximityToSamePlayerStucture="false"		
		BuildCost="0"
		BuildTime="0"
		EditorName="MetaCreditShop"
		Description="Desc:MetaCreditShopAntiVehicleDefStartPoint"
		RadarPriority="NOT_ON_RADAR">
		<DisplayName>NAME:MetaCreditShopAntiVehicleDefStartPoint</DisplayName>
		<ArmorSet
			Armor="InvulnerableArmor" />
		<Draws>
			<ScriptedModelDraw
				id="ModuleTag_Draw"
				OkToChangeModelColor="true">
				<ModelConditionState
					ParseCondStateType="PARSE_DEFAULT">
					<Model
						Name="RallyFlag" />
				</ModelConditionState>
			</ScriptedModelDraw>
		</Draws>
		<Behaviors>	
 			<LifetimeUpdate
				id="ModuleTag_Lifetime"
				DeathType="FADED"
				MinLifetime="3.00s"
				MaxLifetime="3.00s" /> 		
		</Behaviors>
		<AI>
			<AIUpdate
				id="ModuleTag_AI"
				AutoAcquireEnemiesWhenIdle="NO"
				AILuaEventsList="MetaCreditShopAntiVehicleDefStartPointEvent"/>
		</AI>
		<Body>
			<ActiveBody
				id="ModuleTag_Body"
				MaxHealth="1.0" />
		</Body>
		<Geometry
			IsSmall="true">
			<Shape
				Type="BOX"
				MajorRadius="0.0"
				MinorRadius="0.0"
				Height="0.0"
				Active="false"
				ContactPointGeneration="NONE">
				<Offset
					x="0"
					y="0"
					z="0" />
			</Shape>
		</Geometry>
	</GameObject>
	
	<GameObject
		id="MetaCreditShopAntiVehicleDefEndPoint"
		Side="Neutral"
		EditorSorting="SYSTEM"
		SelectPortrait="Portrait_NeutralCrate"
		ButtonImage="Button_AntiVehicleDefEndPoint"
		CommandSet="EmptyCommandSet"
		KindOf="NO_COLLIDE STRUCTURE"
		ProductionQueueType="AIRCRAFT"
		BuildPlacementTypeFlag="OTHER_STRUCTURE"	
		BuildInProximityToSamePlayerStucture="false"		
		BuildCost="0"
		BuildTime="0"
		EditorName="MetaCreditShop"
		Description="Desc:MetaCreditShopAntiVehicleDefEndPoint"
		RadarPriority="NOT_ON_RADAR">
		<DisplayName>NAME:MetaCreditShopAntiVehicleDefEndPoint</DisplayName>
		<ArmorSet
			Armor="InvulnerableArmor" />
		<Draws>
			<ScriptedModelDraw
				id="ModuleTag_Draw"
				OkToChangeModelColor="true">
				<ModelConditionState
					ParseCondStateType="PARSE_DEFAULT">
					<Model
						Name="RallyFlag" />
				</ModelConditionState>
			</ScriptedModelDraw>
		</Draws>
		<Behaviors>	
 			<LifetimeUpdate
				id="ModuleTag_Lifetime"
				DeathType="FADED"
				MinLifetime="3.00s"
				MaxLifetime="3.00s" /> 		
		</Behaviors>
		<AI>
			<AIUpdate
				id="ModuleTag_AI"
				AutoAcquireEnemiesWhenIdle="NO"
				AILuaEventsList="MetaCreditShopAntiVehicleDefEndPointEvent"/>
		</AI>
		<Body>
			<ActiveBody
				id="ModuleTag_Body"
				MaxHealth="1.0" />
		</Body>
		<Geometry
			IsSmall="true">
			<Shape
				Type="BOX"
				MajorRadius="0.0"
				MinorRadius="0.0"
				Height="0.0"
				Active="false"
				ContactPointGeneration="NONE">
				<Offset
					x="0"
					y="0"
					z="0" />
			</Shape>
		</Geometry>
	</GameObject>
	
	<GameObject
		id="MetaCreditShopIndestructible"
		Side="Neutral"
		EditorSorting="SYSTEM"
		SelectPortrait="Portrait_NeutralCrate"
		ButtonImage="Button_Indestructable"
		CommandSet="EmptyCommandSet"
		KindOf="UNSELECTABLE NO_COLLIDE IGNORE_FOR_VICTORY CANNOT_BE_DETECTED NOT_AUTOACQUIRABLE RESIST_EMP NOT_ON_RADAR"
		ProductionQueueType="AIRCRAFT"
		BuildCost="0"
		BuildTime="0"
		EditorName="MetaCreditShop"
		Description="Desc:MetaCreditShopIndestructible"
		RadarPriority="NOT_ON_RADAR">
		<DisplayName>NAME:MetaCreditShopIndestructible</DisplayName>
		<ArmorSet
			Armor="InvulnerableArmor" />
		<Draws>
		</Draws>
		<Behaviors>	
 			<LifetimeUpdate
				id="ModuleTag_Lifetime"
				DeathType="FADED"
				MinLifetime="3.00s"
				MaxLifetime="3.00s" /> 		
		</Behaviors>
		<AI>
			<AIUpdate
				id="ModuleTag_AI"
				AutoAcquireEnemiesWhenIdle="NO"
				AILuaEventsList="MetaCreditShopIndestructibleEvent"/>
		</AI>
		<Body>
			<ActiveBody
				id="ModuleTag_Body"
				MaxHealth="1.0" />
		</Body>
		<Geometry
			IsSmall="true">
			<Shape
				Type="BOX"
				MajorRadius="0.0"
				MinorRadius="0.0"
				Height="0.0"
				Active="false"
				ContactPointGeneration="NONE">
				<Offset
					x="0"
					y="0"
					z="0" />
			</Shape>
		</Geometry>
	</GameObject>
	
	<GameObject
		id="MetaCreditInfiniteEnergy"
		Side="Neutral"
		EditorSorting="SYSTEM"
		SelectPortrait="Portrait_NeutralCrate"
		ButtonImage="Button_InfiniteEnergy"
		CommandSet="EmptyCommandSet"
		KindOf="UNSELECTABLE NO_COLLIDE IGNORE_FOR_VICTORY CANNOT_BE_DETECTED NOT_AUTOACQUIRABLE RESIST_EMP NOT_ON_RADAR"
		EnergyProduction="10000000"
		ProductionQueueType="AIRCRAFT"
		BuildCost="0"
		BuildTime="0"
		EditorName="MetaCreditShop"
		Description="Desc:MetaCreditInfiniteEnergy"
		RadarPriority="NOT_ON_RADAR">
		<DisplayName>NAME:MetaCreditInfiniteEnergy</DisplayName>
		<ArmorSet
			Armor="InvulnerableArmor" />
		<Draws>
		</Draws>
		<Behaviors>	
 			<LifetimeUpdate
				id="ModuleTag_Lifetime"
				DeathType="FADED"
				MinLifetime="30.00s"
				MaxLifetime="30.00s" /> 		
		</Behaviors>
		<AI>
			<AIUpdate
				id="ModuleTag_AI"
				AutoAcquireEnemiesWhenIdle="NO"
				AILuaEventsList="MetaCreditInfiniteEnergyEvent"/>
		</AI>
		<Body>
			<ActiveBody
				id="ModuleTag_Body"
				MaxHealth="1.0" />
		</Body>
		<Geometry
			IsSmall="true">
			<Shape
				Type="BOX"
				MajorRadius="0.0"
				MinorRadius="0.0"
				Height="0.0"
				Active="false"
				ContactPointGeneration="NONE">
				<Offset
					x="0"
					y="0"
					z="0" />
			</Shape>
		</Geometry>
	</GameObject>
	
	<GameObject
		id="MetaCreditShopInfiniteProductionSpeed"
		Side="Neutral"
		EditorSorting="SYSTEM"
		SelectPortrait="Portrait_NeutralCrate"
		ButtonImage="Button_ProductionSpeed"
		CommandSet="EmptyCommandSet"
		KindOf="UNSELECTABLE NO_COLLIDE IGNORE_FOR_VICTORY CANNOT_BE_DETECTED NOT_AUTOACQUIRABLE RESIST_EMP NOT_ON_RADAR"
		ProductionQueueType="AIRCRAFT"
		BuildCost="0"
		BuildTime="0"
		EditorName="MetaCreditShop"
		Description="Desc:MetaCreditShopInfiniteProductionSpeed"
		RadarPriority="NOT_ON_RADAR">
		<DisplayName>NAME:MetaCreditShopInfiniteProductionSpeed</DisplayName>
		<ArmorSet
			Armor="InvulnerableArmor" />
		<Draws>
		</Draws>
		<Behaviors>	
			<FireWeaponUpdate
				id="ModuleTag_FireWeaponUpdate"
				AliveOnly="true"
				ActiveWhenDisabled="true">
				<FireWeaponNugget
					WeaponName="InfiniteProductionSpeedWeapon"
					FireDelay="0.05s"
					OneShot="false" />
			</FireWeaponUpdate>	
 			<LifetimeUpdate
				id="ModuleTag_Lifetime"
				DeathType="FADED"
				MinLifetime="30.00s"
				MaxLifetime="30.00s" /> 		
		</Behaviors>
		<AI>
			<AIUpdate
				id="ModuleTag_AI"
				AutoAcquireEnemiesWhenIdle="NO"
				AILuaEventsList="MetaCreditShopInfiniteProductionSpeedEvent"/>
		</AI>
		<Body>
			<ActiveBody
				id="ModuleTag_Body"
				MaxHealth="1.0" />
		</Body>
		<Geometry
			IsSmall="true">
			<Shape
				Type="BOX"
				MajorRadius="0.0"
				MinorRadius="0.0"
				Height="0.0"
				Active="false"
				ContactPointGeneration="NONE">
				<Offset
					x="0"
					y="0"
					z="0" />
			</Shape>
		</Geometry>
	</GameObject>
	
	<GameObject
		id="MetaCreditShopConvertMCtoDollar"
		Side="Neutral"
		EditorSorting="SYSTEM"
		SelectPortrait="Portrait_NeutralCrate"
		ButtonImage="Button_MCtoDollar"
		CommandSet="EmptyCommandSet"
		KindOf="UNSELECTABLE NO_COLLIDE IGNORE_FOR_VICTORY CANNOT_BE_DETECTED NOT_AUTOACQUIRABLE RESIST_EMP NOT_ON_RADAR"
		ProductionQueueType="AIRCRAFT"
		BuildCost="0"
		BuildTime="0"
		EditorName="MetaCreditShop"
		Description="Desc:MetaCreditShopConvertMCtoDollar"
		RadarPriority="NOT_ON_RADAR">
		<DisplayName>NAME:MetaCreditShopConvertMCtoDollar</DisplayName>
		<ArmorSet
			Armor="InvulnerableArmor" />
		<Draws>
		</Draws>
		<Behaviors>	
 			<LifetimeUpdate
				id="ModuleTag_Lifetime"
				DeathType="FADED"
				MinLifetime="0.00s"
				MaxLifetime="0.00s" /> 		
		</Behaviors>
		<AI>
			<AIUpdate
				id="ModuleTag_AI"
				AutoAcquireEnemiesWhenIdle="NO"
				AILuaEventsList="MetaCreditShopConvertMCtoDollarEvent"/>
		</AI>
		<Body>
			<ActiveBody
				id="ModuleTag_Body"
				MaxHealth="1.0" />
		</Body>
		<Geometry
			IsSmall="true">
			<Shape
				Type="BOX"
				MajorRadius="0.0"
				MinorRadius="0.0"
				Height="0.0"
				Active="false"
				ContactPointGeneration="NONE">
				<Offset
					x="0"
					y="0"
					z="0" />
			</Shape>
		</Geometry>
	</GameObject>
	
	
	<GameObject
		id="MetaCreditShopRevealMap"
		Side="Neutral"
		EditorSorting="SYSTEM"
		SelectPortrait="Portrait_NeutralCrate"
		ButtonImage="Button_MapRevealerToggle"
		CommandSet="EmptyCommandSet"
		KindOf="UNSELECTABLE NO_COLLIDE IGNORE_FOR_VICTORY CANNOT_BE_DETECTED NOT_AUTOACQUIRABLE RESIST_EMP NOT_ON_RADAR"
		ProductionQueueType="AIRCRAFT"
		BuildCost="0"
		BuildTime="0"
		EditorName="MetaCreditShop"
		Description="Desc:MetaCreditShopRevealMap"
		RadarPriority="NOT_ON_RADAR">
		<DisplayName>NAME:MetaCreditShopRevealMap</DisplayName>
		<ArmorSet
			Armor="InvulnerableArmor" />
		<Draws>
		</Draws>
		<Behaviors>	
 			<LifetimeUpdate
				id="ModuleTag_Lifetime"
				DeathType="FADED"
				MinLifetime="10.00s"
				MaxLifetime="10.00s" /> 		
		</Behaviors>
		<AI>
			<AIUpdate
				id="ModuleTag_AI"
				AutoAcquireEnemiesWhenIdle="NO"
				AILuaEventsList="MetaCreditShopRevealMapEvent"/>
		</AI>
		<Body>
			<ActiveBody
				id="ModuleTag_Body"
				MaxHealth="1.0" />
		</Body>
		<Geometry
			IsSmall="true">
			<Shape
				Type="BOX"
				MajorRadius="0.0"
				MinorRadius="0.0"
				Height="0.0"
				Active="false"
				ContactPointGeneration="NONE">
				<Offset
					x="0"
					y="0"
					z="0" />
			</Shape>
		</Geometry>
		<VisionInfo
			VisionRange="0"
			ShroudClearingRange="13000" />
	</GameObject>
	
	<GameObject
		id="MetaCreditShopGetStatistics"
		Side="Neutral"
		EditorSorting="SYSTEM"
		SelectPortrait="Portrait_NeutralCrate"
		ButtonImage="Button_GetStatistics"
		CommandSet="EmptyCommandSet"
		KindOf="UNSELECTABLE NO_COLLIDE IGNORE_FOR_VICTORY CANNOT_BE_DETECTED NOT_AUTOACQUIRABLE RESIST_EMP NOT_ON_RADAR"
		ProductionQueueType="AIRCRAFT"
		BuildCost="0"
		BuildTime="0"
		EditorName="MetaCreditShop"
		Description="Desc:MetaCreditShopGetStatistics"
		RadarPriority="NOT_ON_RADAR">
		<DisplayName>NAME:MetaCreditShopGetStatistics</DisplayName>
		<ArmorSet
			Armor="InvulnerableArmor" />
		<Draws>
		</Draws>
		<Behaviors>	
 			<LifetimeUpdate
				id="ModuleTag_Lifetime"
				DeathType="FADED"
				MinLifetime="0.00s"
				MaxLifetime="0.00s" /> 		
		</Behaviors>
		<AI>
			<AIUpdate
				id="ModuleTag_AI"
				AutoAcquireEnemiesWhenIdle="NO"
				AILuaEventsList="MetaCreditShopGetStatisticsEvent"/>
		</AI>
		<Body>
			<ActiveBody
				id="ModuleTag_Body"
				MaxHealth="1.0" />
		</Body>
		<Geometry
			IsSmall="true">
			<Shape
				Type="BOX"
				MajorRadius="0.0"
				MinorRadius="0.0"
				Height="0.0"
				Active="false"
				ContactPointGeneration="NONE">
				<Offset
					x="0"
					y="0"
					z="0" />
			</Shape>
		</Geometry>
	</GameObject>
	
	<GameObject
		id="MetaCreditShopGuardShieldEmitter"
		Side="Neutral"
		EditorSorting="SYSTEM"
		SelectPortrait="Portrait_GDIWallHub"
		ButtonImage="Portrait_GDIWallHub"
		CommandSet="EmptyCommandSet"
		KindOf="NO_COLLIDE STRUCTURE"
		ProductionQueueType="AIRCRAFT"
		BuildPlacementTypeFlag="OTHER_STRUCTURE"	
		BuildInProximityToSamePlayerStucture="false"		
		BuildCost="0"
		BuildTime="0"
		EditorName="MetaCreditShop"
		Description="Desc:MetaCreditShopGuardShieldEmitter"
		RadarPriority="NOT_ON_RADAR">
		<DisplayName>Name:GuardShieldEmitter</DisplayName>
		<ArmorSet
			Armor="InvulnerableArmor" />
		<Draws>
			<ScriptedModelDraw
				id="ModuleTag_Draw"
				OkToChangeModelColor="true">
				<ModelConditionState
					ParseCondStateType="PARSE_DEFAULT">
					<Model
						Name="RallyFlag" />
				</ModelConditionState>
			</ScriptedModelDraw>
		</Draws>
		<Behaviors>	
 			<LifetimeUpdate
				id="ModuleTag_Lifetime"
				DeathType="FADED"
				MinLifetime="3.00s"
				MaxLifetime="3.00s" /> 		
		</Behaviors>
		<AI>
			<AIUpdate
				id="ModuleTag_AI"
				AutoAcquireEnemiesWhenIdle="NO"
				AILuaEventsList="MetaCreditShopGuardShieldEmitterEvent"/>
		</AI>
		<Body>
			<ActiveBody
				id="ModuleTag_Body"
				MaxHealth="1.0" />
		</Body>
		<Geometry
			IsSmall="true">
			<Shape
				Type="BOX"
				MajorRadius="0.0"
				MinorRadius="0.0"
				Height="0.0"
				Active="false"
				ContactPointGeneration="NONE">
				<Offset
					x="0"
					y="0"
					z="0" />
			</Shape>
		</Geometry>
	</GameObject>
	
	<GameObject
		id="MetaCreditShopBoostSelectedUnit"
		Side="Neutral"
		EditorSorting="SYSTEM"
		SelectPortrait="Portrait_NeutralCrate"
		ButtonImage="Button_BoostSelectedUnit"
		CommandSet="EmptyCommandSet"
		KindOf="UNSELECTABLE NO_COLLIDE IGNORE_FOR_VICTORY CANNOT_BE_DETECTED NOT_AUTOACQUIRABLE RESIST_EMP NOT_ON_RADAR"
		ProductionQueueType="AIRCRAFT"
		BuildCost="0"
		BuildTime="0"
		EditorName="MetaCreditShop"
		Description="Desc:MetaCreditShopBoostSelectedUnit"
		RadarPriority="NOT_ON_RADAR">
		<DisplayName>NAME:MetaCreditShopBoostSelectedUnit</DisplayName>
		<ArmorSet
			Armor="InvulnerableArmor" />
		<Draws>
		</Draws>
		<Behaviors>	
 			<LifetimeUpdate
				id="ModuleTag_Lifetime"
				DeathType="FADED"
				MinLifetime="0.00s"
				MaxLifetime="0.00s" /> 		
		</Behaviors>
		<AI>
			<AIUpdate
				id="ModuleTag_AI"
				AutoAcquireEnemiesWhenIdle="NO"
				AILuaEventsList="MetaCreditShopBoostSelectedUnitEvent"/>
		</AI>
		<Body>
			<ActiveBody
				id="ModuleTag_Body"
				MaxHealth="1.0" />
		</Body>
		<Geometry
			IsSmall="true">
			<Shape
				Type="BOX"
				MajorRadius="0.0"
				MinorRadius="0.0"
				Height="0.0"
				Active="false"
				ContactPointGeneration="NONE">
				<Offset
					x="0"
					y="0"
					z="0" />
			</Shape>
		</Geometry>
	</GameObject>
	
	<GameObject
		id="MetaCreditShopTimetravelFixpoint"
		Side="Neutral"
		EditorSorting="SYSTEM"
		SelectPortrait="Portrait_NeutralCrate"
		ButtonImage="Button_TimetravelFixpoint"
		CommandSet="EmptyCommandSet"
		KindOf="UNSELECTABLE NO_COLLIDE IGNORE_FOR_VICTORY CANNOT_BE_DETECTED NOT_AUTOACQUIRABLE RESIST_EMP NOT_ON_RADAR"
		ProductionQueueType="AIRCRAFT"
		BuildCost="0"
		BuildTime="0"
		EditorName="MetaCreditShop"
		Description="Desc:MetaCreditShopTimetravelFixpoint"
		RadarPriority="NOT_ON_RADAR">
		<DisplayName>NAME:MetaCreditShopTimetravelFixpoint</DisplayName>
		<ArmorSet
			Armor="InvulnerableArmor" />
		<Draws>
		</Draws>
		<Behaviors>	
 			<LifetimeUpdate
				id="ModuleTag_Lifetime"
				DeathType="FADED"
				MinLifetime="0.00s"
				MaxLifetime="0.00s" /> 		
		</Behaviors>
		<AI>
			<AIUpdate
				id="ModuleTag_AI"
				AutoAcquireEnemiesWhenIdle="NO"
				AILuaEventsList="MetaCreditShopTimetravelFixpointEvent"/>
		</AI>
		<Body>
			<ActiveBody
				id="ModuleTag_Body"
				MaxHealth="1.0" />
		</Body>
		<Geometry
			IsSmall="true">
			<Shape
				Type="BOX"
				MajorRadius="0.0"
				MinorRadius="0.0"
				Height="0.0"
				Active="false"
				ContactPointGeneration="NONE">
				<Offset
					x="0"
					y="0"
					z="0" />
			</Shape>
		</Geometry>
	</GameObject>
	
	<GameObject
		id="MetaCreditShopTimetravel"
		Side="Neutral"
		EditorSorting="SYSTEM"
		SelectPortrait="Portrait_NeutralCrate"
		ButtonImage="Button_Timetravel"
		CommandSet="EmptyCommandSet"
		KindOf="UNSELECTABLE NO_COLLIDE IGNORE_FOR_VICTORY CANNOT_BE_DETECTED NOT_AUTOACQUIRABLE RESIST_EMP NOT_ON_RADAR"
		ProductionQueueType="AIRCRAFT"
		BuildCost="0"
		BuildTime="0"
		EditorName="MetaCreditShop"
		Description="Desc:MetaCreditShopTimetravel"
		RadarPriority="NOT_ON_RADAR">
		<DisplayName>NAME:MetaCreditShopTimetravel</DisplayName>
		<ArmorSet
			Armor="InvulnerableArmor" />
		<Draws>
		</Draws>
		<Behaviors>	
 			<LifetimeUpdate
				id="ModuleTag_Lifetime"
				DeathType="FADED"
				MinLifetime="0.00s"
				MaxLifetime="0.00s" /> 		
		</Behaviors>
		<AI>
			<AIUpdate
				id="ModuleTag_AI"
				AutoAcquireEnemiesWhenIdle="NO"
				AILuaEventsList="MetaCreditShopTimetravelEvent"/>
		</AI>
		<Body>
			<ActiveBody
				id="ModuleTag_Body"
				MaxHealth="1.0" />
		</Body>
		<Geometry
			IsSmall="true">
			<Shape
				Type="BOX"
				MajorRadius="0.0"
				MinorRadius="0.0"
				Height="0.0"
				Active="false"
				ContactPointGeneration="NONE">
				<Offset
					x="0"
					y="0"
					z="0" />
			</Shape>
		</Geometry>
	</GameObject>
	
	<GameObject
		id="MetaCreditShopSpawnRandomUnitForce7"
		Side="Neutral"
		EditorSorting="SYSTEM"
		SelectPortrait="Portrait_NeutralCrate"
		ButtonImage="Button_SpawnRandomUnitForce"
		CommandSet="EmptyCommandSet"
		KindOf="NO_COLLIDE STRUCTURE"
		ProductionQueueType="AIRCRAFT"
		BuildPlacementTypeFlag="OTHER_STRUCTURE"	
		BuildInProximityToSamePlayerStucture="false"		
		BuildCost="0"
		BuildTime="0"
		EditorName="MetaCreditShop"
		Description="Desc:MetaCreditShopSpawnRandomUnitForce7"
		RadarPriority="NOT_ON_RADAR">
		<DisplayName>Name:MetaCreditShopSpawnRandomUnitForce7</DisplayName>
		<ArmorSet
			Armor="InvulnerableArmor" />
		<Draws>
			<ScriptedModelDraw
				id="ModuleTag_Draw"
				OkToChangeModelColor="true">
				<ModelConditionState
					ParseCondStateType="PARSE_DEFAULT">
					<Model
						Name="RallyFlag" />
				</ModelConditionState>
			</ScriptedModelDraw>
		</Draws>
		<Behaviors>	
 			<LifetimeUpdate
				id="ModuleTag_Lifetime"
				DeathType="FADED"
				MinLifetime="3.00s"
				MaxLifetime="3.00s" /> 		
		</Behaviors>
		<AI>
			<AIUpdate
				id="ModuleTag_AI"
				AutoAcquireEnemiesWhenIdle="NO"
				AILuaEventsList="MetaCreditShopSpawnRandomUnitForce7Event"/>
		</AI>
		<Body>
			<ActiveBody
				id="ModuleTag_Body"
				MaxHealth="1.0" />
		</Body>
		<Geometry
			IsSmall="true">
			<Shape
				Type="BOX"
				MajorRadius="0.0"
				MinorRadius="0.0"
				Height="0.0"
				Active="false"
				ContactPointGeneration="NONE">
				<Offset
					x="0"
					y="0"
					z="0" />
			</Shape>
		</Geometry>
	</GameObject>
	
	<GameObject
		id="MetaCreditShopRandomSquareDefense"
		Side="Neutral"
		EditorSorting="SYSTEM"
		SelectPortrait="Portrait_NeutralCrate"
		ButtonImage="Button_RandomSquareDefense"
		CommandSet="EmptyCommandSet"
		KindOf="NO_COLLIDE STRUCTURE"
		ProductionQueueType="AIRCRAFT"
		BuildPlacementTypeFlag="OTHER_STRUCTURE"		
		BuildInProximityToSamePlayerStucture="false"
		BuildCost="0"
		BuildTime="0"
		EditorName="MetaCreditShop"
		Description="Desc:MetaCreditShopRandomSquareDefense"
		RadarPriority="NOT_ON_RADAR">
		<DisplayName>NAME:MetaCreditShopRandomSquareDefense</DisplayName>
		<ArmorSet
			Armor="InvulnerableArmor" />
		<Draws>
			<ScriptedModelDraw
				id="ModuleTag_Draw"
				OkToChangeModelColor="true">
				<ModelConditionState
					ParseCondStateType="PARSE_DEFAULT">
					<Model
						Name="RallyFlag" />
				</ModelConditionState>
			</ScriptedModelDraw>
		</Draws>
		<Behaviors>	
 			<LifetimeUpdate
				id="ModuleTag_Lifetime"
				DeathType="FADED"
				MinLifetime="3.00s"
				MaxLifetime="3.00s" /> 		
		</Behaviors>
		<AI>
			<AIUpdate
				id="ModuleTag_AI"
				AutoAcquireEnemiesWhenIdle="NO"
				AILuaEventsList="MetaCreditShopRandomSquareDefenseEvent"/>
		</AI>
		<Body>
			<ActiveBody
				id="ModuleTag_Body"
				MaxHealth="1.0" />
		</Body>
		<Geometry
			IsSmall="true">
			<Shape
				Type="BOX"
				MajorRadius="0.0"
				MinorRadius="0.0"
				Height="0.0"
				Active="false"
				ContactPointGeneration="NONE">
				<Offset
					x="0"
					y="0"
					z="0" />
			</Shape>
		</Geometry>
	</GameObject>
	
	<GameObject
		id="MetaCreditShopRandomAntiGroundDefenseBlock"
		Side="Neutral"
		EditorSorting="SYSTEM"
		SelectPortrait="Portrait_NeutralCrate"
		ButtonImage="Button_RandomAntiGroundDefenseBlock"
		CommandSet="EmptyCommandSet"
		KindOf="NO_COLLIDE STRUCTURE"
		ProductionQueueType="AIRCRAFT"
		BuildPlacementTypeFlag="OTHER_STRUCTURE"		
		BuildInProximityToSamePlayerStucture="false"
		BuildCost="0"
		BuildTime="0"
		EditorName="MetaCreditShop"
		Description="Desc:MetaCreditShopRandomAntiGroundDefenseBlock"
		RadarPriority="NOT_ON_RADAR">
		<DisplayName>NAME:MetaCreditShopRandomAntiGroundDefenseBlock</DisplayName>
		<ArmorSet
			Armor="InvulnerableArmor" />
		<Draws>
			<ScriptedModelDraw
				id="ModuleTag_Draw"
				OkToChangeModelColor="true">
				<ModelConditionState
					ParseCondStateType="PARSE_DEFAULT">
					<Model
						Name="RallyFlag" />
				</ModelConditionState>
			</ScriptedModelDraw>
		</Draws>
		<Behaviors>	
 			<LifetimeUpdate
				id="ModuleTag_Lifetime"
				DeathType="FADED"
				MinLifetime="3.00s"
				MaxLifetime="3.00s" /> 		
		</Behaviors>
		<AI>
			<AIUpdate
				id="ModuleTag_AI"
				AutoAcquireEnemiesWhenIdle="NO"
				AILuaEventsList="MetaCreditShopRandomAntiGroundDefenseBlockEvent"/>
		</AI>
		<Body>
			<ActiveBody
				id="ModuleTag_Body"
				MaxHealth="1.0" />
		</Body>
		<Geometry
			IsSmall="true">
			<Shape
				Type="BOX"
				MajorRadius="0.0"
				MinorRadius="0.0"
				Height="0.0"
				Active="false"
				ContactPointGeneration="NONE">
				<Offset
					x="0"
					y="0"
					z="0" />
			</Shape>
		</Geometry>
	</GameObject>
	
	<GameObject
		id="MetaCreditShopRandomAntiAirDefenseBlock"
		Side="Neutral"
		EditorSorting="SYSTEM"
		SelectPortrait="Portrait_NeutralCrate"
		ButtonImage="Button_RandomAntiAirDefenseBlock"
		CommandSet="EmptyCommandSet"
		KindOf="NO_COLLIDE STRUCTURE"
		ProductionQueueType="AIRCRAFT"
		BuildPlacementTypeFlag="OTHER_STRUCTURE"		
		BuildInProximityToSamePlayerStucture="false"
		BuildCost="0"
		BuildTime="0"
		EditorName="MetaCreditShop"
		Description="Desc:MetaCreditShopRandomAntiAirDefenseBlock"
		RadarPriority="NOT_ON_RADAR">
		<DisplayName>NAME:MetaCreditShopRandomAntiAirDefenseBlock</DisplayName>
		<ArmorSet
			Armor="InvulnerableArmor" />
		<Draws>
			<ScriptedModelDraw
				id="ModuleTag_Draw"
				OkToChangeModelColor="true">
				<ModelConditionState
					ParseCondStateType="PARSE_DEFAULT">
					<Model
						Name="RallyFlag" />
				</ModelConditionState>
			</ScriptedModelDraw>
		</Draws>
		<Behaviors>	
 			<LifetimeUpdate
				id="ModuleTag_Lifetime"
				DeathType="FADED"
				MinLifetime="3.00s"
				MaxLifetime="3.00s" /> 		
		</Behaviors>
		<AI>
			<AIUpdate
				id="ModuleTag_AI"
				AutoAcquireEnemiesWhenIdle="NO"
				AILuaEventsList="MetaCreditShopRandomAntiAirDefenseBlockEvent"/>
		</AI>
		<Body>
			<ActiveBody
				id="ModuleTag_Body"
				MaxHealth="1.0" />
		</Body>
		<Geometry
			IsSmall="true">
			<Shape
				Type="BOX"
				MajorRadius="0.0"
				MinorRadius="0.0"
				Height="0.0"
				Active="false"
				ContactPointGeneration="NONE">
				<Offset
					x="0"
					y="0"
					z="0" />
			</Shape>
		</Geometry>
	</GameObject>
	
	<GameObject
		id="MetaCreditShopBet"
		Side="Neutral"
		EditorSorting="SYSTEM"
		SelectPortrait="Portrait_NeutralCrate"
		ButtonImage="Button_Bet"
		CommandSet="EmptyCommandSet"
		KindOf="UNSELECTABLE NO_COLLIDE IGNORE_FOR_VICTORY CANNOT_BE_DETECTED NOT_AUTOACQUIRABLE RESIST_EMP NOT_ON_RADAR"
		ProductionQueueType="AIRCRAFT"
		BuildCost="0"
		BuildTime="0"
		EditorName="MetaCreditShop"
		Description="Desc:MetaCreditShopBet"
		RadarPriority="NOT_ON_RADAR">
		<DisplayName>NAME:MetaCreditShopBet</DisplayName>
		<ArmorSet
			Armor="InvulnerableArmor" />
		<Draws>
		</Draws>
		<Behaviors>	
 			<LifetimeUpdate
				id="ModuleTag_Lifetime"
				DeathType="FADED"
				MinLifetime="0.00s"
				MaxLifetime="0.00s" /> 		
		</Behaviors>
		<AI>
			<AIUpdate
				id="ModuleTag_AI"
				AutoAcquireEnemiesWhenIdle="NO"
				AILuaEventsList="MetaCreditShopBetEvent"/>
		</AI>
		<Body>
			<ActiveBody
				id="ModuleTag_Body"
				MaxHealth="1.0" />
		</Body>
		<Geometry
			IsSmall="true">
			<Shape
				Type="BOX"
				MajorRadius="0.0"
				MinorRadius="0.0"
				Height="0.0"
				Active="false"
				ContactPointGeneration="NONE">
				<Offset
					x="0"
					y="0"
					z="0" />
			</Shape>
		</Geometry>
	</GameObject>
	
	<GameObject
		id="MetaCreditShopSlowDownEnemy"
		Side="Neutral"
		EditorSorting="SYSTEM"
		CommandSet="EmptyCommandSet"
		KindOf="UNATTACKABLE IGNORES_SELECT_ALL NO_COLLIDE IGNORE_FOR_VICTORY CANNOT_BE_DETECTED NOT_AUTOACQUIRABLE RESIST_EMP NOT_ON_RADAR"
		RadarPriority="NOT_ON_RADAR"
		SelectPortrait="Portrait_NeutralCrate"
		ButtonImage="Button_SlowDownEnemy"
		ProductionQueueType="AIRCRAFT"
		BuildCost="0"
		BuildTime="0"
		EditorName="MetaCreditShop"
		Description="Desc:MetaCreditShopSlowDownEnemy"
		ForceLuaRegistration="True">
		<DisplayName>NAME:MetaCreditShopSlowDownEnemy</DisplayName>
		<ArmorSet
			Armor="InvulnerableArmor" />
		<Draws>
		</Draws>
		<Behaviors>	
<!--  			<LifetimeUpdate
				id="ModuleTag_Lifetime"
				DeathType="FADED"
				MinLifetime="28.00s"
				MaxLifetime="28.00s" /> 		
			<AttributeModifierPoolUpdate
				id="DefaultAttributeModifierPoolUpdate"/>
			<AttributeModifierAuraUpdate
				id="ModuleTag_AttributeModifierAura" 
				InitiallyActive="true"
				AttributeModifierName="AttributeModifier_SlowDown"
				RefreshDelay="0.05s"
				AllowSelf="false"
				Range="13000"
				TargetEnemy="true"
				AffectContainedOnly="false">
				<ObjectFilter
					Rule="ANY"
					Relationship="NEUTRAL ENEMIES"
					Include="INFANTRY VEHICLE"
					Exclude="" />
			</AttributeModifierAuraUpdate>		 -->	
 			<LifetimeUpdate
				id="ModuleTag_Lifetime"
				DeathType="FADED"
				MinLifetime="0.00s"
				MaxLifetime="0.00s" /> 				
		</Behaviors>
		<AI>
			<AIUpdate
				id="ModuleTag_AI"
				AutoAcquireEnemiesWhenIdle="NO"
				AILuaEventsList="MetaCreditShopSlowDownEnemyEvent"/>
		</AI>
		<Body>
			<ActiveBody
				id="ModuleTag_Body"
				MaxHealth="1.0" />
		</Body>
		<VisionInfo
			VisionRange="13000"
			ShroudClearingRange="0" />
	</GameObject>
	
	<GameObject
		id="MetaCreditShopBuildAnywhere"
		Side="Neutral"
		EditorSorting="SYSTEM"
		CommandSet="EmptyCommandSet"
		KindOf="UNATTACKABLE IGNORES_SELECT_ALL NO_COLLIDE IGNORE_FOR_VICTORY CANNOT_BE_DETECTED NOT_AUTOACQUIRABLE RESIST_EMP NOT_ON_RADAR"
		ButtonImage="Button_BuildAnywhere"
		RadarPriority="NOT_ON_RADAR"
		ProductionQueueType="AIRCRAFT"
		BuildCost="0"
		BuildTime="0"
		EditorName="MetaCreditShop"
		Description="Desc:MetaCreditShopBuildAnywhere"
		ForceLuaRegistration="True">
		<DisplayName>NAME:MetaCreditShopBuildAnywhere</DisplayName>
		<ArmorSet
			Armor="InvulnerableArmor" />
		<Draws>
		</Draws>
		<Behaviors>	
 			<LifetimeUpdate
				id="ModuleTag_Lifetime"
				DeathType="FADED"
				MinLifetime="30.00s"
				MaxLifetime="30.00s" /> 
		</Behaviors>
		<AI>
			<AIUpdate
				id="ModuleTag_AI"
				AutoAcquireEnemiesWhenIdle="NO"
				AILuaEventsList="MetaCreditShopBuildAnywhereEvent"/>
		</AI>
		<Body>
			<ActiveBody
				id="ModuleTag_Body"
				MaxHealth="1.0" />
		</Body>
		<VisionInfo
			VisionRange="13000"
			ShroudClearingRange="0" />
		<ProjectedBuildabilityInfo
			Radius="13000"
			BuildPlacementTypes="MAIN_STRUCTURE OTHER_STRUCTURE TIBERIUM_FIELD INVALID"/>
	</GameObject>
	
</AssetDeclaration>