<?xml version="1.0" encoding="us-ascii"?>
<AssetDeclaration xmlns="uri:ea.com:eala:asset" xmlns:xsi="http://www.w3.org/2001/XMLSchema-instance" xmlns:xi="http://www.w3.org/2001/XInclude" xmlns:xai="uri:ea.com:eala:asset:instance">
	<Tags></Tags>
	<Includes>
	</Includes>

	<GameObject
		id="MetaControlDummyMain"
		Side="Neutral"
		EditorSorting="UNIT"
		CommandSet="MetaControlDummyMainCommandSet"
		KindOf="UNSELECTABLE NO_COLLIDE IGNORE_FOR_VICTORY CANNOT_BE_DETECTED NOT_AUTOACQUIRABLE RESIST_EMP NOT_ON_RADAR AIRCRAFT"
		RadarPriority="NOT_ON_RADAR"
		EditorName="GenericCrateSpawner">
		<LocomotorSet
			Locomotor="MetaControlDummyLocomotor"
			Condition="NORMAL"
			Speed="1" />
		<DisplayName>GenericCrateSpawner</DisplayName>
		<ArmorSet
			Armor="NoArmor" />
		<Draws>
		</Draws>
		<Behaviors>	
			<SlowDeath
				id="ModuleTag_Death"
				DestructionDelay="0s">
				<DieMuxData
					DeathTypes="ALL" />
			</SlowDeath>
			<OCLSpecialPower
				id="ModuleTag_MetaControlGlobalDeactivate1"
				SpecialPowerTemplate="SpecialPower_MetaControlGlobalDeactivate"
				OCL="OCL_GlobalDeactivator"
				CreateLocation="CREATE_AT_EDGE_NEAR_SOURCE" 
			/>
			<OCLSpecialPower
				id="ModuleTag_DeactivateMetaControl"
				SpecialPowerTemplate="SpecialPower_DeactivateMetaControl"
				OCL="OCL_DeactivateMetaControl"
				CreateLocation="CREATE_AT_EDGE_NEAR_SOURCE" 
			/>		
			<OCLSpecialPower
				id="ModuleTag_ExternalLuaScript"
				SpecialPowerTemplate="SpecialPower_ExternalLuaScript"
				OCL="OCL_LuaScriptRunner"
				CreateLocation="CREATE_AT_LOCATION" 
			/>			
			<OCLSpecialPower
				id="ModuleTag_RiftGen"
				SpecialPowerTemplate="SpecialPower_RiftGen"
				OCL="OCL_RiftGeneratorWeaponObject"  
				CreateLocation="CREATE_AT_LOCATION" 
			/>
			<OCLSpecialPower
				id="ModuleTag_Money5k"
				SpecialPowerTemplate="SpecialPower_Money5k"
				OCL="OCL_Money5k"
				CreateLocation="CREATE_AT_LOCATION" 
			/>
			<OCLSpecialPower
				id="ModuleTag_AIBoostToggle"
				SpecialPowerTemplate="SpecialPower_AIBoostToggle"
				OCL="OCL_AIBoost"
				CreateLocation="CREATE_AT_LOCATION" 
			/>
			<OCLSpecialPower
				id="ModuleTag_EnemyAIOFF"
				SpecialPowerTemplate="SpecialPower_EnemyAIOFF"
				OCL="OCL_MetaControlDummyEnemyAIOFFToggler"
				CreateLocation="CREATE_AT_LOCATION" 
			/>
			<OCLSpecialPower
				id="ModuleTag_EveryAIOFF"
				SpecialPowerTemplate="SpecialPower_EveryAIOFF"
				OCL="OCL_MetaControlDummyEveryAIOFFToggler"
				CreateLocation="CREATE_AT_LOCATION" 
			/>
			<OCLSpecialPower
				id="ModuleTag_MapRevealerToggle"
				SpecialPowerTemplate="SpecialPower_MapRevealerToggle"
				OCL="OCL_MetaControlDummyMapRevealerToggler"
				CreateLocation="CREATE_AT_LOCATION" 
			/>
			<InvisibilityUpdate
				id="ModuleTag_Invisibility"
				UpdatePeriod="1s"
				Options="STARTS_ACTIVE">
			</InvisibilityUpdate>
		</Behaviors>
		<AI>
			<AIUpdate
				id="ModuleTag_AI"
				AutoAcquireEnemiesWhenIdle="NO"/>
		</AI>
		<Body>
			<ActiveBody
				id="ModuleTag_Body"
				MaxHealth="999999.0" />
		</Body>
		<Geometry
			IsSmall="true">
			<Shape
				Type="CYLINDER"
				MajorRadius="1.0"
				Height="1.0"/>
		</Geometry>
		<VisionInfo
			VisionRange="0"
			ShroudClearingRange="0" />
	</GameObject>
	
	<GameObject
		id="MetaControlDummyActivator"
		Side="Neutral"
		EditorSorting="UNIT"
		CommandSet="MetaControlDummyActivatorCommandSet"
		KindOf="UNSELECTABLE NO_COLLIDE IGNORE_FOR_VICTORY CANNOT_BE_DETECTED NOT_AUTOACQUIRABLE RESIST_EMP NOT_ON_RADAR AIRCRAFT"
		RadarPriority="NOT_ON_RADAR"
		SelectPortrait="Button_ActivateMetaControl"
		ButtonImage="Button_ActivateMetaControl"
		ProductionQueueType="AIRCRAFT"
		BuildTime="0"
		BuildCost="0"
		EditorName="GenericCrateSpawner">
		<DisplayName>NAME:ActivateMetaControl</DisplayName>
		<LocomotorSet
			Locomotor="MetaControlDummyLocomotor"
			Condition="NORMAL"
			Speed="1" />
		<ArmorSet
			Armor="NoArmor" />
		<Draws>
		</Draws>
		<Behaviors>	
			<SlowDeath
				id="ModuleTag_Death"
				DestructionDelay="0s">
				<DieMuxData
					DeathTypes="ALL" />
			</SlowDeath>
			<OCLSpecialPower
				id="ModuleTag_MetaControlGlobalDeactivate2"
				SpecialPowerTemplate="SpecialPower_MetaControlGlobalDeactivate"
				OCL="OCL_GlobalDeactivator"
				CreateLocation="CREATE_AT_EDGE_NEAR_SOURCE" 
			/>
			<OCLSpecialPower
				id="ModuleTag_ActivateMetaControl"
				SpecialPowerTemplate="SpecialPower_ActivateMetaControl"
				OCL="OCL_ActivateMetaControl"
				CreateLocation="CREATE_AT_EDGE_NEAR_SOURCE" 
			/>
			<InvisibilityUpdate
				id="ModuleTag_Invisibility"
				UpdatePeriod="1s"
				Options="STARTS_ACTIVE">
			</InvisibilityUpdate>
		</Behaviors>
		<AI>
			<AIUpdate
				id="ModuleTag_AI"
				AutoAcquireEnemiesWhenIdle="NO"/>
		</AI>
		<Body>
			<ActiveBody
				id="ModuleTag_Body"
				MaxHealth="999999.0" />
		</Body>
		<Geometry
			IsSmall="true">
			<Shape
				Type="CYLINDER"
				MajorRadius="1.0"
				Height="1.0"/>
		</Geometry>
		<VisionInfo
			VisionRange="0"
			ShroudClearingRange="0" />
	</GameObject>
	
	<GameObject
		id="MetaControlDummyActivatorDelayer"
		Side="Neutral"
		EditorSorting="UNIT"
		CommandSet="EmptyCommandSet"
		KindOf="UNATTACKABLE UNSELECTABLE NO_COLLIDE IGNORE_FOR_VICTORY CANNOT_BE_DETECTED NOT_AUTOACQUIRABLE RESIST_EMP NOT_ON_RADAR"
		RadarPriority="NOT_ON_RADAR"
		EditorName="GenericCrateSpawner">
		<DisplayName>GenericCrateSpawner</DisplayName>
		<ArmorSet
			Armor="NoArmor" />
		<Draws>
		</Draws>
		<Behaviors>	
			<LifetimeUpdate
				id="ModuleTag_Lifetime"
				DeathType="FADED"
				MinLifetime="0.4s"
				MaxLifetime="0.4s" />
			<InvisibilityUpdate
				id="ModuleTag_Invisibility"
				UpdatePeriod="1s"
				Options="STARTS_ACTIVE">
			</InvisibilityUpdate>
			<CreateObjectDie
				id="ModuleTag_MetaControlDummyActivator"
				CreationList="OCL_MetaControlDummyActivator"
				UpgradeForbidden="">
				<DieMuxData
					DeathTypes="FADED"/>
			</CreateObjectDie>
		</Behaviors>
		<AI>
			<AIUpdate
				id="ModuleTag_AI"
				AutoAcquireEnemiesWhenIdle="NO"
				AILuaEventsList="ActivatorSpawnerEvent"/>
		</AI>
		<Body>
			<ActiveBody
				id="ModuleTag_Body"
				MaxHealth="999999.0" />
		</Body>
		<Geometry
			IsSmall="true">
			<Shape
				Type="CYLINDER"
				MajorRadius="1.0"
				Height="1.0"/>
		</Geometry>
		<VisionInfo
			VisionRange="0"
			ShroudClearingRange="0" />
	</GameObject>
	
	<GameObject
		id="MetaControlDummyDeactivateActivator"
		Side="Neutral"
		EditorSorting="UNIT"
		KindOf="NO_COLLIDE INERT IGNORE_FOR_VICTORY CANNOT_BE_DETECTED NOT_AUTOACQUIRABLE RESIST_EMP NOT_ON_RADAR"
		RadarPriority="NOT_ON_RADAR"
		EditorName="GenericCrateSpawner">
		<DisplayName>GenericCrateSpawner</DisplayName>
		<ArmorSet
			Armor="NoArmor" />
		<Draws>
		</Draws>
		<Behaviors>	
			<SlowDeath
				id="ModuleTag_Death"
				DestructionDelay="0s">
				<DieMuxData
					DeathTypes="ALL" />
			</SlowDeath>
			<FireWeaponUpdate
				id="ModuleTag_FireWeaponUpdate">
				<FireWeaponNugget
					WeaponName="MetaControlsDeactivateActivatorWeapon"
					FireDelay="0s"
					OneShot="false" />
			</FireWeaponUpdate>			
			<LifetimeUpdate
				id="ModuleTag_Lifetime"
				DeathType="FADED"
				MinLifetime="0.5s"
				MaxLifetime="0.5s" />
		</Behaviors>
		<AI>
			<AIUpdate
				id="ModuleTag_AI"
				AutoAcquireEnemiesWhenIdle="YES">
			</AIUpdate>
		</AI>
		<Body>
			<ActiveBody
				id="ModuleTag_Body"
				MaxHealth="999999.0" />
		</Body>
		<Geometry
			IsSmall="true">
			<Shape
				Type="CYLINDER"
				MajorRadius="1.0"
				Height="1.0"/>
		</Geometry>
		<VisionInfo
			VisionRange="0"
			ShroudClearingRange="0" />
	</GameObject>
	
	<GameObject
		id="MetaControlDummyDeActivator"
		Side="Neutral"
		EditorSorting="UNIT"
		KindOf="NO_COLLIDE INERT IGNORE_FOR_VICTORY CANNOT_BE_DETECTED NOT_AUTOACQUIRABLE RESIST_EMP NOT_ON_RADAR"
		RadarPriority="NOT_ON_RADAR"
		EditorName="GenericCrateSpawner">
		<DisplayName>GenericCrateSpawner</DisplayName>
		<ArmorSet
			Armor="NoArmor" />
		<Draws>
		</Draws>
		<Behaviors>	
			<SlowDeath
				id="ModuleTag_Death"
				DestructionDelay="0s">
				<DieMuxData
					DeathTypes="ALL" />
			</SlowDeath>
			<FireWeaponUpdate
				id="ModuleTag_FireWeaponUpdate">
				<FireWeaponNugget
					WeaponName="MetaControlDeActivatorWeapon"
					FireDelay="0s"
					OneShot="false" />
			</FireWeaponUpdate>		
			<LifetimeUpdate
				id="ModuleTag_Lifetime"
				DeathType="FADED"
				MinLifetime="0.5s"
				MaxLifetime="0.5s" />
		</Behaviors>
		<AI>
			<AIUpdate
				id="ModuleTag_AI"
				AutoAcquireEnemiesWhenIdle="YES">
			</AIUpdate>
		</AI>
		<Body>
			<ActiveBody
				id="ModuleTag_Body"
				MaxHealth="999999.0" />
		</Body>
		<Geometry
			IsSmall="true">
			<Shape
				Type="CYLINDER"
				MajorRadius="1.0"
				Height="1.0"/>
		</Geometry>
		<VisionInfo
			VisionRange="0"
			ShroudClearingRange="0" />
	</GameObject>
	
	<GameObject
		id="MetaControlDummyGlobalDeactivator"
		Side="Neutral"
		EditorSorting="UNIT"
		KindOf="NO_COLLIDE IGNORE_FOR_VICTORY CANNOT_BE_DETECTED NOT_AUTOACQUIRABLE RESIST_EMP NOT_ON_RADAR"
		RadarPriority="NOT_ON_RADAR"
		SelectPortrait="Portrait_NeutralCrate"
		ButtonImage="Button_MetaControlGlobalDeactivate"
		ProductionQueueType="AIRCRAFT"
		BuildTime="0"
		BuildCost="0"
		Description="DESC:DummyGlobalDeactivator"
		EditorName="GenericCrateSpawner">
		<DisplayName>NAME:DummyGlobalDeactivator</DisplayName>
		<ArmorSet
			Armor="NoArmor" />
		<Draws>
		</Draws>
		<Behaviors>	
			<SlowDeath
				id="ModuleTag_Death"
				DestructionDelay="0s">
				<DieMuxData
					DeathTypes="ALL" />
			</SlowDeath>
<!-- 			<FireWeaponUpdate
				id="ModuleTag_FireWeaponUpdate">
				<FireWeaponNugget
					WeaponName="MetaControlGlobalDeactivatorWeapon"
					FireDelay="0s"
					OneShot="false" />
			</FireWeaponUpdate>	 -->	
			<LifetimeUpdate
				id="ModuleTag_Lifetime"
				DeathType="FADED"
				MinLifetime="0.01s"
				MaxLifetime="0.01s" />
		</Behaviors>
		<AI>
			<AIUpdate
				id="ModuleTag_AI"
				AutoAcquireEnemiesWhenIdle="NO"
                AILuaEventsList="DisableMetaModMenusEvent"/>
		</AI>		
		<Body>
			<ActiveBody
				id="ModuleTag_Body"
				MaxHealth="999999.0" />
		</Body>
		<Geometry
			IsSmall="true">
			<Shape
				Type="CYLINDER"
				MajorRadius="1.0"
				Height="1.0"/>
		</Geometry>
		<VisionInfo
			VisionRange="0"
			ShroudClearingRange="0" />
	</GameObject>
	
</AssetDeclaration>